,5rm2_A_fpocket,5rm2_B_fpocket,5rm2_A_p2rank,5rm2_B_p2rank,IoMIN,Common_residues
802,17,17,7,9,1.0,"243,245,277,279,428,432,433,435"
395,4,5,18,15,1.0,"165,167,173,174,176,202,207,209,484"
24,1,1,16,10,1.0,"233,234,382,386,389,390"
810,17,26,7,9,1.0,"243,245,277,279,428,432,433,435"
389,4,4,18,15,1.0,"165,167,173,174,176,202,207,209,484"
896,25,25,8,11,1.0,"44,45,48,65,68,70,90,91,92"
4,1,1,3,3,0.9287,"139,142,143,230,309,310,361,378,380,382,383,407,408"
9,1,1,4,7,0.9165,"120,123,124,134,135,138,380,381,409,421,422"
51,1,3,4,7,0.9165,"120,123,124,134,135,138,380,381,409,421,422"
312,3,2,1,2,0.905,"284,288,289,312,313,316,317,320,374,375,377,400,401,404,443,537,538,540,567"
324,3,3,1,2,0.905,"284,288,289,312,313,316,317,320,374,375,377,400,401,404,443,537,538,540,567"
477,6,6,10,12,0.9,"4,6,21,23,24,129,136,234,235"
433,4,24,18,15,0.8887,"165,167,173,174,176,202,207,209"
890,24,24,18,15,0.8887,"165,167,173,174,176,202,207,209"
847,22,22,9,5,0.8887,"261,264,265,286,287,290,438,442"
868,24,5,18,15,0.8887,"165,167,173,174,176,202,207,209"
864,24,4,18,15,0.8887,"165,167,173,174,176,202,207,209"
651,12,12,14,13,0.875,"124,128,131,240,424,427,428"
12,1,1,5,3,0.8335,"139,142,143,146,179,180,181,228,408,410"
54,1,3,5,3,0.8335,"139,142,143,146,179,180,181,228,408,410"
46,1,3,3,3,0.7856,"139,142,143,309,310,378,380,382,383,407,408"
886,24,21,18,15,0.778,"165,167,173,174,176,202,209"
429,4,21,18,15,0.778,"165,167,173,174,176,202,209"
508,7,11,6,4,0.769,"281,402,403,419,429,430,433,434,456,458"
496,7,7,6,4,0.769,"281,402,403,419,429,430,433,434,456,458"
804,17,17,7,14,0.75,"243,245,271,275,432,435"
812,17,26,7,14,0.75,"243,245,271,275,432,435"
486,6,28,10,12,0.7,"21,23,24,129,136,234,235"
188,2,2,2,1,0.6924,"177,178,179,406,407,408,409,412,415,416,417,516,532,534,553,554,557,560"
834,22,2,1,6,0.6665,"287,290,320,442"
837,22,2,9,6,0.6665,"286,287,290,442"
315,3,2,1,6,0.6665,"287,290,320,540"
845,22,22,1,6,0.6665,"287,290,320,442"
848,22,22,9,6,0.6665,"286,287,290,442"
327,3,3,1,6,0.6665,"287,290,320,540"
785,17,11,7,9,0.625,"279,428,432,433,435"
264,2,10,2,1,0.577,"177,178,179,406,407,408,409,412,415,416,417,553,554,557,560"
836,22,2,9,5,0.5557,"286,287,290,438,442"
851,22,23,9,5,0.5557,"264,265,286,287,438"
703,13,13,6,4,0.5386,"281,402,403,419,429,430,456"
696,13,11,6,4,0.5386,"281,402,403,419,429,430,456"
524,7,13,6,4,0.5386,"281,402,403,419,429,430,456"
682,13,7,6,4,0.5386,"281,402,403,419,429,430,456"
221,2,3,13,3,0.5,"309,310,375,378,408"
98,1,8,3,3,0.5,"309,310,361,378,380,407,408"
22,1,1,16,3,0.5,"233,382,386"
842,22,3,9,6,0.5,"286,287,290"
358,3,22,1,6,0.5,"287,290,320"
840,22,3,1,6,0.5,"287,290,320"
205,2,2,13,3,0.5,"309,310,375,378,408"
360,3,22,9,6,0.5,"286,287,290"
320,3,2,9,6,0.5,"286,287,290"
262,2,8,13,3,0.5,"309,310,375,378,408"
332,3,3,9,6,0.5,"286,287,290"
748,14,14,2,1,0.476,"177,179,412,485,514,515,516,532,553,554"
331,3,3,9,5,0.4443,"286,287,290,438"
359,3,22,9,5,0.4443,"286,287,290,438"
922,29,5,18,15,0.4443,"167,173,202,484"
919,29,4,18,15,0.4443,"167,173,202,484"
544,8,25,8,11,0.4443,"65,90,91,92"
935,29,29,18,15,0.4443,"167,173,202,484"
542,8,8,8,11,0.4443,"65,90,91,92"
841,22,3,9,5,0.4443,"286,287,290,438"
894,25,8,8,11,0.4443,"65,90,91,92"
319,3,2,9,5,0.4443,"286,287,290,438"
436,4,29,18,15,0.4443,"167,173,202,484"
174,2,1,3,3,0.4285,"309,310,361,378,407,408"
31,1,2,3,3,0.4285,"309,310,361,378,407,408"
192,2,2,3,3,0.4285,"309,310,361,378,407,408"
732,14,6,2,1,0.4285,"177,179,412,485,514,515,516,532,554"
251,2,8,3,3,0.4285,"309,310,361,378,407,408"
247,2,8,2,1,0.423,"177,178,179,406,407,408,409,532,534,554,560"
231,2,6,2,1,0.423,"177,178,179,408,409,412,516,532,534,554,560"
179,2,1,5,3,0.4167,"179,180,181,408,410"
119,1,10,5,3,0.4167,"179,180,181,408,410"
216,2,3,5,3,0.4167,"179,180,181,408,410"
144,1,15,5,3,0.4167,"142,143,146,180,410"
197,2,2,5,3,0.4167,"179,180,181,408,410"
36,1,2,5,3,0.4167,"179,180,181,408,410"
272,2,10,5,3,0.4167,"179,180,181,408,410"
110,1,8,13,3,0.4,"309,310,378,408"
469,6,1,10,12,0.4,"21,136,234,235"
185,2,1,13,3,0.4,"309,310,378,408"
41,1,2,13,3,0.4,"309,310,378,408"
19,1,1,13,3,0.4,"309,310,378,408"
60,1,3,13,3,0.4,"309,310,378,408"
491,7,2,6,4,0.3845,"281,402,403,419,429"
674,13,2,6,4,0.3845,"281,402,403,419,429"
623,12,1,14,13,0.375,"124,131,424"
787,17,11,7,14,0.375,"271,432,435"
777,17,7,7,9,0.375,"428,432,433"
662,12,26,7,9,0.375,"277,428,432"
62,1,3,14,13,0.375,"124,131,424"
656,12,17,7,9,0.375,"277,428,432"
646,12,12,7,9,0.375,"277,428,432"
629,12,3,14,13,0.375,"124,131,424"
511,7,11,7,9,0.375,"428,432,433"
791,17,12,7,9,0.375,"277,428,432"
21,1,1,14,13,0.375,"124,131,424"
499,7,7,7,9,0.375,"428,432,433"
128,1,12,14,13,0.375,"124,131,424"
537,7,26,7,9,0.375,"428,432,433"
528,7,17,7,9,0.375,"428,432,433"
212,2,3,3,3,0.3572,"309,310,378,407,408"
208,2,3,2,1,0.3462,"177,178,179,406,407,408,409,417,534"
118,1,10,5,1,0.3333,"179,180,408,410"
178,2,1,5,1,0.3333,"179,180,408,410"
271,2,10,5,1,0.3333,"179,180,408,410"
139,1,14,16,10,0.3333,"386,389"
238,2,6,5,1,0.3333,"179,180,408,410"
206,2,3,1,2,0.3333,"312,313,375,377,404,537,538"
186,2,2,1,2,0.3333,"312,313,375,377,404,537,538"
196,2,2,5,1,0.3333,"179,180,408,410"
239,2,6,5,3,0.3333,"179,180,408,410"
215,2,3,5,1,0.3333,"179,180,408,410"
543,8,9,8,11,0.3333,"90,91,92"
550,9,9,18,15,0.3333,"202,207,209"
844,22,22,1,5,0.3333,"287,290,442"
833,22,2,1,5,0.3333,"287,290,442"
712,14,2,2,1,0.3333,"177,179,412,516,532,553,554"
53,1,3,5,1,0.3333,"179,180,408,410"
852,22,23,9,6,0.3333,"286,287"
554,9,24,18,15,0.3333,"202,207,209"
872,24,9,18,15,0.3333,"202,207,209"
548,9,5,18,15,0.3333,"202,207,209"
546,9,4,18,15,0.3333,"202,207,209"
166,1,28,16,10,0.3333,"233,234"
893,24,29,18,15,0.3333,"167,173,202"
11,1,1,5,1,0.3333,"179,180,408,410"
85,1,6,5,1,0.3333,"179,180,408,410"
86,1,6,5,3,0.3333,"179,180,408,410"
409,4,9,18,15,0.3333,"202,207,209"
364,3,23,9,6,0.3333,"286,287"
363,3,23,9,5,0.3333,"286,287,438"
895,25,9,8,11,0.3333,"90,91,92"
930,29,21,18,15,0.3333,"167,173,202"
932,29,24,18,15,0.3333,"167,173,202"
35,1,2,5,1,0.3333,"179,180,408,410"
318,3,2,6,4,0.3076,"281,402,403,429"
678,13,3,6,4,0.3076,"281,402,403,429"
330,3,3,6,4,0.3076,"281,402,403,429"
525,7,17,6,4,0.3076,"429,433,434,456"
493,7,3,6,4,0.3076,"281,402,403,429"
352,3,13,6,4,0.3076,"281,402,403,429"
349,3,11,6,4,0.3076,"281,402,403,429"
339,3,7,6,4,0.3076,"281,402,403,429"
170,2,1,2,1,0.3076,"177,178,179,406,407,408,409,417"
0,1,1,2,1,0.3076,"177,178,179,406,407,408,409,417"
42,1,3,2,1,0.3076,"177,178,179,406,407,408,409,417"
111,1,10,2,1,0.3076,"177,178,179,406,407,408,409,417"
27,1,2,2,1,0.3076,"177,178,179,406,407,408,409,417"
164,1,28,10,12,0.3,"136,234,235"
88,1,6,10,12,0.3,"136,234,235"
770,16,16,10,12,0.3,"21,23,136"
771,16,28,10,12,0.3,"21,23,136"
391,4,5,2,15,0.3,"176,202,484"
385,4,4,2,15,0.3,"176,202,484"
346,3,8,13,3,0.3,"310,375,378"
766,16,6,10,12,0.3,"21,23,136"
335,3,3,13,3,0.3,"310,375,378"
768,16,13,10,12,0.3,"21,23,136"
323,3,2,13,3,0.3,"310,375,378"
14,1,1,10,12,0.3,"136,234,235"
482,6,13,10,12,0.3,"21,23,136"
483,6,16,10,12,0.3,"21,23,136"
16,1,1,12,3,0.2856,"309,361"
107,1,8,12,3,0.2856,"309,361"
258,2,8,12,3,0.2856,"309,361"
38,1,2,12,3,0.2856,"309,361"
181,2,1,12,3,0.2856,"309,361"
245,2,8,1,2,0.2856,"312,313,375,377,404,537"
340,3,8,1,2,0.2856,"312,313,375,377,404,537"
721,14,4,2,1,0.2856,"177,179,485,515,516,532"
201,2,2,12,3,0.2856,"309,361"
401,4,6,11,1,0.2727,"178,516,532"
440,5,2,11,1,0.2727,"178,516,532"
445,5,4,11,1,0.2727,"178,516,532"
449,5,5,11,1,0.2727,"178,516,532"
452,5,6,11,1,0.2727,"178,516,532"
388,4,4,11,1,0.2727,"178,516,532"
200,2,2,11,1,0.2727,"178,516,532"
230,2,5,11,1,0.2727,"178,516,532"
376,4,2,11,1,0.2727,"178,516,532"
394,4,5,11,1,0.2727,"178,516,532"
240,2,6,11,1,0.2727,"178,516,532"
226,2,4,11,1,0.2727,"178,516,532"
290,2,14,2,1,0.2693,"177,179,412,516,532,553,554"
396,4,6,2,1,0.2693,"177,178,179,485,515,516,532"
94,1,8,2,1,0.2693,"177,178,179,406,407,408,409"
383,4,4,2,1,0.2693,"177,178,179,485,515,516,532"
214,2,3,4,7,0.25,"120,409,422"
105,1,8,5,3,0.25,"179,181,408"
560,10,1,5,3,0.25,"179,180,181"
84,1,6,4,7,0.25,"134,135,409"
517,7,12,7,9,0.25,"428,432"
117,1,10,4,7,0.25,"120,409,422"
270,2,10,4,7,0.25,"120,409,422"
148,1,16,5,3,0.25,"139,143,146"
570,10,3,5,3,0.25,"179,180,181"
256,2,8,5,3,0.25,"179,181,408"
859,24,3,5,3,0.25,"146,180,228"
565,10,2,5,3,0.25,"179,180,181"
814,17,26,14,13,0.25,"240,428"
177,2,1,4,7,0.25,"120,409,422"
34,1,2,4,7,0.25,"120,409,422"
854,24,1,5,3,0.25,"146,180,228"
666,12,26,14,13,0.25,"240,428"
660,12,17,14,13,0.25,"240,428"
654,12,14,14,13,0.25,"240,424"
806,17,17,14,13,0.25,"240,428"
161,1,26,5,3,0.25,"143,146,228"
638,12,11,7,9,0.25,"428,432"
632,12,7,7,9,0.25,"428,432"
158,1,24,5,3,0.25,"146,180,228"
889,24,24,5,3,0.25,"146,180,228"
898,26,1,5,3,0.25,"143,146,228"
900,26,3,5,3,0.25,"143,146,228"
599,10,10,5,3,0.25,"179,180,181"
909,26,26,5,3,0.25,"143,146,228"
195,2,2,4,7,0.25,"120,409,422"
795,17,12,14,13,0.25,"240,428"
728,14,5,2,1,0.238,"177,485,515,516,532"
742,14,10,2,1,0.238,"177,179,412,553,554"
807,17,26,6,4,0.2307,"429,433,434"
390,4,5,2,1,0.2307,"177,178,485,515,516,532"
799,17,17,6,4,0.2307,"429,433,434"
774,17,7,6,4,0.2307,"429,433,434"
417,4,14,2,1,0.2307,"177,179,485,515,516,532"
534,7,26,6,4,0.2307,"429,433,434"
782,17,11,6,4,0.2307,"429,433,434"
13,1,1,10,10,0.2222,"234,235"
6,1,1,3,10,0.2222,"361,382"
621,12,1,4,13,0.2222,"124,131"
87,1,6,10,10,0.2222,"234,235"
10,1,1,4,13,0.2222,"124,131"
314,3,2,1,5,0.2222,"287,290"
326,3,3,1,5,0.2222,"287,290"
485,6,28,10,10,0.2222,"234,235"
626,12,3,4,13,0.2222,"124,131"
476,6,6,10,10,0.2222,"234,235"
644,12,12,4,13,0.2222,"124,131"
52,1,3,4,13,0.2222,"124,131"
839,22,3,1,5,0.2222,"287,290"
357,3,22,1,5,0.2222,"287,290"
552,9,21,18,15,0.2222,"202,209"
468,6,1,10,10,0.2222,"234,235"
163,1,28,10,10,0.2222,"234,235"
126,1,12,4,13,0.2222,"124,131"
145,1,16,3,3,0.2142,"139,143,230"
50,1,3,4,3,0.2142,"139,142,380"
8,1,1,4,3,0.2142,"139,142,380"
832,22,2,1,2,0.2106,"288,289,320,442"
843,22,22,1,2,0.2106,"288,289,320,442"
934,29,29,2,15,0.2,"202,484"
345,3,8,13,2,0.2,"312,375"
763,16,1,10,12,0.2,"21,136"
430,4,24,2,15,0.2,"176,202"
435,4,29,2,15,0.2,"202,484"
219,2,3,13,1,0.2,"408,534"
220,2,3,13,2,0.2,"312,375"
241,2,6,13,1,0.2,"408,534"
918,29,4,2,15,0.2,"202,484"
921,29,5,2,15,0.2,"202,484"
334,3,3,13,2,0.2,"312,375"
426,4,21,2,15,0.2,"176,202"
322,3,2,13,2,0.2,"312,375"
56,1,3,10,12,0.2,"136,235"
204,2,2,13,2,0.2,"312,375"
484,6,19,10,12,0.2,"6,129"
261,2,8,13,2,0.2,"312,375"
260,2,8,13,1,0.2,"408,534"
861,24,4,2,15,0.2,"176,202"
865,24,5,2,15,0.2,"176,202"
311,3,1,13,3,0.2,"310,378"
474,6,3,10,12,0.2,"136,235"
883,24,21,2,15,0.2,"176,202"
203,2,2,13,1,0.2,"408,534"
887,24,24,2,15,0.2,"176,202"
372,4,2,2,1,0.1923,"177,178,179,516,532"
443,5,4,2,1,0.1923,"177,178,515,516,532"
447,5,5,2,1,0.1923,"177,178,515,516,532"
222,2,4,2,1,0.1923,"177,178,179,516,532"
451,5,6,2,1,0.1923,"177,178,515,516,532"
78,1,6,2,1,0.1923,"177,178,179,408,409"
737,14,8,2,1,0.1904,"177,179,532,554"
736,14,6,11,1,0.1818,"516,532"
294,2,14,11,1,0.1818,"516,532"
730,14,5,11,1,0.1818,"516,532"
257,2,8,11,1,0.1818,"178,532"
407,4,8,11,1,0.1818,"178,532"
454,5,8,11,1,0.1818,"178,532"
422,4,14,11,1,0.1818,"516,532"
753,14,14,11,1,0.1818,"516,532"
716,14,2,11,1,0.1818,"516,532"
726,14,4,11,1,0.1818,"516,532"
460,5,14,11,1,0.1818,"516,532"
375,4,2,5,3,0.1666,"179,180"
379,4,3,5,1,0.1666,"179,180"
475,6,6,4,7,0.1666,"134,135"
374,4,2,5,1,0.1666,"179,180"
380,4,3,5,3,0.1666,"179,180"
225,2,4,5,3,0.1666,"179,180"
472,6,3,4,7,0.1666,"134,135"
471,6,1,16,12,0.1666,234
470,6,1,16,10,0.1666,234
467,6,1,4,7,0.1666,"134,135"
387,4,4,5,3,0.1666,"179,180"
5,1,1,3,7,0.1666,"380,382"
224,2,4,5,1,0.1666,"179,180"
386,4,4,5,1,0.1666,"179,180"
130,1,13,4,7,0.1666,"138,422"
399,4,6,5,1,0.1666,"179,180"
400,4,6,5,3,0.1666,"179,180"
92,1,6,16,10,0.1666,234
150,1,16,16,3,0.1666,233
414,4,10,5,3,0.1666,"179,180"
413,4,10,5,1,0.1666,"179,180"
93,1,6,16,12,0.1666,234
210,2,3,2,7,0.1666,"409,422"
575,10,4,5,1,0.1666,"179,180"
576,10,4,5,3,0.1666,"179,180"
479,6,6,16,10,0.1666,234
63,1,3,16,3,0.1666,382
47,1,3,3,7,0.1666,"380,382"
44,1,3,2,7,0.1666,"409,422"
172,2,1,2,7,0.1666,"409,422"
168,1,30,16,10,0.1666,389
816,19,1,5,3,0.1666,"181,228"
818,19,3,5,3,0.1666,"181,228"
823,19,19,5,3,0.1666,"181,228"
167,1,28,16,12,0.1666,234
165,1,28,16,3,0.1666,233
29,1,2,2,7,0.1666,"409,422"
25,1,1,16,12,0.1666,234
850,22,23,1,6,0.1666,287
23,1,1,16,7,0.1666,382
880,24,15,5,3,0.1666,"146,180"
885,24,21,5,3,0.1666,"146,180"
891,24,26,5,3,0.1666,"146,228"
155,1,21,5,3,0.1666,"146,180"
153,1,19,5,3,0.1666,"181,228"
902,26,15,5,3,0.1666,"143,146"
143,1,15,5,1,0.1666,"180,410"
138,1,14,16,3,0.1666,386
480,6,6,16,12,0.1666,234
64,1,3,16,7,0.1666,382
487,6,28,16,10,0.1666,234
488,6,28,16,12,0.1666,234
70,1,4,5,3,0.1666,"179,180"
69,1,4,5,1,0.1666,"179,180"
559,10,1,5,1,0.1666,"179,180"
564,10,2,5,1,0.1666,"179,180"
569,10,3,5,1,0.1666,"179,180"
368,4,1,5,1,0.1666,"179,180"
151,1,16,16,10,0.1666,233
587,10,6,5,1,0.1666,"179,180"
588,10,6,5,3,0.1666,"179,180"
593,10,8,5,3,0.1666,"179,181"
598,10,10,5,1,0.1666,"179,180"
907,26,24,5,3,0.1666,"146,228"
620,12,1,4,7,0.1666,"124,381"
625,12,3,4,7,0.1666,"124,381"
190,2,2,2,7,0.1666,"409,422"
643,12,12,4,7,0.1666,"124,381"
65,1,3,16,10,0.1666,382
369,4,1,5,3,0.1666,"179,180"
904,26,16,5,3,0.1666,"143,146"
297,2,15,5,1,0.1666,"180,410"
103,1,8,4,7,0.1666,"380,409"
266,2,10,2,7,0.1666,"409,422"
125,1,12,4,7,0.1666,"124,381"
255,2,8,5,1,0.1666,"179,408"
298,2,15,5,3,0.1666,"180,410"
362,3,23,1,6,0.1666,287
104,1,8,5,1,0.1666,"179,408"
113,1,10,2,7,0.1666,"409,422"
2,1,1,2,7,0.1666,"409,422"
838,22,3,1,2,0.1578,"288,289,320"
652,12,13,6,4,0.1538,"429,430"
516,7,12,6,4,0.1538,"429,430"
631,12,7,6,4,0.1538,"429,430"
637,12,11,6,4,0.1538,"429,430"
403,4,8,2,1,0.1538,"177,178,179,532"
459,5,14,2,1,0.1538,"177,515,516,532"
704,13,17,6,4,0.1538,"429,456"
697,13,12,6,4,0.1538,"429,430"
227,2,5,2,1,0.1538,"177,178,516,532"
439,5,2,2,1,0.1538,"177,178,516,532"
645,12,12,6,4,0.1538,"429,430"
140,1,15,3,3,0.1428,"142,143"
329,3,3,3,3,0.1428,"310,378"
39,1,2,12,10,0.1428,361
343,3,8,3,3,0.1428,"310,378"
173,2,1,3,1,0.1428,"407,408"
3,1,1,3,1,0.1428,"407,408"
58,1,3,12,3,0.1428,309
45,1,3,3,1,0.1428,"407,408"
317,3,2,3,3,0.1428,"310,378"
191,2,2,3,1,0.1428,"407,408"
108,1,8,12,10,0.1428,361
182,2,1,12,10,0.1428,361
114,1,10,3,1,0.1428,"407,408"
211,2,3,3,1,0.1428,"407,408"
268,2,10,3,3,0.1428,"407,408"
218,2,3,12,3,0.1428,309
250,2,8,3,1,0.1428,"407,408"
202,2,2,12,10,0.1428,361
97,1,8,3,1,0.1428,"407,408"
17,1,1,12,10,0.1428,361
259,2,8,12,10,0.1428,361
115,1,10,3,3,0.1428,"407,408"
356,3,22,1,2,0.1428,"288,289,320"
309,3,1,3,3,0.1428,"310,378"
354,3,18,1,2,0.1428,"312,316,317"
30,1,2,3,1,0.1428,"407,408"
267,2,10,3,1,0.1428,"407,408"
595,10,10,2,1,0.1305,"177,178,179"
590,10,8,2,1,0.1305,"177,178,179"
567,10,3,2,1,0.1305,"177,178,179"
572,10,4,2,1,0.1305,"177,178,179"
557,10,1,2,1,0.1305,"177,178,179"
585,10,6,2,1,0.1305,"177,178,179"
562,10,2,2,1,0.1305,"177,178,179"
137,1,14,14,13,0.125,424
642,12,11,14,13,0.125,428
530,7,17,7,14,0.125,432
531,7,17,14,9,0.125,428
641,12,11,14,9,0.125,428
532,7,17,14,13,0.125,428
513,7,11,7,14,0.125,432
540,7,26,14,9,0.125,428
502,7,7,14,9,0.125,428
541,7,26,14,13,0.125,428
648,12,12,7,14,0.125,432
649,12,12,14,7,0.125,124
650,12,12,14,9,0.125,428
514,7,11,14,9,0.125,428
535,7,26,6,9,0.125,433
640,12,11,7,14,0.125,432
501,7,7,7,14,0.125,432
519,7,12,7,14,0.125,432
497,7,7,6,9,0.125,433
509,7,11,6,9,0.125,433
526,7,17,6,9,0.125,433
503,7,7,14,13,0.125,428
635,12,7,14,9,0.125,428
481,6,12,14,13,0.125,128
634,12,7,7,14,0.125,432
653,12,14,7,9,0.125,277
622,12,1,14,7,0.125,124
515,7,11,14,13,0.125,428
630,12,6,14,13,0.125,128
521,7,12,14,13,0.125,428
628,12,3,14,7,0.125,124
520,7,12,14,9,0.125,428
478,6,6,14,13,0.125,128
636,12,7,14,13,0.125,428
794,17,12,14,9,0.125,428
775,17,7,6,9,0.125,433
780,17,7,14,9,0.125,428
781,17,7,14,13,0.125,428
783,17,11,6,9,0.125,433
788,17,11,14,9,0.125,428
789,17,11,14,13,0.125,428
793,17,12,7,14,0.125,432
658,12,17,7,14,0.125,432
797,17,14,7,9,0.125,277
798,17,14,14,13,0.125,240
800,17,17,6,9,0.125,433
805,17,17,14,9,0.125,428
808,17,26,6,9,0.125,433
813,17,26,14,9,0.125,428
127,1,12,14,7,0.125,124
20,1,1,14,7,0.125,124
779,17,7,7,14,0.125,432
539,7,26,7,14,0.125,432
665,12,26,14,9,0.125,428
61,1,3,14,7,0.125,124
664,12,26,7,14,0.125,432
659,12,17,14,9,0.125,428
95,1,8,2,3,0.12,"179,407,408"
248,2,8,2,3,0.12,"179,407,408"
112,1,10,2,3,0.12,"179,407,408"
1,1,1,2,3,0.12,"179,407,408"
171,2,1,2,3,0.12,"179,407,408"
209,2,3,2,3,0.12,"179,407,408"
43,1,3,2,3,0.12,"179,407,408"
265,2,10,2,3,0.12,"179,407,408"
189,2,2,2,3,0.12,"179,407,408"
28,1,2,2,3,0.12,"179,407,408"
453,5,8,2,1,0.11536,"177,178,532"
67,1,4,2,1,0.11536,"177,178,179"
366,4,1,2,1,0.11536,"177,178,179"
377,4,3,2,1,0.11536,"177,178,179"
410,4,10,2,1,0.11536,"177,178,179"
835,22,2,9,2,0.1111,442
538,7,26,7,13,0.1111,428
32,1,2,3,10,0.1111,361
26,1,1,18,15,0.1111,174
846,22,22,9,2,0.1111,442
849,22,23,1,5,0.1111,287
556,9,29,18,15,0.1111,202
855,24,1,18,15,0.1111,174
860,24,3,18,15,0.1111,174
72,1,4,18,15,0.1111,174
159,1,24,18,15,0.1111,174
876,24,10,18,15,0.1111,176
878,24,14,18,15,0.1111,176
156,1,21,18,15,0.1111,174
252,2,8,3,10,0.1111,361
811,17,26,7,13,0.1111,428
803,17,17,7,13,0.1111,428
663,12,26,7,13,0.1111,428
66,1,3,18,15,0.1111,174
760,14,24,18,15,0.1111,176
175,2,1,3,10,0.1111,361
757,14,21,18,15,0.1111,176
48,1,3,3,10,0.1111,382
633,12,7,7,13,0.1111,428
778,17,7,7,13,0.1111,428
754,14,14,18,15,0.1111,176
639,12,11,7,13,0.1111,428
747,14,10,18,15,0.1111,176
731,14,5,18,15,0.1111,176
786,17,11,7,13,0.1111,428
578,10,4,18,15,0.1111,176
727,14,4,18,15,0.1111,176
55,1,3,10,10,0.1111,235
792,17,12,7,13,0.1111,428
193,2,2,3,10,0.1111,361
618,10,24,18,15,0.1111,176
614,10,21,18,15,0.1111,176
607,10,14,18,15,0.1111,176
647,12,12,7,13,0.1111,428
601,10,10,18,15,0.1111,176
584,10,5,18,15,0.1111,176
657,12,17,7,13,0.1111,428
925,29,6,18,15,0.1111,484
500,7,7,7,13,0.1111,428
450,5,5,18,15,0.1111,202
371,4,1,18,15,0.1111,174
512,7,11,7,13,0.1111,428
77,1,5,18,15,0.1111,174
416,4,10,18,15,0.1111,176
456,5,9,18,15,0.1111,202
462,5,21,18,15,0.1111,202
464,5,24,18,15,0.1111,202
466,5,29,18,15,0.1111,202
361,3,23,1,5,0.1111,287
473,6,3,10,10,0.1111,235
446,5,4,18,15,0.1111,202
402,4,6,18,15,0.1111,484
927,29,9,18,15,0.1111,202
423,4,14,18,15,0.1111,176
382,4,3,18,15,0.1111,174
529,7,17,7,13,0.1111,428
100,1,8,3,10,0.1111,361
518,7,12,7,13,0.1111,428
698,13,13,1,2,0.1053,"401,404"
699,13,13,2,1,0.1053,"557,560"
686,13,10,2,1,0.1053,"557,560"
675,13,3,1,2,0.1053,"401,404"
691,13,11,1,2,0.1053,"401,404"
669,13,2,1,2,0.1053,"401,404"
692,13,11,2,1,0.1053,"557,560"
670,13,2,2,1,0.1053,"557,560"
131,1,13,10,12,0.1,136
920,29,5,2,1,0.1,485
321,3,2,13,1,0.1,534
931,29,24,2,15,0.1,202
242,2,6,13,3,0.1,408
277,2,10,13,3,0.1,408
398,4,6,2,15,0.1,484
444,5,4,2,15,0.1,202
59,1,3,13,1,0.1,408
498,7,7,7,4,0.1,433
333,3,3,13,1,0.1,534
615,10,24,2,15,0.1,176
355,3,18,13,2,0.1,312
337,3,6,13,1,0.1,534
121,1,10,13,1,0.1,408
784,17,11,7,4,0.1,433
611,10,21,2,15,0.1,176
109,1,8,13,1,0.1,408
929,29,21,2,15,0.1,202
91,1,6,13,3,0.1,408
928,29,14,2,1,0.1,485
801,17,17,7,4,0.1,433
926,29,9,2,15,0.1,202
412,4,10,2,15,0.1,176
455,5,9,2,15,0.1,202
276,2,10,13,1,0.1,408
344,3,8,13,1,0.1,534
408,4,9,2,15,0.1,202
40,1,2,13,1,0.1,408
448,5,5,2,15,0.1,202
461,5,21,2,15,0.1,202
463,5,24,2,15,0.1,202
933,29,29,2,1,0.1,485
465,5,29,2,15,0.1,202
917,29,4,2,1,0.1,485
776,17,7,7,4,0.1,433
419,4,14,2,15,0.1,176
809,17,26,7,4,0.1,433
184,2,1,13,2,0.1,312
604,10,14,2,15,0.1,176
750,14,14,2,15,0.1,176
873,24,10,2,15,0.1,176
580,10,5,2,15,0.1,176
510,7,11,7,4,0.1,433
877,24,14,2,15,0.1,176
923,29,6,2,1,0.1,485
574,10,4,2,15,0.1,176
536,7,26,7,4,0.1,433
744,14,10,2,15,0.1,176
924,29,6,2,15,0.1,484
723,14,4,2,15,0.1,176
892,24,29,2,15,0.1,202
555,9,29,2,15,0.1,202
122,1,10,13,3,0.1,408
553,9,24,2,15,0.1,202
183,2,1,13,1,0.1,408
551,9,21,2,15,0.1,202
310,3,1,13,2,0.1,312
549,9,9,2,15,0.1,202
527,7,17,7,4,0.1,433
547,9,5,2,15,0.1,202
545,9,4,2,15,0.1,202
149,1,16,10,12,0.1,136
729,14,5,2,15,0.1,176
871,24,9,2,15,0.1,202
765,16,3,10,12,0.1,136
756,14,21,2,15,0.1,176
759,14,24,2,15,0.1,176
300,2,18,13,2,0.1,312
18,1,1,13,1,0.1,408
90,1,6,13,1,0.1,408
597,10,10,2,15,0.1,176
708,14,1,2,1,0.0952,"177,179"
717,14,3,2,1,0.0952,"177,179"
348,3,11,1,2,0.0952,"401,404"
351,3,13,1,2,0.0952,"401,404"
106,1,8,11,1,0.0909,178
561,10,1,11,1,0.0909,178
415,4,10,11,1,0.0909,178
15,1,1,11,1,0.0909,178
589,10,6,11,1,0.0909,178
566,10,2,11,1,0.0909,178
442,5,3,11,1,0.0909,178
741,14,8,11,1,0.0909,532
594,10,8,11,1,0.0909,178
600,10,10,11,1,0.0909,178
71,1,4,11,1,0.0909,178
76,1,5,11,1,0.0909,178
370,4,1,11,1,0.0909,178
57,1,3,11,1,0.0909,178
120,1,10,11,1,0.0909,178
577,10,4,11,1,0.0909,178
180,2,1,11,1,0.0909,178
381,4,3,11,1,0.0909,178
89,1,6,11,1,0.0909,178
438,5,1,11,1,0.0909,178
37,1,2,11,1,0.0909,178
275,2,10,11,1,0.0909,178
583,10,5,11,1,0.0909,178
217,2,3,11,1,0.0909,178
458,5,10,11,1,0.0909,178
571,10,3,11,1,0.0909,178
579,10,5,2,1,0.087,"177,178"
602,10,14,2,1,0.087,"177,179"
280,2,11,2,7,0.0833,422
428,4,21,5,3,0.0833,180
431,4,24,5,1,0.0833,180
767,16,13,4,7,0.0833,138
769,16,16,4,7,0.0833,138
281,2,11,4,7,0.0833,422
432,4,24,5,3,0.0833,180
746,14,10,5,3,0.0833,179
764,16,3,4,7,0.0833,138
427,4,21,5,1,0.0833,180
752,14,14,5,3,0.0833,179
751,14,14,5,1,0.0833,179
762,16,1,4,7,0.0833,138
745,14,10,5,1,0.0833,179
739,14,8,5,1,0.0833,179
740,14,8,5,3,0.0833,179
142,1,15,4,7,0.0833,120
819,19,8,5,3,0.0833,181
425,4,15,5,3,0.0833,180
879,24,15,5,1,0.0833,180
863,24,4,5,3,0.0833,180
866,24,5,5,1,0.0833,180
867,24,5,5,3,0.0833,180
869,24,6,5,1,0.0833,180
870,24,6,5,3,0.0833,180
99,1,8,3,7,0.0833,380
874,24,10,5,1,0.0833,180
875,24,10,5,3,0.0833,180
881,24,16,5,3,0.0833,146
858,24,3,5,1,0.0833,180
882,24,19,5,3,0.0833,228
884,24,21,5,1,0.0833,180
254,2,8,4,7,0.0833,409
888,24,24,5,1,0.0833,180
157,1,24,5,1,0.0833,180
96,1,8,2,7,0.0833,409
154,1,21,5,1,0.0833,180
249,2,8,2,7,0.0833,409
862,24,4,5,1,0.0833,180
857,24,2,5,3,0.0833,180
424,4,15,5,1,0.0833,180
820,19,10,5,3,0.0833,181
421,4,14,5,3,0.0833,179
420,4,14,5,1,0.0833,179
129,1,13,2,7,0.0833,422
229,2,5,5,3,0.0833,180
406,4,8,5,3,0.0833,179
405,4,8,5,1,0.0833,179
817,19,2,5,3,0.0833,181
734,14,6,5,1,0.0833,179
824,19,24,5,3,0.0833,228
856,24,2,5,1,0.0833,180
825,19,26,5,3,0.0833,228
826,19,28,5,3,0.0833,181
147,1,16,4,7,0.0833,138
393,4,5,5,3,0.0833,180
392,4,5,5,1,0.0833,180
228,2,5,5,1,0.0833,180
853,24,1,5,1,0.0833,180
162,1,28,5,3,0.0833,181
735,14,6,5,3,0.0833,179
75,1,5,5,3,0.0833,180
74,1,5,5,1,0.0833,180
700,13,13,2,7,0.0833,422
612,10,21,5,1,0.0833,180
610,10,19,5,3,0.0833,181
609,10,15,5,3,0.0833,180
608,10,15,5,1,0.0833,180
606,10,14,5,3,0.0833,179
687,13,10,2,7,0.0833,422
605,10,14,5,1,0.0833,179
688,13,10,4,7,0.0833,422
301,2,19,5,3,0.0833,181
693,13,11,2,7,0.0833,422
694,13,11,4,7,0.0833,422
302,2,21,5,1,0.0833,180
592,10,8,5,1,0.0833,179
123,1,11,2,7,0.0833,422
303,2,21,5,3,0.0833,180
613,10,21,5,3,0.0833,180
616,10,24,5,1,0.0833,180
677,13,3,4,7,0.0833,422
906,26,21,5,3,0.0833,146
237,2,6,4,7,0.0833,409
915,28,19,5,3,0.0833,181
296,2,15,4,7,0.0833,120
293,2,14,5,3,0.0833,179
292,2,14,5,1,0.0833,179
124,1,11,4,7,0.0833,422
233,2,6,2,7,0.0833,409
676,13,3,2,7,0.0833,422
667,13,1,2,7,0.0833,422
668,13,1,4,7,0.0833,422
671,13,2,2,7,0.0833,422
619,10,28,5,3,0.0833,181
672,13,2,4,7,0.0833,422
617,10,24,5,3,0.0833,180
305,2,24,5,1,0.0833,180
916,28,28,5,3,0.0833,181
701,13,13,4,7,0.0833,422
136,1,14,5,3,0.0833,179
286,2,13,2,7,0.0833,422
287,2,13,4,7,0.0833,422
725,14,4,5,3,0.0833,179
724,14,4,5,1,0.0833,179
914,28,10,5,3,0.0833,181
720,14,3,5,3,0.0833,179
719,14,3,5,1,0.0833,179
912,28,3,5,3,0.0833,181
135,1,14,5,1,0.0833,179
715,14,2,5,3,0.0833,179
714,14,2,5,1,0.0833,179
911,28,2,5,3,0.0833,181
307,2,28,5,3,0.0833,181
913,28,8,5,3,0.0833,181
582,10,5,5,3,0.0833,180
905,26,19,5,3,0.0833,228
910,28,1,5,3,0.0833,181
711,14,1,5,3,0.0833,179
80,1,6,2,7,0.0833,409
710,14,1,5,1,0.0833,179
581,10,5,5,1,0.0833,180
306,2,24,5,3,0.0833,180
232,2,6,2,3,0.08,"179,408"
79,1,6,2,3,0.08,"179,408"
304,2,24,2,1,0.0769,"553,557"
198,2,2,6,1,0.0769,419
365,3,26,6,4,0.0769,429
507,7,11,6,1,0.0769,419
827,21,7,6,4,0.0769,456
828,21,11,6,4,0.0769,456
829,21,13,6,4,0.0769,456
533,7,21,6,4,0.0769,456
830,21,17,6,4,0.0769,456
73,1,5,2,1,0.0769,"177,178"
831,21,21,6,4,0.0769,456
199,2,2,6,4,0.0769,419
490,7,2,6,1,0.0769,419
627,12,3,6,4,0.0769,429
624,12,2,6,4,0.0769,429
504,7,10,6,1,0.0769,419
350,3,12,6,4,0.0769,429
244,2,7,6,4,0.0769,419
495,7,7,6,1,0.0769,419
353,3,17,6,4,0.0769,429
505,7,10,6,4,0.0769,419
132,1,14,2,1,0.0769,"177,179"
523,7,13,6,1,0.0769,419
243,2,7,6,1,0.0769,419
285,2,13,2,1,0.0769,"557,560"
689,13,10,6,1,0.0769,419
661,12,26,6,4,0.0769,429
673,13,2,6,1,0.0769,419
790,17,12,6,4,0.0769,429
681,13,7,6,1,0.0769,419
279,2,11,2,1,0.0769,"557,560"
690,13,10,6,4,0.0769,419
695,13,11,6,1,0.0769,419
773,17,3,6,4,0.0769,429
772,17,2,6,4,0.0769,429
289,2,13,6,4,0.0769,419
702,13,13,6,1,0.0769,419
705,13,21,6,4,0.0769,456
707,13,26,6,4,0.0769,429
437,5,1,2,1,0.0769,"177,178"
282,2,11,6,1,0.0769,419
288,2,13,6,1,0.0769,419
283,2,11,6,4,0.0769,419
441,5,3,2,1,0.0769,"177,178"
796,17,13,6,4,0.0769,429
273,2,10,6,1,0.0769,419
457,5,10,2,1,0.0769,"177,178"
655,12,17,6,4,0.0769,429
274,2,10,6,4,0.0769,419
234,2,6,3,1,0.0714,408
253,2,8,4,1,0.0714,409
176,2,1,4,1,0.0714,409
213,2,3,4,1,0.0714,409
82,1,6,3,3,0.0714,408
236,2,6,4,1,0.0714,409
815,19,1,3,3,0.0714,230
141,1,15,4,3,0.0714,142
134,1,14,3,3,0.0714,383
49,1,3,4,1,0.0714,409
146,1,16,4,3,0.0714,139
116,1,10,4,1,0.0714,409
7,1,1,4,1,0.0714,409
897,26,1,3,3,0.0714,143
899,26,3,3,3,0.0714,143
152,1,19,3,3,0.0714,230
901,26,15,3,3,0.0714,143
822,19,19,3,3,0.0714,230
903,26,16,3,3,0.0714,143
269,2,10,4,1,0.0714,409
235,2,6,3,3,0.0714,408
908,26,26,3,3,0.0714,143
101,1,8,4,1,0.0714,409
102,1,8,4,3,0.0714,380
821,19,16,3,3,0.0714,230
194,2,2,4,1,0.0714,409
33,1,2,4,1,0.0714,409
81,1,6,3,1,0.0714,408
160,1,26,3,3,0.0714,143
83,1,6,4,1,0.0714,409
679,13,6,2,1,0.05264,560
680,13,7,1,2,0.05264,401
683,13,8,1,2,0.05264,404
684,13,8,2,1,0.05264,560
685,13,10,1,2,0.05264,404
706,13,24,2,1,0.05264,557
761,14,29,2,1,0.0476,485
743,14,10,2,3,0.0476,179
299,2,18,1,2,0.0476,312
169,2,1,1,2,0.0476,312
494,7,7,1,2,0.0476,401
506,7,11,1,2,0.0476,401
347,3,10,1,2,0.0476,404
284,2,13,1,2,0.0476,404
338,3,7,1,2,0.0476,401
263,2,10,1,2,0.0476,404
492,7,3,1,2,0.0476,401
738,14,8,2,3,0.0476,179
718,14,3,2,3,0.0476,179
722,14,4,2,3,0.0476,179
758,14,24,2,1,0.0476,553
522,7,13,1,2,0.0476,401
749,14,14,2,3,0.0476,179
308,3,1,1,2,0.0476,312
709,14,1,2,3,0.0476,179
489,7,2,1,2,0.0476,401
755,14,15,2,1,0.0476,412
713,14,2,2,3,0.0476,179
278,2,11,1,2,0.0476,404
733,14,6,2,3,0.0476,179
434,4,29,2,1,0.04544,485
246,2,8,1,3,0.0435,375
187,2,2,1,3,0.0435,375
558,10,1,2,3,0.0435,179
313,3,2,1,3,0.0435,375
325,3,3,1,3,0.0435,375
341,3,8,1,3,0.0435,375
603,10,14,2,3,0.0435,179
207,2,3,1,3,0.0435,375
591,10,8,2,3,0.0435,179
563,10,2,2,3,0.0435,179
596,10,10,2,3,0.0435,179
586,10,6,2,3,0.0435,179
573,10,4,2,3,0.0435,179
568,10,3,2,3,0.0435,179
68,1,4,2,3,0.04,179
373,4,2,2,3,0.04,179
291,2,14,2,3,0.04,179
133,1,14,2,3,0.04,179
367,4,1,2,3,0.04,179
378,4,3,2,3,0.04,179
384,4,4,2,3,0.04,179
397,4,6,2,3,0.04,179
404,4,8,2,3,0.04,179
411,4,10,2,3,0.04,179
418,4,14,2,3,0.04,179
223,2,4,2,3,0.04,179
342,3,8,2,1,0.03845,534
336,3,6,2,1,0.03845,534
328,3,3,2,1,0.03845,534
316,3,2,2,1,0.03845,534
295,2,15,2,1,0.03845,412
