,5rme_A_fpocket,5rme_B_fpocket,5rme_A_p2rank,5rme_B_p2rank,IoMIN
2273,13,29,11,15,1.0
3164,26,32,9,8,1.0
1364,7,8,6,7,1.0
3152,26,26,9,8,1.0
1351,7,7,6,7,1.0
2643,17,32,9,8,1.0
1382,7,11,6,7,1.0
2220,13,12,11,15,1.0
2123,12,29,11,15,1.0
2617,17,17,9,8,1.0
2096,12,13,11,15,1.0
1956,11,7,6,7,1.0
1969,11,8,6,7,1.0
2088,12,12,11,15,1.0
1987,11,11,6,7,1.0
3139,26,17,9,8,1.0
2630,17,26,9,8,1.0
2234,13,13,11,15,1.0
284,2,2,2,2,0.9614
304,2,3,2,2,0.9614
10,1,1,4,3,0.9287
2189,13,8,6,7,0.923
2004,11,13,6,7,0.923
1399,7,13,6,7,0.923
2228,13,13,6,7,0.923
2177,13,7,6,7,0.923
2208,13,11,6,7,0.923
835,4,4,1,4,0.9165
844,4,5,1,4,0.9165
1503,8,3,5,6,0.909
1459,8,1,5,6,0.909
60,1,3,5,6,0.909
659,3,8,5,6,0.909
555,3,2,5,6,0.909
2383,14,14,8,12,0.909
580,3,3,5,6,0.909
1251,6,14,8,12,0.909
2341,14,6,8,12,0.909
16,1,1,5,6,0.909
38,1,2,5,6,0.909
1481,8,2,5,6,0.909
531,3,1,5,6,0.909
1202,6,6,8,12,0.909
131,1,8,5,6,0.909
1576,8,8,5,6,0.909
3086,25,25,7,9,0.9
3079,25,15,7,9,0.9
32,1,2,4,3,0.857
319,2,4,1,1,0.857
280,2,2,1,1,0.857
52,1,3,3,3,0.846
547,3,2,3,3,0.846
30,1,2,3,3,0.846
572,3,3,3,3,0.846
523,3,1,3,3,0.846
8,1,1,3,3,0.846
300,2,3,1,1,0.8096
562,3,3,1,1,0.8096
587,3,4,1,1,0.8096
537,3,2,1,1,0.8096
944,5,1,4,3,0.7856
995,5,5,4,3,0.7856
54,1,3,4,3,0.7856
145,1,10,4,3,0.7856
81,1,5,4,3,0.7856
267,2,1,2,2,0.769
1745,10,2,2,2,0.731
394,2,10,2,2,0.731
1761,10,3,2,2,0.731
1829,10,10,2,2,0.731
3260,28,14,8,12,0.727
3246,28,6,8,12,0.727
1310,6,28,8,12,0.727
3284,28,28,8,12,0.727
2416,14,28,8,12,0.727
1045,5,10,4,3,0.7144
125,1,8,4,3,0.7144
574,3,3,4,3,0.7144
1570,8,8,4,3,0.7144
98,1,6,4,3,0.7144
1475,8,2,4,3,0.7144
1453,8,1,4,3,0.7144
549,3,2,4,3,0.7144
959,5,2,4,3,0.7144
525,3,1,4,3,0.7144
143,1,10,3,3,0.6924
345,2,6,2,2,0.6924
676,3,10,3,3,0.6924
2904,22,22,1,4,0.6665
2054,12,2,11,15,0.6665
2899,22,5,1,4,0.6665
2897,22,4,1,4,0.6665
910,4,23,1,4,0.6665
2152,13,2,11,15,0.6665
908,4,22,1,4,0.6665
1162,6,3,2,2,0.654
1136,6,1,2,2,0.654
1149,6,2,2,2,0.654
1190,6,6,2,2,0.654
974,5,3,4,3,0.643
1497,8,3,4,3,0.643
653,3,8,4,3,0.643
1540,8,6,4,3,0.643
1989,11,11,9,8,0.625
3118,26,11,9,8,0.625
2011,11,17,9,8,0.625
2038,11,32,9,8,0.625
2027,11,26,9,8,0.625
2598,17,11,9,8,0.625
817,4,2,1,1,0.619
834,4,4,1,1,0.619
2160,13,3,6,7,0.615
1936,11,2,6,7,0.615
371,2,7,6,7,0.615
1336,7,3,6,7,0.615
541,3,2,2,2,0.615
299,2,2,6,7,0.615
566,3,3,2,2,0.615
389,2,8,6,7,0.615
424,2,13,6,7,0.615
1943,11,3,6,7,0.615
416,2,11,6,7,0.615
517,3,1,2,2,0.615
1328,7,2,6,7,0.615
318,2,3,6,7,0.615
2149,13,2,6,7,0.615
375,2,8,2,2,0.615
848,4,5,2,10,0.5835
521,3,1,2,10,0.5835
2925,23,5,1,4,0.5835
831,4,3,2,10,0.5835
2922,23,4,1,4,0.5835
839,4,4,2,10,0.5835
1037,5,9,2,10,0.5835
668,3,9,2,10,0.5835
814,4,1,2,10,0.5835
594,3,4,2,10,0.5835
604,3,5,2,10,0.5835
2959,23,23,1,4,0.5835
991,5,5,2,10,0.5835
985,5,4,2,10,0.5835
570,3,3,2,10,0.5835
869,4,9,2,10,0.5835
970,5,3,2,10,0.5835
940,5,1,2,10,0.5835
1010,5,6,4,3,0.5713
826,4,3,1,1,0.5713
1595,8,10,4,3,0.5713
1027,5,8,4,3,0.5713
1523,8,5,4,3,0.5713
678,3,10,4,3,0.5713
608,3,5,4,3,0.5713
626,3,6,4,3,0.5713
586,3,3,11,15,0.5557
2074,12,8,11,15,0.5557
561,3,2,11,15,0.5557
2193,13,8,11,15,0.5557
806,3,29,11,15,0.5557
694,3,12,11,15,0.5557
702,3,13,11,15,0.5557
2059,12,3,11,15,0.5557
2163,13,3,11,15,0.5557
519,3,1,2,5,0.5386
618,3,6,2,2,0.5386
969,5,3,2,5,0.5386
593,3,4,2,5,0.5386
1468,8,2,2,2,0.5386
1490,8,3,2,2,0.5386
984,5,4,2,5,0.5386
603,3,5,2,5,0.5386
1563,8,8,2,2,0.5386
990,5,5,2,5,0.5386
1812,10,8,2,2,0.5386
1446,8,1,2,2,0.5386
1732,10,1,2,2,0.5386
939,5,1,2,5,0.5386
568,3,3,2,5,0.5386
451,2,19,1,1,0.524
899,4,19,1,1,0.524
2125,12,32,9,8,0.5
2853,21,15,12,16,0.5
2906,22,23,1,4,0.5
1720,9,15,12,16,0.5
3055,24,24,7,9,0.5
1550,8,6,12,16,0.5
1726,9,21,12,16,0.5
2827,21,6,12,16,0.5
1583,8,8,12,16,0.5
3084,25,24,7,9,0.5
1712,9,8,12,16,0.5
3060,24,25,7,9,0.5
1219,6,8,12,16,0.5
332,2,5,1,4,0.5
3029,24,15,7,9,0.5
1710,9,6,12,16,0.5
818,4,2,1,4,0.5
1586,8,9,12,16,0.5
1656,8,21,12,16,0.5
2103,12,17,9,8,0.5
2111,12,26,9,8,0.5
2836,21,9,12,16,0.5
1260,6,15,12,16,0.5
1280,6,21,12,16,0.5
1224,6,9,12,16,0.5
1205,6,6,12,16,0.5
2871,21,21,12,16,0.5
2084,12,12,9,8,0.5
1637,8,15,12,16,0.5
2603,17,12,9,8,0.5
321,2,4,1,4,0.5
3123,26,12,9,8,0.5
2832,21,8,12,16,0.5
1716,9,9,12,16,0.5
282,2,2,1,4,0.5
742,3,19,1,1,0.476
813,4,1,2,5,0.4614
1568,8,8,3,3,0.4614
2308,14,3,2,2,0.4614
1593,8,10,3,3,0.4614
2431,15,1,3,3,0.4614
2296,14,2,2,2,0.4614
1419,7,23,6,7,0.4614
2254,13,23,6,7,0.4614
231,1,26,3,3,0.4614
2374,14,14,2,2,0.4614
651,3,8,3,3,0.4614
323,2,4,2,2,0.4614
1588,8,10,2,2,0.4614
764,3,24,3,3,0.4614
778,3,26,3,3,0.4614
847,4,5,2,5,0.4614
830,4,3,2,5,0.4614
591,3,4,2,2,0.4614
2485,15,15,3,3,0.4614
123,1,8,3,3,0.4614
1791,10,6,2,2,0.4614
178,1,15,3,3,0.4614
838,4,4,2,5,0.4614
425,2,14,2,2,0.4614
718,3,15,3,3,0.4614
1451,8,1,3,3,0.4614
2475,15,10,3,3,0.4614
972,5,3,3,3,0.4614
79,1,5,3,3,0.4614
993,5,5,3,3,0.4614
1495,8,3,3,3,0.4614
957,5,2,3,3,0.4614
1533,8,6,2,2,0.4614
2022,11,23,6,7,0.4614
606,3,5,3,3,0.4614
942,5,1,3,3,0.4614
1473,8,2,3,3,0.4614
2445,15,3,3,3,0.4614
216,1,24,3,3,0.4614
2438,15,2,3,3,0.4614
2157,13,3,5,6,0.4546
2186,13,8,5,6,0.4546
151,1,10,5,6,0.4546
683,3,10,5,6,0.4546
2137,13,1,5,6,0.4546
697,3,13,5,6,0.4546
2146,13,2,5,6,0.4546
2393,14,16,8,12,0.4546
1615,8,13,5,6,0.4546
1266,6,16,8,12,0.4546
1601,8,10,5,6,0.4546
2551,16,14,8,12,0.4546
3267,28,16,8,12,0.4546
2539,16,6,8,12,0.4546
2225,13,13,5,6,0.4546
160,1,13,5,6,0.4546
2558,16,16,8,12,0.4546
2571,16,28,8,12,0.4546
1692,8,29,11,15,0.4443
1486,8,2,11,15,0.4443
43,1,2,11,15,0.4443
256,1,29,11,15,0.4443
1619,8,13,11,15,0.4443
2141,13,1,11,15,0.4443
1582,8,8,11,15,0.4443
2134,12,34,11,15,0.4443
158,1,12,11,15,0.4443
65,1,3,11,15,0.4443
2283,13,34,11,15,0.4443
1508,8,3,11,15,0.4443
1464,8,1,11,15,0.4443
665,3,8,11,15,0.4443
136,1,8,11,15,0.4443
536,3,1,11,15,0.4443
2049,12,1,11,15,0.4443
164,1,13,11,15,0.4443
1611,8,12,11,15,0.4443
21,1,1,11,15,0.4443
1225,6,10,2,2,0.423
1206,6,8,2,2,0.423
1175,6,4,2,2,0.423
2333,14,6,2,2,0.423
1244,6,14,2,2,0.423
670,3,10,2,2,0.423
646,3,8,2,2,0.423
2284,14,1,2,2,0.423
1140,6,1,2,10,0.4167
1194,6,6,2,10,0.4167
589,3,4,1,4,0.4167
1184,6,5,2,10,0.4167
827,4,3,1,4,0.4167
539,3,2,1,4,0.4167
900,4,19,1,4,0.4167
600,3,5,1,4,0.4167
855,4,6,2,10,0.4167
463,2,22,1,4,0.4167
2893,22,2,1,4,0.4167
564,3,3,1,4,0.4167
1006,5,6,2,10,0.4167
1222,6,9,2,10,0.4167
1178,6,4,2,10,0.4167
2957,23,22,1,4,0.4167
302,2,3,1,4,0.4167
622,3,6,2,10,0.4167
1166,6,3,2,10,0.4167
1258,6,15,7,9,0.4
1201,6,6,7,9,0.4
3073,25,6,7,9,0.4
1294,6,25,7,9,0.4
1192,6,6,2,5,0.3845
3097,26,3,3,3,0.3845
409,2,10,6,7,0.3845
726,3,16,3,3,0.3845
3094,26,2,3,3,0.3845
401,2,10,3,3,0.3845
1164,6,3,2,5,0.3845
1177,6,4,2,5,0.3845
347,2,6,2,5,0.3845
3148,26,26,3,3,0.3845
1183,6,5,2,5,0.3845
3092,26,1,3,3,0.3845
1151,6,2,2,5,0.3845
306,2,3,2,5,0.3845
543,3,2,2,5,0.3845
1097,5,24,3,3,0.3845
1738,10,1,3,3,0.3845
624,3,6,3,3,0.3845
96,1,6,3,3,0.3845
988,5,5,2,2,0.3845
273,2,1,3,3,0.3845
1003,5,6,2,2,0.3845
269,2,1,2,5,0.3845
138,1,10,2,2,0.3845
1836,10,10,3,3,0.3845
286,2,2,2,5,0.3845
1005,5,6,2,5,0.3845
2200,13,10,6,7,0.3845
1065,5,15,3,3,0.3845
186,1,16,3,3,0.3845
1768,10,3,3,3,0.3845
335,2,5,2,5,0.3845
2456,15,5,3,3,0.3845
1752,10,2,3,3,0.3845
967,5,3,2,2,0.3845
1043,5,10,3,3,0.3845
601,3,5,2,2,0.3845
1374,7,10,6,7,0.3845
325,2,4,2,5,0.3845
1138,6,1,2,5,0.3845
333,2,5,2,2,0.3845
937,5,1,2,2,0.3845
311,2,3,3,3,0.3845
952,5,2,2,2,0.3845
954,5,2,2,5,0.3845
1979,11,10,6,7,0.3845
47,1,3,2,2,0.3845
291,2,2,3,3,0.3845
3,1,1,2,2,0.3845
620,3,6,2,5,0.3845
25,1,2,2,2,0.3845
843,4,5,1,1,0.3809
331,2,5,1,1,0.3809
2230,13,13,9,8,0.375
3128,26,13,9,8,0.375
2216,13,12,9,8,0.375
3106,26,7,9,8,0.375
2119,12,29,9,8,0.375
2647,17,34,9,8,0.375
2092,12,13,9,8,0.375
1958,11,7,9,8,0.375
2131,12,34,9,8,0.375
1406,7,17,9,8,0.375
2275,13,32,9,8,0.375
1435,7,32,9,8,0.375
2608,17,13,9,8,0.375
2261,13,26,9,8,0.375
1424,7,26,9,8,0.375
2269,13,29,9,8,0.375
2243,13,17,9,8,0.375
3158,26,29,9,8,0.375
1353,7,7,9,8,0.375
1384,7,11,9,8,0.375
3168,26,34,9,8,0.375
2637,17,29,9,8,0.375
2586,17,7,9,8,0.375
2371,14,13,8,12,0.3635
18,1,1,8,12,0.3635
1288,6,24,8,12,0.3635
1147,6,1,8,12,0.3635
105,1,6,8,12,0.3635
3274,28,24,8,12,0.3635
2265,13,28,8,12,0.3635
3277,28,25,8,12,0.3635
2293,14,1,8,12,0.3635
1242,6,13,8,12,0.3635
2405,14,25,8,12,0.3635
2402,14,24,8,12,0.3635
2236,13,14,8,12,0.3635
2169,13,6,8,12,0.3635
2241,13,16,8,12,0.3635
2259,13,25,8,12,0.3635
2229,13,13,8,12,0.3635
3259,28,13,8,12,0.3635
251,1,28,8,12,0.3635
1295,6,25,8,12,0.3635
2567,16,25,8,12,0.3635
3232,28,1,8,12,0.3635
2550,16,13,8,12,0.3635
172,1,14,8,12,0.3635
383,2,8,4,3,0.3572
2457,15,5,4,3,0.3572
2432,15,1,4,3,0.3572
293,2,2,4,3,0.3572
353,2,6,4,3,0.3572
179,1,15,4,3,0.3572
2476,15,10,4,3,0.3572
275,2,1,4,3,0.3572
2486,15,15,4,3,0.3572
1066,5,15,4,3,0.3572
852,4,6,2,2,0.3462
982,5,4,2,2,0.3462
836,4,4,2,2,0.3462
1181,6,5,2,2,0.3462
811,4,1,2,2,0.3462
828,4,3,2,2,0.3462
118,1,8,2,2,0.3462
819,4,2,2,2,0.3462
545,3,2,2,10,0.3333
599,3,5,1,1,0.3333
2377,14,14,2,10,0.3333
452,2,19,1,4,0.3333
2356,14,9,2,10,0.3333
465,2,23,1,4,0.3333
801,3,29,2,10,0.3333
2902,22,19,1,4,0.3333
2895,22,3,1,4,0.3333
997,5,5,4,11,0.3333
2311,14,3,2,10,0.3333
341,2,5,4,11,0.3333
753,3,22,1,4,0.3333
946,5,1,4,11,0.3333
336,2,5,2,10,0.3333
2238,13,14,11,15,0.3333
326,2,4,2,10,0.3333
3320,29,29,2,10,0.3333
2287,14,1,2,10,0.3333
1129,5,29,2,10,0.3333
309,2,3,2,10,0.3333
294,2,2,4,11,0.3333
289,2,2,2,10,0.3333
276,2,1,4,11,0.3333
271,2,1,2,10,0.3333
955,5,2,2,10,0.3333
12,1,1,4,11,0.3333
822,4,2,2,10,0.3333
1057,5,14,2,10,0.3333
880,4,14,2,10,0.3333
2299,14,2,2,10,0.3333
392,2,9,2,10,0.3333
83,1,5,4,11,0.3333
706,3,14,2,10,0.3333
3296,29,3,2,10,0.3333
2100,12,14,11,15,0.3333
3299,29,4,2,10,0.3333
2328,14,5,2,10,0.3333
3291,29,1,2,10,0.3333
34,1,2,4,11,0.3333
428,2,14,2,10,0.3333
3302,29,5,2,10,0.3333
2323,14,4,2,10,0.3333
936,4,29,2,10,0.3333
961,5,2,4,11,0.3333
3307,29,9,2,10,0.3333
1227,6,10,2,5,0.3076
845,4,5,2,2,0.3076
2506,15,24,3,3,0.3076
1231,6,10,3,3,0.3076
1778,10,4,2,5,0.3076
1784,10,5,2,5,0.3076
2662,18,2,3,3,0.3076
1774,10,3,6,7,0.3076
642,3,7,6,7,0.3076
1763,10,3,2,5,0.3076
1759,10,2,6,7,0.3076
198,1,18,3,3,0.3076
1036,5,9,2,5,0.3076
1747,10,2,2,5,0.3076
208,1,21,3,3,0.3076
1040,5,10,2,5,0.3076
1734,10,1,2,5,0.3076
1793,10,6,2,5,0.3076
1302,6,27,2,5,0.3076
3053,24,24,3,3,0.3076
1797,10,6,3,3,0.3076
1895,10,23,6,7,0.3076
2655,18,1,3,3,0.3076
2165,13,4,6,7,0.3076
91,1,6,2,2,0.3076
1857,10,13,6,7,0.3076
2669,18,3,3,3,0.3076
582,3,3,6,7,0.3076
1850,10,11,6,7,0.3076
868,4,9,2,5,0.3076
1843,10,10,6,7,0.3076
1831,10,10,2,5,0.3076
1824,10,8,6,7,0.3076
3044,24,21,3,3,0.3076
1946,11,4,6,7,0.3076
1818,10,8,3,3,0.3076
1810,10,7,6,7,0.3076
2495,15,18,3,3,0.3076
854,4,6,2,5,0.3076
1300,6,27,2,2,0.3076
2009,11,17,6,7,0.3076
557,3,2,6,7,0.3076
821,4,2,2,5,0.3076
3065,24,26,3,3,0.3076
2977,24,2,3,3,0.3076
471,2,23,6,7,0.3076
495,2,27,2,5,0.3076
493,2,27,2,2,0.3076
1142,6,1,3,3,0.3076
330,2,4,6,7,0.3076
1404,7,17,6,7,0.3076
751,3,21,3,3,0.3076
351,2,6,3,3,0.3076
667,3,9,2,5,0.3076
740,3,18,3,3,0.3076
1155,6,2,3,3,0.3076
2320,14,4,2,2,0.3076
381,2,8,3,3,0.3076
2584,17,7,6,7,0.3076
3146,26,24,3,3,0.3076
1196,6,6,3,3,0.3076
672,3,10,2,5,0.3076
2710,18,18,3,3,0.3076
396,2,10,2,5,0.3076
1538,8,6,3,3,0.3076
1168,6,3,3,3,0.3076
703,3,14,2,2,0.3076
699,3,13,6,7,0.3076
689,3,11,6,7,0.3076
2971,24,1,3,3,0.3076
661,3,8,6,7,0.3076
598,3,4,6,7,0.3076
2984,24,3,3,3,0.3076
2695,18,10,3,3,0.3076
2607,17,13,6,7,0.3076
786,3,27,2,5,0.3076
1340,7,4,6,7,0.3076
784,3,27,2,2,0.3076
2242,13,17,6,7,0.3076
2596,17,11,6,7,0.3076
1112,5,26,3,3,0.3076
2590,17,8,6,7,0.3076
1115,5,27,2,5,0.3076
2702,18,15,3,3,0.3076
2615,17,17,6,7,0.3076
1578,8,8,7,9,0.3
1668,8,25,7,9,0.3
1635,8,15,7,9,0.3
1216,6,8,7,9,0.3
1547,8,6,7,9,0.3
3075,25,8,7,9,0.3
2564,16,24,4,3,0.2856
242,1,27,4,3,0.2856
2556,16,16,4,3,0.2856
2553,16,15,4,3,0.2856
1071,5,16,4,3,0.2856
2446,15,3,4,3,0.2856
2439,15,2,4,3,0.2856
2507,15,24,4,3,0.2856
187,1,16,4,3,0.2856
2490,15,16,4,3,0.2856
1680,8,27,4,3,0.2856
2523,16,1,4,3,0.2856
1098,5,24,4,3,0.2856
217,1,24,4,3,0.2856
2535,16,5,4,3,0.2856
2547,16,10,4,3,0.2856
313,2,3,4,3,0.2856
950,5,1,8,12,0.2727
1259,6,15,8,12,0.2727
949,5,1,5,6,0.2727
1188,6,5,8,12,0.2727
964,5,2,5,6,0.2727
979,5,3,5,6,0.2727
1000,5,5,5,6,0.2727
1001,5,5,8,12,0.2727
1016,5,6,8,12,0.2727
632,3,6,5,6,0.2727
1060,5,14,8,12,0.2727
802,3,29,5,6,0.2727
1125,5,28,8,12,0.2727
2565,16,24,8,12,0.2727
2554,16,15,8,12,0.2727
613,3,5,5,6,0.2727
1032,5,8,5,6,0.2727
1689,8,29,5,6,0.2727
387,2,8,5,6,0.2727
1743,10,1,5,6,0.2727
1757,10,2,5,6,0.2727
86,1,5,5,6,0.2727
87,1,5,8,12,0.2727
1772,10,3,5,6,0.2727
104,1,6,5,6,0.2727
2331,14,5,8,12,0.2727
297,2,2,5,6,0.2727
218,1,24,8,12,0.2727
3243,28,5,8,12,0.2727
2388,14,15,8,12,0.2727
1546,8,6,5,6,0.2727
3263,28,15,8,12,0.2727
1841,10,10,5,6,0.2727
316,2,3,5,6,0.2727
1822,10,8,5,6,0.2727
2464,15,6,8,12,0.2727
2521,15,28,8,12,0.2727
2488,15,15,8,12,0.2727
2266,13,29,5,6,0.2727
2491,15,16,8,12,0.2727
407,2,10,5,6,0.2727
253,1,29,5,6,0.2727
2257,13,24,8,12,0.2727
2481,15,14,8,12,0.2727
2508,15,24,8,12,0.2727
2479,15,13,8,12,0.2727
2514,15,25,8,12,0.2727
1528,8,5,5,6,0.2727
279,2,1,5,6,0.2727
2239,13,15,8,12,0.2727
1674,8,27,2,2,0.2693
1776,10,4,2,2,0.2693
1890,10,23,2,2,0.2693
877,4,14,2,2,0.2693
1512,8,4,2,2,0.2693
466,2,23,2,2,0.2693
1400,7,13,9,8,0.25
2336,14,6,2,10,0.25
3113,26,8,9,8,0.25
1429,7,29,9,8,0.25
2280,13,34,9,8,0.25
2592,17,8,9,8,0.25
743,3,19,1,4,0.25
1389,7,12,9,8,0.25
2916,23,3,1,4,0.25
2909,23,2,1,4,0.25
2209,13,11,9,8,0.25
755,3,23,1,4,0.25
2065,12,7,9,8,0.25
2032,11,29,9,8,0.25
1153,6,2,2,10,0.25
2005,11,13,9,8,0.25
349,2,6,2,10,0.25
1247,6,14,2,10,0.25
2076,12,11,9,8,0.25
1994,11,12,9,8,0.25
1971,11,8,9,8,0.25
2178,13,7,9,8,0.25
1366,7,8,9,8,0.25
2903,22,22,1,1,0.238
2896,22,4,1,1,0.238
1487,8,3,1,1,0.238
2892,22,2,1,1,0.238
372,2,8,1,1,0.238
907,4,22,1,1,0.238
1509,8,4,1,1,0.238
1465,8,2,1,1,0.238
1560,8,8,1,1,0.238
2901,22,19,1,1,0.238
643,3,8,1,1,0.238
462,2,22,1,1,0.238
272,2,1,3,2,0.2307
1632,8,15,3,3,0.2307
1620,8,14,2,2,0.2307
1676,8,27,2,5,0.2307
350,2,6,3,2,0.2307
2878,21,24,3,3,0.2307
770,3,25,3,3,0.2307
2868,21,21,3,3,0.2307
1642,8,16,3,3,0.2307
290,2,2,3,2,0.2307
1141,6,1,3,2,0.2307
310,2,3,3,2,0.2307
2889,21,26,3,3,0.2307
2522,16,1,3,3,0.2307
201,1,19,3,3,0.2307
1090,5,21,3,3,0.2307
1915,10,27,2,5,0.2307
872,4,10,2,5,0.2307
1858,10,14,2,2,0.2307
2781,19,26,3,3,0.2307
110,1,7,3,3,0.2307
2771,19,19,3,3,0.2307
95,1,6,3,2,0.2307
1913,10,27,2,2,0.2307
2679,18,5,3,3,0.2307
142,1,10,3,2,0.2307
51,1,3,3,2,0.2307
2745,19,3,3,3,0.2307
29,1,2,3,2,0.2307
2741,19,2,3,3,0.2307
2737,19,1,3,3,0.2307
2726,18,25,3,3,0.2307
7,1,1,3,2,0.2307
1835,10,10,3,2,0.2307
1796,10,6,3,2,0.2307
1079,5,18,3,3,0.2307
223,1,25,3,3,0.2307
1070,5,16,3,3,0.2307
1699,9,1,2,5,0.2307
1702,9,3,2,5,0.2307
1704,9,4,2,5,0.2307
1706,9,5,2,5,0.2307
1055,5,14,2,2,0.2307
1713,9,9,2,5,0.2307
1737,10,1,3,2,0.2307
2794,21,1,3,3,0.2307
1038,5,10,2,2,0.2307
1751,10,2,3,2,0.2307
1767,10,3,3,2,0.2307
1024,5,8,2,5,0.2307
1782,10,5,2,2,0.2307
2807,21,3,3,3,0.2307
2800,21,2,3,3,0.2307
744,3,19,3,3,0.2307
930,4,27,2,5,0.2307
1448,8,1,2,5,0.2307
1520,8,5,2,5,0.2307
2563,16,24,3,3,0.2307
2933,23,7,6,7,0.2307
675,3,10,3,2,0.2307
2947,23,11,6,7,0.2307
2951,23,13,6,7,0.2307
1535,8,6,2,5,0.2307
1208,6,8,2,5,0.2307
2357,14,10,2,2,0.2307
2997,24,5,3,3,0.2307
1230,6,10,3,2,0.2307
3135,26,16,3,3,0.2307
2546,16,10,3,3,0.2307
3114,26,10,3,3,0.2307
2468,15,8,3,3,0.2307
1514,8,4,2,5,0.2307
1470,8,2,2,5,0.2307
2343,14,8,2,2,0.2307
2555,16,16,3,3,0.2307
640,3,7,3,3,0.2307
2462,15,6,3,3,0.2307
2964,23,23,6,7,0.2307
1492,8,3,2,5,0.2307
546,3,2,3,2,0.2307
2552,16,15,3,3,0.2307
522,3,1,3,2,0.2307
1211,6,8,3,3,0.2307
2534,16,5,3,3,0.2307
2938,23,8,6,7,0.2307
1167,6,3,3,2,0.2307
3144,26,19,3,3,0.2307
2518,15,26,3,3,0.2307
2526,16,2,3,3,0.2307
2512,15,25,3,3,0.2307
1154,6,2,3,2,0.2307
1565,8,8,2,5,0.2307
3101,26,5,3,3,0.2307
2489,15,16,3,3,0.2307
377,2,8,2,5,0.2307
2326,14,5,2,2,0.2307
3103,26,7,3,3,0.2307
3145,26,21,3,3,0.2307
623,3,6,3,2,0.2307
2530,16,3,3,3,0.2307
571,3,3,3,2,0.2307
400,2,10,3,2,0.2307
1195,6,6,3,2,0.2307
648,3,8,2,5,0.2307
128,1,8,4,13,0.2222
2386,14,14,11,15,0.2222
112,1,7,4,11,0.2222
1356,7,7,11,15,0.2222
2415,14,27,8,13,0.2222
1002,5,5,8,13,0.2222
2181,13,7,11,15,0.2222
1203,6,6,8,13,0.2222
2384,14,14,8,13,0.2222
147,1,10,4,11,0.2222
2417,14,28,8,13,0.2222
1392,7,12,11,15,0.2222
998,5,5,4,13,0.2222
148,1,10,4,13,0.2222
2785,19,29,11,15,0.2222
2212,13,11,11,15,0.2222
1387,7,11,11,15,0.2222
1012,5,6,4,11,0.2222
3261,28,14,8,13,0.2222
127,1,8,4,11,0.2222
1013,5,6,4,13,0.2222
1017,5,6,8,13,0.2222
2762,19,13,11,15,0.2222
106,1,6,8,13,0.2222
1309,6,27,8,13,0.2222
2068,12,7,11,15,0.2222
13,1,1,4,13,0.2222
2035,11,29,11,15,0.2222
1252,6,14,8,13,0.2222
19,1,1,8,13,0.2222
2008,11,13,11,15,0.2222
947,5,1,4,13,0.2222
951,5,1,8,13,0.2222
2744,19,2,11,15,0.2222
2747,19,3,11,15,0.2222
35,1,2,4,13,0.2222
2079,12,11,11,15,0.2222
1997,11,12,11,15,0.2222
1992,11,11,11,15,0.2222
1961,11,7,11,15,0.2222
2422,14,29,11,15,0.2222
962,5,2,4,13,0.2222
2106,12,17,11,15,0.2222
2108,12,19,11,15,0.2222
3285,28,28,8,13,0.2222
2761,19,12,11,15,0.2222
1311,6,28,8,13,0.2222
84,1,5,4,13,0.2222
3247,28,6,8,13,0.2222
3280,28,27,8,13,0.2222
88,1,5,8,13,0.2222
2427,14,34,11,15,0.2222
100,1,6,4,11,0.2222
2775,19,19,11,15,0.2222
101,1,6,4,13,0.2222
1403,7,13,11,15,0.2222
1120,5,27,4,13,0.2222
3244,28,5,8,13,0.2222
3192,27,5,4,13,0.2222
3177,27,1,8,13,0.2222
404,2,10,4,11,0.2222
3181,27,2,4,13,0.2222
2332,14,5,8,13,0.2222
1526,8,5,4,13,0.2222
1683,8,27,4,13,0.2222
259,1,34,11,15,0.2222
1525,8,5,4,11,0.2222
2247,13,19,11,15,0.2222
1695,8,34,11,15,0.2222
2342,14,6,8,13,0.2222
252,1,28,8,13,0.2222
2246,13,17,11,15,0.2222
247,1,27,8,13,0.2222
245,1,27,4,13,0.2222
714,3,14,11,15,0.2222
1122,5,27,8,13,0.2222
1542,8,6,4,11,0.2222
2307,14,2,11,15,0.2222
1572,8,8,4,11,0.2222
745,3,19,11,15,0.2222
354,2,6,4,11,0.2222
367,2,7,4,11,0.2222
1148,6,1,8,13,0.2222
1598,8,10,4,13,0.2222
2319,14,3,11,15,0.2222
3175,27,1,4,13,0.2222
2295,14,1,11,15,0.2222
384,2,8,4,11,0.2222
2294,14,1,8,13,0.2222
1543,8,6,4,13,0.2222
1630,8,14,11,15,0.2222
1126,5,28,8,13,0.2222
2353,14,8,11,15,0.2222
1061,5,14,8,13,0.2222
3215,27,14,8,13,0.2222
174,1,14,11,15,0.2222
1573,8,8,4,13,0.2222
3225,27,28,8,13,0.2222
3223,27,27,8,13,0.2222
1029,5,8,4,11,0.2222
1030,5,8,4,13,0.2222
3221,27,27,4,13,0.2222
1455,8,1,4,11,0.2222
1456,8,1,4,13,0.2222
3194,27,5,8,13,0.2222
3213,27,10,4,13,0.2222
1189,6,5,8,13,0.2222
3207,27,8,4,13,0.2222
2369,14,12,11,15,0.2222
1432,7,29,11,15,0.2222
3200,27,6,8,13,0.2222
1048,5,10,4,13,0.2222
1020,5,7,4,11,0.2222
809,3,34,11,15,0.2222
1478,8,2,4,13,0.2222
1477,8,2,4,11,0.2222
1047,5,10,4,11,0.2222
2373,14,13,11,15,0.2222
3198,27,6,4,13,0.2222
173,1,14,8,13,0.2222
3233,28,1,8,13,0.2222
791,3,27,4,3,0.2142
111,1,7,4,3,0.2142
2531,16,3,4,3,0.2142
719,3,15,4,3,0.2142
340,2,5,4,3,0.2142
1019,5,7,4,3,0.2142
2527,16,2,4,3,0.2142
403,2,10,4,3,0.2142
500,2,27,4,3,0.2142
1711,9,8,7,9,0.2
1607,8,11,7,9,0.2
1238,6,11,7,9,0.2
1729,9,25,7,9,0.2
1719,9,15,7,9,0.2
1718,9,11,7,9,0.2
1715,9,9,7,9,0.2
1223,6,9,7,9,0.2
1709,9,6,7,9,0.2
1585,8,9,7,9,0.2
3326,30,30,7,9,0.2
3325,30,25,7,9,0.2
3076,25,9,7,9,0.2
3323,30,15,7,9,0.2
3089,25,30,7,9,0.2
3078,25,11,7,9,0.2
2408,14,27,2,2,0.1923
1022,5,8,2,2,0.1923
870,4,10,2,2,0.1923
928,4,27,2,2,0.1923
1114,5,27,2,2,0.1923
69,1,4,2,2,0.1923
1518,8,5,2,2,0.1923
490,2,27,1,1,0.1904
781,3,27,1,1,0.1904
2898,22,5,1,1,0.1904
1671,8,27,1,1,0.1904
2894,22,3,1,1,0.1904
752,3,22,1,1,0.1904
556,3,2,5,15,0.1818
532,3,1,5,15,0.1818
558,3,2,8,12,0.1818
1308,6,27,8,12,0.1818
2138,13,1,5,15,0.1818
2139,13,1,8,12,0.1818
797,3,28,8,12,0.1818
3279,28,27,8,12,0.1818
581,3,3,5,15,0.1818
2147,13,2,5,15,0.1818
533,3,1,8,12,0.1818
1690,8,29,5,15,0.1818
1050,5,10,5,6,0.1818
2434,15,1,8,12,0.1818
803,3,29,5,15,0.1818
2158,13,3,5,15,0.1818
2414,14,27,8,12,0.1818
583,3,3,8,12,0.1818
2397,14,19,8,12,0.1818
2394,14,17,8,12,0.1818
2187,13,8,5,15,0.1818
132,1,8,5,15,0.1818
2367,14,12,8,12,0.1818
1033,5,8,8,12,0.1818
3252,28,8,8,12,0.1818
1460,8,1,5,15,0.1818
1461,8,1,8,12,0.1818
39,1,2,5,15,0.1818
2525,16,1,8,12,0.1818
1273,6,19,8,12,0.1818
2102,12,17,8,12,0.1818
1200,6,6,5,6,0.1818
2098,12,14,8,12,0.1818
1121,5,27,8,12,0.1818
61,1,3,5,15,0.1818
690,3,12,5,6,0.1818
691,3,12,5,15,0.1818
698,3,13,5,15,0.1818
1173,6,3,8,12,0.1818
1172,6,3,5,6,0.1818
712,3,14,8,12,0.1818
1160,6,2,8,12,0.1818
1159,6,2,5,6,0.1818
2090,12,13,5,15,0.1818
758,3,23,5,6,0.1818
2089,12,13,5,6,0.1818
62,1,3,8,12,0.1818
662,3,8,8,12,0.1818
1268,6,17,8,12,0.1818
660,3,8,5,15,0.1818
40,1,2,8,12,0.1818
614,3,5,8,12,0.1818
156,1,12,5,15,0.1818
2117,12,29,5,15,0.1818
2116,12,29,5,6,0.1818
1239,6,12,8,12,0.1818
633,3,6,8,12,0.1818
1235,6,10,5,6,0.1818
2080,12,12,5,6,0.1818
1099,5,24,8,12,0.1818
2081,12,12,5,15,0.1818
2107,12,19,8,12,0.1818
1217,6,8,8,12,0.1818
1215,6,8,5,6,0.1818
2083,12,12,8,12,0.1818
155,1,12,5,6,0.1818
133,1,8,8,12,0.1818
3224,27,28,8,12,0.1818
1609,8,12,5,15,0.1818
2047,12,1,5,15,0.1818
2046,12,1,5,6,0.1818
965,5,2,8,12,0.1818
3214,27,14,8,12,0.1818
2760,19,12,8,12,0.1818
2305,14,2,8,12,0.1818
2763,19,14,8,12,0.1818
2768,19,17,8,12,0.1818
1579,8,8,8,12,0.1818
1577,8,8,5,15,0.1818
3222,27,27,8,12,0.1818
2317,14,3,8,12,0.1818
980,5,3,8,12,0.1818
2774,19,19,8,12,0.1818
2226,13,13,5,15,0.1818
2069,12,8,5,6,0.1818
190,1,16,8,12,0.1818
1608,8,12,5,6,0.1818
1616,8,13,5,15,0.1818
17,1,1,5,15,0.1818
212,1,23,5,6,0.1818
2062,12,6,8,12,0.1818
254,1,29,5,15,0.1818
1687,8,28,8,12,0.1818
2252,13,23,5,6,0.1818
246,1,27,8,12,0.1818
3193,27,5,8,12,0.1818
1659,8,23,5,6,0.1818
2056,12,3,5,15,0.1818
2267,13,29,5,15,0.1818
2055,12,3,5,6,0.1818
3199,27,6,8,12,0.1818
227,1,25,8,12,0.1818
3176,27,1,8,12,0.1818
2051,12,2,5,15,0.1818
2050,12,2,5,6,0.1818
2751,19,6,8,12,0.1818
1628,8,14,8,12,0.1818
1548,8,6,8,12,0.1818
1146,6,1,5,6,0.1818
181,1,15,8,12,0.1818
2213,13,12,5,6,0.1818
3236,28,2,8,12,0.1818
1505,8,3,8,12,0.1818
2214,13,12,5,15,0.1818
2351,14,8,8,12,0.1818
2070,12,8,5,15,0.1818
3239,28,3,8,12,0.1818
1529,8,5,8,12,0.1818
1504,8,3,5,15,0.1818
162,1,13,8,12,0.1818
1482,8,2,5,15,0.1818
1015,5,6,5,6,0.1818
161,1,13,5,15,0.1818
1483,8,2,8,12,0.1818
1834,10,10,2,10,0.1666
673,3,10,2,6,0.1666
2982,24,3,2,10,0.1666
1493,8,3,2,6,0.1666
3293,29,2,2,10,0.1666
2891,21,29,2,10,0.1666
141,1,10,2,6,0.1666
1735,10,1,2,6,0.1666
1412,7,23,1,4,0.1666
674,3,10,2,10,0.1666
1736,10,1,2,10,0.1666
654,3,8,4,6,0.1666
526,3,1,4,6,0.1666
307,2,3,2,6,0.1666
1454,8,1,4,6,0.1666
749,3,21,2,10,0.1666
270,2,1,2,6,0.1666
731,3,17,2,10,0.1666
2360,14,10,2,10,0.1666
55,1,3,4,6,0.1666
2928,23,7,1,4,0.1666
1449,8,1,2,6,0.1666
679,3,10,4,6,0.1666
1815,10,8,2,6,0.1666
1827,10,9,2,10,0.1666
146,1,10,4,6,0.1666
287,2,2,2,6,0.1666
2969,24,1,2,10,0.1666
1832,10,10,2,6,0.1666
649,3,8,2,6,0.1666
2995,24,5,2,10,0.1666
2989,24,4,2,10,0.1666
1313,6,29,2,10,0.1666
3051,24,24,2,10,0.1666
1566,8,8,2,6,0.1666
399,2,10,2,10,0.1666
2419,14,29,2,10,0.1666
520,3,1,2,6,0.1666
1344,7,7,1,4,0.1666
1764,10,3,2,6,0.1666
544,3,2,2,6,0.1666
82,1,5,4,6,0.1666
99,1,6,4,6,0.1666
1766,10,3,2,10,0.1666
378,2,8,2,6,0.1666
1341,7,5,1,4,0.1666
397,2,10,2,6,0.1666
1541,8,6,4,6,0.1666
3068,24,29,2,10,0.1666
569,3,3,2,6,0.1666
575,3,3,4,6,0.1666
1785,10,5,2,10,0.1666
1748,10,2,2,6,0.1666
1338,7,4,1,4,0.1666
126,1,8,4,6,0.1666
1779,10,4,2,10,0.1666
121,1,8,2,6,0.1666
1596,8,10,4,6,0.1666
1591,8,10,2,6,0.1666
3011,24,9,2,10,0.1666
1750,10,2,2,10,0.1666
1471,8,2,2,6,0.1666
627,3,6,4,6,0.1666
506,2,29,2,10,0.1666
1524,8,5,4,6,0.1666
609,3,5,4,6,0.1666
1861,10,14,2,10,0.1666
3042,24,21,2,10,0.1666
1571,8,8,4,6,0.1666
1476,8,2,4,6,0.1666
1498,8,3,4,6,0.1666
2573,17,1,2,10,0.1666
2866,21,21,2,10,0.1666
2594,17,9,2,10,0.1666
1095,5,24,2,10,0.1666
1088,5,21,2,10,0.1666
3314,29,21,2,10,0.1666
2614,17,17,2,10,0.1666
1075,5,17,2,10,0.1666
3316,29,24,2,10,0.1666
2834,21,9,2,10,0.1666
33,1,2,4,6,0.1666
28,1,2,2,6,0.1666
1046,5,10,4,6,0.1666
2818,21,5,2,10,0.1666
1041,5,10,2,10,0.1666
2812,21,4,2,10,0.1666
1028,5,8,4,6,0.1666
2805,21,3,2,10,0.1666
2792,21,1,2,10,0.1666
858,4,7,1,4,0.1666
1011,5,6,4,6,0.1666
996,5,5,4,6,0.1666
873,4,10,2,10,0.1666
11,1,1,4,6,0.1666
975,5,3,4,6,0.1666
893,4,17,2,10,0.1666
960,5,2,4,6,0.1666
904,4,21,2,10,0.1666
6,1,1,2,6,0.1666
915,4,24,2,10,0.1666
945,5,1,4,6,0.1666
3310,29,14,2,10,0.1666
550,3,2,4,6,0.1666
762,3,24,2,10,0.1666
2582,17,5,2,10,0.1666
3304,29,6,2,10,0.1666
2576,17,3,2,10,0.1666
2579,17,4,2,10,0.1666
50,1,3,2,6,0.1666
2876,21,24,2,10,0.1666
468,2,23,2,7,0.1538
1814,10,8,2,5,0.1538
3104,26,7,6,7,0.1538
1450,8,1,3,2,0.1538
2811,21,4,2,5,0.1538
1816,10,8,2,7,0.1538
2197,13,10,2,7,0.1538
1817,10,8,3,2,0.1538
840,4,4,3,2,0.1538
1826,10,9,2,5,0.1538
472,2,24,2,2,0.1538
1179,6,4,3,2,0.1538
1433,7,32,6,7,0.1538
832,4,3,3,2,0.1538
2641,17,32,6,7,0.1538
1025,5,8,3,3,0.1538
841,4,4,3,3,0.1538
3111,26,8,6,7,0.1538
2064,12,7,6,7,0.1538
2791,21,1,2,5,0.1538
857,4,6,3,3,0.1538
856,4,6,3,2,0.1538
440,2,16,3,3,0.1538
2354,14,9,2,2,0.1538
442,2,17,6,7,0.1538
1472,8,2,3,2,0.1538
1018,5,7,3,3,0.1538
3116,26,11,6,7,0.1538
449,2,18,3,3,0.1538
2804,21,3,2,5,0.1538
1805,10,7,2,7,0.1538
2205,13,11,2,7,0.1538
2577,17,3,6,7,0.1538
2075,12,11,6,7,0.1538
1833,10,10,2,7,0.1538
2955,23,21,6,7,0.1538
2015,11,21,6,7,0.1538
498,2,27,3,3,0.1538
816,4,1,3,3,0.1538
1378,7,11,2,7,0.1538
2914,23,2,6,7,0.1538
815,4,1,3,2,0.1538
2820,21,5,3,3,0.1538
1371,7,10,2,7,0.1538
2174,13,7,2,7,0.1538
1867,10,15,3,3,0.1538
2410,14,27,2,5,0.1538
1360,7,8,2,7,0.1538
1873,10,16,3,3,0.1538
2829,21,7,6,7,0.1538
1879,10,18,3,3,0.1538
1347,7,7,2,7,0.1538
1056,5,14,2,5,0.1538
122,1,8,3,2,0.1538
1854,10,13,2,7,0.1538
2018,11,23,2,7,0.1538
497,2,27,3,2,0.1538
1422,7,26,6,7,0.1538
1035,5,9,2,2,0.1538
2574,17,2,6,7,0.1538
1415,7,23,2,7,0.1538
482,2,25,3,3,0.1538
2817,21,5,2,5,0.1538
1410,7,21,6,7,0.1538
824,4,2,3,3,0.1538
1847,10,11,2,7,0.1538
488,2,26,3,3,0.1538
2376,14,14,2,5,0.1538
823,4,2,3,2,0.1538
1396,7,13,2,7,0.1538
2185,13,8,2,7,0.1538
1388,7,12,6,7,0.1538
434,2,15,3,3,0.1538
2215,13,12,6,7,0.1538
1494,8,3,3,2,0.1538
1723,9,21,2,5,0.1538
1727,9,24,2,5,0.1538
2685,18,6,3,3,0.1538
308,2,3,2,7,0.1538
2286,14,1,2,5,0.1538
761,3,24,2,5,0.1538
903,4,21,2,5,0.1538
327,2,4,3,2,0.1538
2298,14,2,2,5,0.1538
328,2,4,3,3,0.1538
2752,19,7,3,3,0.1538
2310,14,3,2,5,0.1538
1592,8,10,3,2,0.1538
2568,16,26,3,3,0.1538
1590,8,10,2,5,0.1538
1749,10,2,2,7,0.1538
748,3,21,2,5,0.1538
914,4,24,2,5,0.1538
2091,12,13,6,7,0.1538
288,2,2,2,7,0.1538
2718,18,21,3,3,0.1538
2248,13,21,6,7,0.1538
2251,13,23,2,7,0.1538
2722,18,24,3,3,0.1538
1678,8,27,3,3,0.1538
1677,8,27,3,2,0.1538
2732,18,26,3,3,0.1538
2260,13,26,6,7,0.1538
1665,8,25,3,3,0.1538
240,1,27,3,3,0.1538
239,1,27,3,2,0.1538
236,1,27,2,2,0.1538
1651,8,18,3,3,0.1538
2690,18,8,3,3,0.1538
2274,13,32,6,7,0.1538
3162,26,32,6,7,0.1538
364,2,7,2,7,0.1538
2628,17,26,6,7,0.1538
2224,13,13,2,7,0.1538
413,2,11,2,7,0.1538
867,4,9,2,2,0.1538
3137,26,17,6,7,0.1538
2335,14,6,2,5,0.1538
1521,8,5,3,3,0.1538
3133,26,15,3,3,0.1538
2071,12,8,6,7,0.1538
863,4,8,2,5,0.1538
421,2,13,2,7,0.1538
1780,10,4,3,2,0.1538
1781,10,4,3,3,0.1538
427,2,14,2,5,0.1538
3127,26,13,6,7,0.1538
861,4,8,2,2,0.1538
1008,5,6,3,3,0.1538
2025,11,26,6,7,0.1538
1537,8,6,3,2,0.1538
2036,11,32,6,7,0.1538
1965,11,8,2,7,0.1538
1567,8,8,3,2,0.1538
2776,19,21,3,3,0.1538
3150,26,26,6,7,0.1538
2778,19,24,3,3,0.1538
1765,10,3,2,7,0.1538
879,4,14,2,5,0.1538
2322,14,4,2,5,0.1538
379,2,8,2,7,0.1538
380,2,8,3,2,0.1538
2327,14,5,2,5,0.1538
875,4,10,3,3,0.1538
390,2,9,2,2,0.1538
391,2,9,2,5,0.1538
874,4,10,3,2,0.1538
398,2,10,2,7,0.1538
2830,21,8,6,7,0.1538
833,4,3,3,3,0.1538
3012,24,10,2,2,0.1538
3037,24,18,3,3,0.1538
1918,10,27,3,3,0.1538
2001,11,13,2,7,0.1538
3028,24,15,3,3,0.1538
3017,24,10,3,3,0.1538
1257,6,15,3,3,0.1538
2156,13,3,2,7,0.1538
73,1,4,3,3,0.1538
2842,21,10,3,3,0.1538
1246,6,14,2,5,0.1538
2833,21,9,2,5,0.1538
2844,21,11,6,7,0.1538
1896,10,24,2,2,0.1538
3010,24,9,2,5,0.1538
1094,5,24,2,5,0.1538
1932,11,2,2,7,0.1538
3005,24,7,3,3,0.1538
72,1,4,3,2,0.1538
1087,5,21,2,5,0.1538
3038,24,19,3,3,0.1538
1104,5,25,3,3,0.1538
3041,24,21,2,5,0.1538
1293,6,25,3,3,0.1538
2875,21,24,2,5,0.1538
1906,10,25,3,3,0.1538
1912,10,26,3,3,0.1538
3050,24,24,2,5,0.1538
3048,24,24,2,2,0.1538
75,1,5,2,2,0.1538
1917,10,27,3,2,0.1538
1304,6,27,3,2,0.1538
2501,15,21,3,3,0.1538
1305,6,27,3,3,0.1538
789,3,27,3,3,0.1538
1272,6,18,3,3,0.1538
1993,11,12,6,7,0.1538
595,3,4,3,2,0.1538
596,3,4,3,3,0.1538
788,3,27,3,2,0.1538
2082,12,12,6,7,0.1538
2994,24,5,2,5,0.1538
2861,21,18,3,3,0.1538
2981,24,3,2,5,0.1538
2145,13,2,2,7,0.1538
666,3,9,2,2,0.1538
2865,21,21,2,5,0.1538
2869,21,21,6,7,0.1538
1952,11,7,2,7,0.1538
2623,17,21,6,7,0.1538
2624,17,23,6,7,0.1538
2979,24,3,2,2,0.1538
2952,23,17,6,7,0.1538
2972,24,2,2,2,0.1538
2920,23,3,6,7,0.1538
1333,7,3,2,7,0.1538
1976,11,10,2,7,0.1538
2968,24,1,2,5,0.1538
2872,21,23,6,7,0.1538
1180,6,4,3,3,0.1538
2857,21,17,6,7,0.1538
2942,23,10,6,7,0.1538
1983,11,11,2,7,0.1538
2846,21,13,6,7,0.1538
1220,6,9,2,2,0.1538
650,3,8,3,2,0.1538
2988,24,4,2,5,0.1538
705,3,14,2,5,0.1538
1324,7,2,2,7,0.1538
1221,6,9,2,5,0.1538
1940,11,3,2,7,0.1538
2851,21,15,3,3,0.1538
1892,10,23,2,7,0.1538
1210,6,8,3,2,0.1538
4,1,1,2,3,0.1482
268,2,1,2,3,0.1482
567,3,3,2,3,0.1482
1830,10,10,2,3,0.1482
395,2,10,2,3,0.1482
1792,10,6,2,3,0.1482
346,2,6,2,3,0.1482
1746,10,2,2,3,0.1482
285,2,2,2,3,0.1482
671,3,10,2,3,0.1482
305,2,3,2,3,0.1482
619,3,6,2,3,0.1482
1733,10,1,2,3,0.1482
1762,10,3,2,3,0.1482
139,1,10,2,3,0.1482
542,3,2,2,3,0.1482
48,1,3,2,3,0.1482
518,3,1,2,3,0.1482
92,1,6,2,3,0.1482
26,1,2,2,3,0.1482
402,2,10,4,2,0.1428
3189,27,5,4,3,0.1428
1633,8,15,4,3,0.1428
1539,8,6,4,2,0.1428
97,1,6,4,2,0.1428
1474,8,2,4,2,0.1428
1569,8,8,4,2,0.1428
53,1,3,4,2,0.1428
2466,15,7,4,3,0.1428
3178,27,2,4,3,0.1428
31,1,2,4,2,0.1428
1117,5,27,4,3,0.1428
548,3,2,4,2,0.1428
524,3,1,4,2,0.1428
1753,10,2,4,2,0.1428
1496,8,3,4,2,0.1428
2463,15,6,4,3,0.1428
1799,10,6,4,3,0.1428
2538,16,6,4,3,0.1428
292,2,2,4,2,0.1428
1798,10,6,4,2,0.1428
3204,27,8,4,3,0.1428
382,2,8,4,2,0.1428
1769,10,3,4,2,0.1428
274,2,1,4,2,0.1428
1754,10,2,4,3,0.1428
1770,10,3,4,3,0.1428
3195,27,6,4,3,0.1428
1819,10,8,4,2,0.1428
625,3,6,4,2,0.1428
1739,10,1,4,2,0.1428
144,1,10,4,2,0.1428
2469,15,8,4,3,0.1428
1740,10,1,4,3,0.1428
9,1,1,4,2,0.1428
677,3,10,4,2,0.1428
727,3,16,4,3,0.1428
573,3,3,4,2,0.1428
3172,27,1,4,3,0.1428
1594,8,10,4,2,0.1428
3218,27,27,4,3,0.1428
1820,10,8,4,3,0.1428
765,3,24,4,3,0.1428
3210,27,10,4,3,0.1428
2541,16,7,4,3,0.1428
124,1,8,4,2,0.1428
352,2,6,4,2,0.1428
652,3,8,4,2,0.1428
1837,10,10,4,2,0.1428
1452,8,1,4,2,0.1428
312,2,3,4,2,0.1428
1838,10,10,4,3,0.1428
2638,17,29,9,15,0.125
2112,12,26,9,15,0.125
3140,26,17,9,15,0.125
2648,17,34,9,15,0.125
2604,17,12,9,15,0.125
2085,12,12,9,15,0.125
2276,13,32,9,15,0.125
2028,11,26,9,15,0.125
1990,11,11,9,15,0.125
1354,7,7,9,15,0.125
1385,7,11,9,15,0.125
1390,7,12,9,15,0.125
2385,14,14,9,8,0.125
2012,11,17,9,15,0.125
2104,12,17,9,15,0.125
2231,13,13,9,15,0.125
3165,26,32,9,15,0.125
2407,14,26,9,8,0.125
2043,11,34,9,15,0.125
2042,11,34,9,8,0.125
3159,26,29,9,15,0.125
2587,17,7,9,15,0.125
2039,11,32,9,15,0.125
2179,13,7,9,15,0.125
2237,13,14,9,8,0.125
2077,12,11,9,15,0.125
3153,26,26,9,15,0.125
2033,11,29,9,15,0.125
2395,14,17,9,8,0.125
3132,26,14,9,8,0.125
2281,13,34,9,15,0.125
2618,17,17,9,15,0.125
1425,7,26,9,15,0.125
2599,17,11,9,15,0.125
2099,12,14,9,8,0.125
3169,26,34,9,15,0.125
2066,12,7,9,15,0.125
2421,14,29,9,8,0.125
1995,11,12,9,15,0.125
3124,26,12,9,15,0.125
2126,12,32,9,15,0.125
2609,17,13,9,15,0.125
2006,11,13,9,15,0.125
2372,14,13,9,8,0.125
2262,13,26,9,15,0.125
2244,13,17,9,15,0.125
2093,12,13,9,15,0.125
3119,26,11,9,15,0.125
2423,14,32,9,8,0.125
2644,17,32,9,15,0.125
1959,11,7,9,15,0.125
1401,7,13,9,15,0.125
1407,7,17,9,15,0.125
2191,13,8,9,8,0.125
3107,26,7,9,15,0.125
2210,13,11,9,15,0.125
2631,17,26,9,15,0.125
2072,12,8,9,8,0.125
2132,12,34,9,15,0.125
3129,26,13,9,15,0.125
2270,13,29,9,15,0.125
1430,7,29,9,15,0.125
2368,14,12,9,8,0.125
2612,17,14,9,8,0.125
2120,12,29,9,15,0.125
1436,7,32,9,15,0.125
2426,14,34,9,8,0.125
1439,7,34,9,8,0.125
1440,7,34,9,15,0.125
2217,13,12,9,15,0.125
1974,11,10,2,2,0.11536
1938,11,3,2,2,0.11536
2203,13,11,2,2,0.11536
2195,13,10,2,2,0.11536
2249,13,23,2,2,0.11536
1981,11,11,2,2,0.11536
2016,11,23,2,2,0.11536
1999,11,13,2,2,0.11536
1852,10,13,2,2,0.11536
2154,13,3,2,2,0.11536
2183,13,8,2,2,0.11536
2143,13,2,2,2,0.11536
1963,11,8,2,2,0.11536
2222,13,13,2,2,0.11536
1657,8,23,2,2,0.11536
165,1,14,2,2,0.11536
1930,11,2,2,2,0.11536
419,2,13,2,2,0.11536
1845,10,11,2,2,0.11536
411,2,11,2,2,0.11536
250,1,28,4,11,0.1111
2232,13,13,11,6,0.1111
225,1,25,4,11,0.1111
3271,28,19,4,11,0.1111
3202,27,7,4,11,0.1111
3269,28,18,4,11,0.1111
3191,27,5,4,11,0.1111
2,1,1,1,11,0.1111
235,1,27,1,11,0.1111
1697,8,38,4,11,0.1111
2053,12,2,11,6,0.1111
3197,27,6,4,11,0.1111
2151,13,2,11,6,0.1111
255,1,29,11,6,0.1111
3275,28,24,8,13,0.1111
64,1,3,11,6,0.1111
2094,12,13,11,6,0.1111
2233,13,13,11,8,0.1111
3209,27,8,8,13,0.1111
1698,8,38,4,13,0.1111
2162,13,3,11,6,0.1111
244,1,27,4,11,0.1111
24,1,2,1,11,0.1111
3206,27,8,4,11,0.1111
3188,27,3,8,13,0.1111
2007,11,13,11,8,0.1111
219,1,24,8,13,0.1111
108,1,7,1,11,0.1111
2087,12,12,11,8,0.1111
1874,10,16,4,11,0.1111
3203,27,7,4,13,0.1111
2086,12,12,11,6,0.1111
113,1,7,4,13,0.1111
46,1,3,1,11,0.1111
2245,13,17,11,8,0.1111
2058,12,3,11,6,0.1111
2067,12,7,11,8,0.1111
63,1,3,8,13,0.1111
2095,12,13,11,8,0.1111
1880,10,18,4,11,0.1111
56,1,3,4,11,0.1111
3227,27,38,4,11,0.1111
3212,27,10,4,11,0.1111
2013,11,17,11,8,0.1111
3250,28,7,4,11,0.1111
2014,11,17,11,15,0.1111
2122,12,29,11,8,0.1111
2140,13,1,11,6,0.1111
163,1,13,11,6,0.1111
257,1,31,4,11,0.1111
2121,12,29,11,6,0.1111
1790,10,5,4,11,0.1111
2211,13,11,11,8,0.1111
1922,10,28,4,11,0.1111
3242,28,5,4,11,0.1111
1991,11,11,11,8,0.1111
2218,13,12,11,6,0.1111
2073,12,8,11,6,0.1111
3240,28,3,8,13,0.1111
1924,10,31,4,11,0.1111
1972,11,8,11,15,0.1111
2078,12,11,11,8,0.1111
2048,12,1,11,6,0.1111
2127,12,32,11,8,0.1111
2133,12,34,11,8,0.1111
90,1,6,1,11,0.1111
1907,10,25,4,11,0.1111
3256,28,10,4,11,0.1111
3253,28,8,8,13,0.1111
2128,12,32,11,15,0.1111
1996,11,12,11,8,0.1111
3283,28,28,4,11,0.1111
2192,13,8,11,6,0.1111
1813,10,8,2,3,0.1111
3286,28,31,4,11,0.1111
1839,10,10,4,11,0.1111
1807,10,7,4,11,0.1111
135,1,8,11,6,0.1111
134,1,8,8,13,0.1111
157,1,12,11,6,0.1111
2219,13,12,11,8,0.1111
20,1,1,11,6,0.1111
1960,11,7,11,8,0.1111
117,1,8,1,11,0.1111
3220,27,27,4,11,0.1111
2040,11,32,11,8,0.1111
1755,10,2,4,11,0.1111
68,1,4,1,11,0.1111
200,1,18,4,11,0.1111
2041,11,32,11,15,0.1111
119,1,8,2,3,0.1111
2105,12,17,11,8,0.1111
1925,10,35,4,11,0.1111
203,1,19,4,11,0.1111
2170,13,6,11,15,0.1111
204,1,19,11,15,0.1111
3217,27,24,8,13,0.1111
1741,10,1,4,11,0.1111
2044,11,34,11,8,0.1111
2045,11,34,11,15,0.1111
194,1,18,1,11,0.1111
2034,11,29,11,8,0.1111
191,1,17,11,15,0.1111
2180,13,7,11,8,0.1111
3237,28,2,8,13,0.1111
2114,12,26,11,15,0.1111
3235,28,2,4,11,0.1111
3276,28,25,4,11,0.1111
3231,28,1,4,11,0.1111
57,1,3,4,13,0.1111
2113,12,26,11,8,0.1111
41,1,2,8,13,0.1111
3228,27,38,4,13,0.1111
3288,28,35,4,11,0.1111
42,1,2,11,6,0.1111
188,1,16,4,11,0.1111
2029,11,26,11,8,0.1111
2030,11,26,11,15,0.1111
3266,28,16,4,11,0.1111
1882,10,19,4,11,0.1111
2712,18,18,4,11,0.1111
1691,8,29,11,6,0.1111
610,3,5,4,11,0.1111
629,3,6,4,13,0.1111
628,3,6,4,11,0.1111
1253,6,14,11,15,0.1111
617,3,6,1,11,0.1111
615,3,5,8,13,0.1111
611,3,5,4,13,0.1111
590,3,4,1,11,0.1111
1240,6,12,11,15,0.1111
585,3,3,11,6,0.1111
584,3,3,8,13,0.1111
577,3,3,4,13,0.1111
576,3,3,4,11,0.1111
1289,6,24,8,13,0.1111
565,3,3,1,11,0.1111
1243,6,13,11,15,0.1111
634,3,6,8,13,0.1111
559,3,2,8,13,0.1111
663,3,8,8,13,0.1111
1174,6,3,8,13,0.1111
701,3,13,11,6,0.1111
693,3,12,11,6,0.1111
680,3,10,4,13,0.1111
1191,6,6,2,3,0.1111
664,3,8,11,6,0.1111
1204,6,6,11,15,0.1111
638,3,7,1,11,0.1111
656,3,8,4,13,0.1111
655,3,8,4,11,0.1111
1218,6,8,8,13,0.1111
647,3,8,2,3,0.1111
645,3,8,1,11,0.1111
1226,6,10,2,3,0.1111
560,3,2,11,6,0.1111
552,3,2,4,13,0.1111
1163,6,3,2,3,0.1111
492,2,27,1,11,0.1111
504,2,28,4,11,0.1111
502,2,27,4,13,0.1111
501,2,27,4,11,0.1111
1386,7,11,11,8,0.1111
3077,25,10,4,11,0.1111
1391,7,12,11,8,0.1111
3080,25,16,4,11,0.1111
508,2,31,4,11,0.1111
1402,7,13,11,8,0.1111
3081,25,18,4,11,0.1111
3082,25,19,4,11,0.1111
1408,7,17,11,8,0.1111
1409,7,17,11,15,0.1111
483,2,25,4,11,0.1111
3074,25,7,4,11,0.1111
2403,14,24,8,13,0.1111
551,3,2,4,11,0.1111
527,3,1,4,11,0.1111
1314,6,29,11,15,0.1111
1317,6,34,11,15,0.1111
540,3,2,1,11,0.1111
535,3,1,11,6,0.1111
534,3,1,8,13,0.1111
528,3,1,4,13,0.1111
1355,7,7,11,8,0.1111
3072,25,5,4,11,0.1111
3070,25,1,4,11,0.1111
513,2,38,4,13,0.1111
512,2,38,4,11,0.1111
3071,25,2,4,11,0.1111
510,2,35,4,11,0.1111
1367,7,8,11,15,0.1111
713,3,14,8,13,0.1111
1161,6,2,8,13,0.1111
3088,25,28,4,11,0.1111
2657,18,1,4,11,0.1111
977,5,3,4,13,0.1111
2664,18,2,4,11,0.1111
2769,19,17,11,15,0.1111
981,5,3,8,13,0.1111
2770,19,18,4,11,0.1111
2773,19,19,4,11,0.1111
2780,19,25,4,11,0.1111
2767,19,16,4,11,0.1111
2650,17,34,11,15,0.1111
2649,17,34,11,8,0.1111
2783,19,28,4,11,0.1111
2786,19,31,4,11,0.1111
2788,19,35,4,11,0.1111
2646,17,32,11,15,0.1111
976,5,3,4,11,0.1111
966,5,2,8,13,0.1111
1021,5,7,4,13,0.1111
2739,19,1,4,11,0.1111
2705,18,16,4,11,0.1111
2728,18,25,4,11,0.1111
2697,18,10,4,11,0.1111
2734,18,28,4,11,0.1111
2735,18,31,4,11,0.1111
2736,18,35,4,11,0.1111
2740,19,1,11,15,0.1111
2759,19,10,4,11,0.1111
2743,19,2,4,11,0.1111
2687,18,7,4,11,0.1111
2750,19,5,4,11,0.1111
2681,18,5,4,11,0.1111
2754,19,7,4,11,0.1111
2756,19,8,11,15,0.1111
2645,17,32,11,8,0.1111
1034,5,8,8,13,0.1111
733,3,17,11,15,0.1111
1124,5,28,4,11,0.1111
783,3,27,1,11,0.1111
1100,5,24,8,13,0.1111
1106,5,25,4,11,0.1111
2589,17,7,11,15,0.1111
2588,17,7,11,8,0.1111
1119,5,27,4,11,0.1111
1131,5,31,4,11,0.1111
2601,17,11,11,15,0.1111
1132,5,35,4,11,0.1111
1134,5,38,4,11,0.1111
1135,5,38,4,13,0.1111
1137,6,1,2,3,0.1111
1150,6,2,2,3,0.1111
736,3,18,1,11,0.1111
2600,17,11,11,8,0.1111
2605,17,12,11,8,0.1111
2640,17,29,11,15,0.1111
2619,17,17,11,8,0.1111
2639,17,29,11,8,0.1111
2633,17,26,11,15,0.1111
2632,17,26,11,8,0.1111
805,3,29,11,6,0.1111
2620,17,17,11,15,0.1111
798,3,28,8,13,0.1111
795,3,27,8,13,0.1111
2606,17,12,11,15,0.1111
1072,5,16,4,11,0.1111
793,3,27,4,13,0.1111
2611,17,13,11,15,0.1111
2610,17,13,11,8,0.1111
1081,5,18,4,11,0.1111
1084,5,19,4,11,0.1111
3085,25,25,4,11,0.1111
516,3,1,1,11,0.1111
2063,12,6,11,15,0.1111
1506,8,3,8,13,0.1111
3126,26,12,11,15,0.1111
1597,8,10,4,11,0.1111
1500,8,3,4,13,0.1111
1499,8,3,4,11,0.1111
344,2,6,1,11,0.1111
2714,18,19,4,11,0.1111
3125,26,12,11,8,0.1111
1491,8,3,2,3,0.1111
3121,26,11,11,15,0.1111
342,2,5,4,13,0.1111
3166,26,32,11,8,0.1111
1489,8,3,1,11,0.1111
2352,14,8,8,13,0.1111
2306,14,2,8,13,0.1111
3120,26,11,11,8,0.1111
3167,26,32,11,15,0.1111
1610,8,12,11,6,0.1111
1485,8,2,11,6,0.1111
3170,26,34,11,8,0.1111
322,2,4,1,11,0.1111
1484,8,2,8,13,0.1111
1564,8,8,2,3,0.1111
1618,8,13,11,6,0.1111
445,2,18,1,11,0.1111
3171,26,34,11,15,0.1111
1589,8,10,2,3,0.1111
1507,8,3,11,6,0.1111
3174,27,1,4,11,0.1111
355,2,6,4,13,0.1111
2318,14,3,8,13,0.1111
374,2,8,1,11,0.1111
376,2,8,2,3,0.1111
368,2,7,4,13,0.1111
1558,8,7,4,13,0.1111
1557,8,7,4,11,0.1111
1553,8,7,1,11,0.1111
1549,8,6,8,13,0.1111
385,2,8,4,13,0.1111
3154,26,26,11,8,0.1111
3155,26,26,11,15,0.1111
361,2,7,1,11,0.1111
405,2,10,4,13,0.1111
1534,8,6,2,3,0.1111
3142,26,17,11,15,0.1111
1532,8,6,1,11,0.1111
1580,8,8,8,13,0.1111
3141,26,17,11,8,0.1111
1530,8,5,8,13,0.1111
1581,8,8,11,6,0.1111
3160,26,29,11,8,0.1111
3131,26,13,11,15,0.1111
3130,26,13,11,8,0.1111
3161,26,29,11,15,0.1111
1511,8,4,1,11,0.1111
1469,8,2,2,3,0.1111
441,2,16,4,11,0.1111
314,2,3,4,11,0.1111
3108,26,7,11,8,0.1111
1654,8,19,11,15,0.1111
1467,8,2,1,11,0.1111
1447,8,1,2,3,0.1111
1445,8,1,1,11,0.1111
3180,27,2,4,11,0.1111
277,2,1,4,13,0.1111
1442,7,34,11,15,0.1111
1441,7,34,11,8,0.1111
2264,13,26,11,15,0.1111
2263,13,26,11,8,0.1111
266,2,1,1,11,0.1111
1673,8,27,1,11,0.1111
1438,7,32,11,15,0.1111
1437,7,32,11,8,0.1111
263,1,38,4,13,0.1111
262,1,38,4,11,0.1111
3183,27,2,8,13,0.1111
3091,25,35,4,11,0.1111
1682,8,27,4,11,0.1111
1431,7,29,11,8,0.1111
3090,25,31,4,11,0.1111
260,1,35,4,11,0.1111
1685,8,27,8,13,0.1111
1688,8,28,8,13,0.1111
1427,7,26,11,15,0.1111
1426,7,26,11,8,0.1111
3186,27,3,4,13,0.1111
283,2,2,1,11,0.1111
1562,8,8,1,11,0.1111
2282,13,34,11,8,0.1111
454,2,19,4,11,0.1111
303,2,3,1,11,0.1111
1629,8,14,8,13,0.1111
295,2,2,4,13,0.1111
2278,13,32,11,15,0.1111
2277,13,32,11,8,0.1111
1646,8,17,11,15,0.1111
1463,8,1,11,6,0.1111
1462,8,1,8,13,0.1111
2272,13,29,11,8,0.1111
3109,26,7,11,15,0.1111
1649,8,18,1,11,0.1111
450,2,18,4,11,0.1111
2271,13,29,11,6,0.1111
2831,21,8,7,9,0.1
2010,11,17,6,8,0.1
2884,21,25,7,9,0.1
1970,11,8,6,8,0.1
3321,30,6,7,9,0.1
2826,21,6,7,9,0.1
2642,17,32,6,8,0.1
2629,17,26,6,8,0.1
3151,26,26,6,8,0.1
3322,30,8,7,9,0.1
1988,11,11,6,8,0.1
1725,9,21,7,9,0.1
2870,21,21,7,9,0.1
2616,17,17,6,8,0.1
2835,21,9,7,9,0.1
3163,26,32,6,8,0.1
2026,11,26,6,8,0.1
2585,17,7,6,8,0.1
2852,21,15,7,9,0.1
2591,17,8,6,8,0.1
2597,17,11,6,8,0.1
1655,8,21,7,9,0.1
3324,30,24,7,9,0.1
2037,11,32,6,8,0.1
2845,21,11,7,9,0.1
3087,25,26,7,9,0.1
3112,26,8,6,8,0.1
1315,6,30,7,9,0.1
1279,6,21,7,9,0.1
1383,7,11,6,8,0.1
1287,6,24,7,9,0.1
3105,26,7,6,8,0.1
1365,7,8,6,8,0.1
3003,24,6,7,9,0.1
3117,26,11,6,8,0.1
1434,7,32,6,8,0.1
3138,26,17,6,8,0.1
1405,7,17,6,8,0.1
3083,25,21,7,9,0.1
3069,24,30,7,9,0.1
1423,7,26,6,8,0.1
1957,11,7,6,8,0.1
1352,7,7,6,8,0.1
1693,8,30,7,9,0.1
2658,18,2,1,1,0.0952
2671,18,4,1,1,0.0952
443,2,18,1,1,0.0952
464,2,23,1,1,0.0952
2665,18,3,1,1,0.0952
894,4,18,1,1,0.0952
734,3,18,1,1,0.0952
2905,22,23,1,1,0.0952
909,4,23,1,1,0.0952
2706,18,18,1,1,0.0952
3257,28,10,8,12,0.0909
3187,27,3,8,12,0.0909
2235,13,14,5,15,0.0909
2787,19,34,8,12,0.0909
2424,14,34,5,15,0.0909
2784,19,28,8,12,0.0909
2420,14,29,5,15,0.0909
2279,13,34,5,15,0.0909
2161,13,3,8,12,0.0909
2366,14,12,5,15,0.0909
2190,13,8,8,12,0.0909
2201,13,10,8,12,0.0909
2381,14,14,5,6,0.0909
2240,13,16,5,6,0.0909
2382,14,14,5,15,0.0909
2166,13,5,5,6,0.0909
2167,13,5,8,12,0.0909
3268,28,17,8,12,0.0909
3182,27,2,8,12,0.0909
2175,13,7,5,6,0.0909
3258,28,12,8,12,0.0909
2364,14,10,5,6,0.0909
2198,13,10,5,6,0.0909
2258,13,25,5,6,0.0909
2425,14,34,8,12,0.0909
2365,14,10,8,12,0.0909
3208,27,8,8,12,0.0909
2433,15,1,5,6,0.0909
2315,14,3,5,6,0.0909
2350,14,8,5,15,0.0909
2528,16,2,5,6,0.0909
2529,16,2,8,12,0.0909
2115,12,28,8,12,0.0909
2349,14,8,5,6,0.0909
2532,16,3,5,6,0.0909
2533,16,3,8,12,0.0909
2536,16,5,8,12,0.0909
2340,14,6,5,6,0.0909
3287,28,34,8,12,0.0909
2544,16,8,5,6,0.0909
2545,16,8,8,12,0.0909
2330,14,5,5,6,0.0909
2548,16,10,8,12,0.0909
2370,14,13,5,15,0.0909
2316,14,3,5,15,0.0909
2097,12,14,5,15,0.0909
2557,16,16,5,6,0.0909
2524,16,1,5,6,0.0909
3216,27,24,8,12,0.0909
3272,28,19,8,12,0.0909
2448,15,3,8,12,0.0909
2206,13,11,5,6,0.0909
2566,16,25,5,6,0.0909
2291,14,1,5,6,0.0909
2292,14,1,5,15,0.0909
2150,13,2,8,12,0.0909
2440,15,2,5,6,0.0909
2441,15,2,8,12,0.0909
2447,15,3,5,6,0.0909
2458,15,5,8,12,0.0909
2487,15,15,5,6,0.0909
2470,15,8,5,6,0.0909
2471,15,8,8,12,0.0909
2477,15,10,5,6,0.0909
2478,15,10,8,12,0.0909
2130,12,34,8,12,0.0909
2303,14,2,5,6,0.0909
2304,14,2,5,15,0.0909
2129,12,34,5,15,0.0909
2549,16,13,5,6,0.0909
1663,8,24,8,12,0.0909
2061,12,5,5,6,0.0909
700,3,13,8,12,0.0909
1634,8,15,5,6,0.0909
1627,8,14,5,15,0.0909
1626,8,14,5,6,0.0909
1617,8,13,8,12,0.0909
1606,8,11,5,6,0.0909
1602,8,10,8,12,0.0909
1600,8,10,5,3,0.0909
226,1,25,5,6,0.0909
1599,8,10,5,2,0.0909
1575,8,8,5,3,0.0909
1574,8,8,5,2,0.0909
1559,8,7,5,6,0.0909
685,3,10,8,12,0.0909
1545,8,6,5,3,0.0909
1544,8,6,5,2,0.0909
1527,8,5,5,3,0.0909
258,1,34,5,15,0.0909
682,3,10,5,3,0.0909
681,3,10,5,2,0.0909
278,2,1,5,2,0.0909
658,3,8,5,3,0.0909
1502,8,3,5,3,0.0909
1501,8,3,5,2,0.0909
1480,8,2,5,3,0.0909
1479,8,2,5,2,0.0909
1636,8,15,8,12,0.0909
1644,8,16,5,6,0.0909
657,3,8,5,2,0.0909
1645,8,16,8,12,0.0909
129,1,8,5,2,0.0909
130,1,8,5,3,0.0909
1848,10,11,5,6,0.0909
149,1,10,5,2,0.0909
1840,10,10,5,2,0.0909
150,1,10,5,3,0.0909
152,1,10,8,12,0.0909
1821,10,8,5,2,0.0909
154,1,11,5,6,0.0909
1808,10,7,5,6,0.0909
1801,10,6,5,6,0.0909
1800,10,6,5,2,0.0909
711,3,14,5,15,0.0909
1771,10,3,5,2,0.0909
170,1,14,5,6,0.0909
171,1,14,5,15,0.0909
1756,10,2,5,2,0.0909
1742,10,1,5,2,0.0909
710,3,14,5,6,0.0909
1694,8,34,5,15,0.0909
1684,8,27,8,12,0.0909
180,1,15,5,6,0.0909
1669,8,25,8,12,0.0909
1667,8,25,5,6,0.0909
189,1,16,5,6,0.0909
1458,8,1,5,3,0.0909
1457,8,1,5,2,0.0909
720,3,15,5,6,0.0909
612,3,5,5,3,0.0909
1049,5,10,5,3,0.0909
1051,5,10,8,12,0.0909
1052,5,12,5,6,0.0909
1053,5,13,5,6,0.0909
1054,5,13,8,12,0.0909
1059,5,14,5,6,0.0909
1067,5,15,8,12,0.0909
1073,5,16,8,12,0.0909
469,2,23,5,6,0.0909
579,3,3,5,3,0.0909
578,3,3,5,2,0.0909
1107,5,25,8,12,0.0909
554,3,2,5,3,0.0909
553,3,2,5,2,0.0909
1250,6,14,5,6,0.0909
1130,5,29,5,6,0.0909
1236,6,10,8,12,0.0909
1234,6,10,5,2,0.0909
1214,6,8,5,2,0.0909
1145,6,1,5,2,0.0909
1199,6,6,5,2,0.0909
1187,6,5,5,6,0.0909
530,3,1,5,3,0.0909
1158,6,2,5,2,0.0909
1171,6,3,5,2,0.0909
1031,5,8,5,3,0.0909
1014,5,6,5,3,0.0909
296,2,2,5,2,0.0909
435,2,15,5,6,0.0909
315,2,3,5,2,0.0909
1416,7,23,5,6,0.0909
1397,7,13,5,6,0.0909
641,3,7,5,6,0.0909
1379,7,11,5,6,0.0909
948,5,1,5,3,0.0909
356,2,6,5,2,0.0909
357,2,6,5,6,0.0909
1372,7,10,5,6,0.0909
963,5,2,5,3,0.0909
1361,7,8,5,6,0.0909
369,2,7,5,6,0.0909
1348,7,7,5,6,0.0909
631,3,6,5,3,0.0909
630,3,6,5,2,0.0909
386,2,8,5,2,0.0909
1334,7,3,5,6,0.0909
406,2,10,5,2,0.0909
978,5,3,5,3,0.0909
414,2,11,5,6,0.0909
1325,7,2,5,6,0.0909
422,2,13,5,6,0.0909
1319,7,1,5,6,0.0909
1316,6,34,8,12,0.0909
999,5,5,5,3,0.0909
1855,10,13,5,6,0.0909
688,3,11,5,6,0.0909
529,3,1,5,2,0.0909
729,3,16,8,12,0.0909
1868,10,15,5,6,0.0909
808,3,34,5,15,0.0909
773,3,25,8,12,0.0909
1933,11,2,5,6,0.0909
103,1,6,5,3,0.0909
1977,11,10,5,6,0.0909
59,1,3,5,3,0.0909
1928,11,1,5,6,0.0909
772,3,25,5,6,0.0909
102,1,6,5,2,0.0909
14,1,1,5,2,0.0909
37,1,2,5,3,0.0909
2002,11,13,5,6,0.0909
1966,11,8,5,6,0.0909
15,1,1,5,3,0.0909
1953,11,7,5,6,0.0909
2019,11,23,5,6,0.0909
1984,11,11,5,6,0.0909
85,1,5,5,3,0.0909
728,3,16,5,6,0.0909
114,1,7,5,6,0.0909
1941,11,3,5,6,0.0909
58,1,3,5,2,0.0909
36,1,2,5,2,0.0909
721,3,15,8,12,0.0909
794,3,27,8,12,0.0909
1893,10,23,5,6,0.0909
766,3,24,8,12,0.0909
1899,10,24,2,10,0.0833
1605,8,11,2,6,0.0833
787,3,27,2,10,0.0833
2635,17,29,2,10,0.0833
3179,27,2,4,6,0.0833
2847,21,14,2,10,0.0833
931,4,27,2,10,0.0833
621,3,6,2,6,0.0833
1910,10,26,2,10,0.0833
2900,22,7,1,4,0.0833
3205,27,8,4,6,0.0833
1916,10,27,2,10,0.0833
2963,23,23,6,4,0.0833
1968,11,8,6,4,0.0833
1975,11,10,2,6,0.0833
3185,27,3,4,6,0.0833
2144,13,2,2,6,0.0833
924,4,26,2,10,0.0833
2622,17,21,2,10,0.0833
1554,8,7,2,6,0.0833
2975,24,2,2,10,0.0833
3032,24,17,2,10,0.0833
2136,13,1,2,6,0.0833
687,3,11,2,6,0.0833
3190,27,5,4,6,0.0833
2626,17,24,2,10,0.0833
792,3,27,4,6,0.0833
1536,8,6,2,6,0.0833
243,1,27,4,6,0.0833
2840,21,10,2,10,0.0833
3317,29,26,2,10,0.0833
3196,27,6,4,6,0.0833
1964,11,8,2,6,0.0833
1923,10,29,2,10,0.0833
1955,11,7,6,4,0.0833
1327,7,2,6,4,0.0833
1323,7,2,2,6,0.0833
2401,14,24,2,10,0.0833
1370,7,10,2,6,0.0833
3015,24,10,2,10,0.0833
2406,14,26,2,10,0.0833
1363,7,8,6,4,0.0833
363,2,7,2,6,0.0833
1935,11,2,6,4,0.0833
3308,29,10,2,10,0.0833
2411,14,27,2,10,0.0833
1359,7,8,2,6,0.0833
1303,6,27,2,10,0.0833
412,2,11,2,6,0.0833
1947,11,5,6,4,0.0833
1350,7,7,6,4,0.0833
1945,11,4,6,4,0.0833
1346,7,7,2,6,0.0833
1330,7,3,1,4,0.0833
1939,11,3,2,6,0.0833
1342,7,5,6,4,0.0833
1339,7,4,6,4,0.0833
1332,7,3,2,6,0.0833
2398,14,21,2,10,0.0833
2856,21,17,2,10,0.0833
1321,7,2,1,4,0.0833
360,2,7,1,4,0.0833
3312,29,17,2,10,0.0833
776,3,26,2,10,0.0833
3024,24,14,2,10,0.0833
1891,10,23,2,6,0.0833
3173,27,1,4,6,0.0833
1418,7,23,6,4,0.0833
1951,11,7,2,6,0.0833
1414,7,23,2,6,0.0833
1318,7,1,2,6,0.0833
1411,7,22,1,4,0.0833
757,3,23,2,6,0.0833
2887,21,26,2,10,0.0833
1927,11,1,2,6,0.0833
1395,7,13,2,6,0.0833
639,3,7,2,6,0.0833
1381,7,11,6,4,0.0833
420,2,13,2,6,0.0833
1377,7,11,2,6,0.0833
348,2,6,2,6,0.0833
1931,11,2,2,6,0.0833
637,3,7,1,4,0.0833
1614,8,13,2,6,0.0833
458,2,21,2,10,0.0833
3211,27,10,4,6,0.0833
1728,9,24,2,10,0.0833
2932,23,7,6,4,0.0833
2021,11,23,6,4,0.0833
2223,13,13,2,6,0.0833
866,4,8,6,4,0.0833
825,4,2,6,4,0.0833
1139,6,1,2,6,0.0833
876,4,11,6,4,0.0833
1228,6,10,2,6,0.0833
1731,9,29,2,10,0.0833
1229,6,10,2,10,0.0833
1724,9,21,2,10,0.0833
2583,17,6,2,10,0.0833
1722,9,17,2,10,0.0833
2937,23,8,6,4,0.0833
1714,9,9,2,10,0.0833
1707,9,5,2,10,0.0833
1705,9,4,2,10,0.0833
1703,9,3,2,10,0.0833
1700,9,1,2,10,0.0833
486,2,26,2,10,0.0833
2017,11,23,2,6,0.0833
2250,13,23,2,6,0.0833
1209,6,8,2,6,0.0833
859,4,7,6,4,0.0833
3063,24,26,2,10,0.0833
1794,10,6,2,6,0.0833
1165,6,3,2,6,0.0833
2184,13,8,2,6,0.0833
1853,10,13,2,6,0.0833
842,4,4,6,4,0.0833
1846,10,11,2,6,0.0833
2173,13,7,2,6,0.0833
1152,6,2,2,6,0.0833
2196,13,10,2,6,0.0833
1193,6,6,2,6,0.0833
2798,21,2,2,10,0.0833
109,1,7,2,6,0.0833
153,1,11,2,6,0.0833
496,2,27,2,10,0.0833
2204,13,11,2,6,0.0833
2923,23,4,6,4,0.0833
159,1,13,2,6,0.0833
1804,10,7,2,6,0.0833
2926,23,5,6,4,0.0833
851,4,5,6,4,0.0833
2913,23,2,6,4,0.0833
1795,10,6,2,10,0.0833
1681,8,27,4,6,0.0833
94,1,6,2,6,0.0833
3219,27,27,4,6,0.0833
1118,5,27,4,6,0.0833
211,1,23,2,6,0.0833
2946,23,11,6,4,0.0833
1982,11,11,2,6,0.0833
1116,5,27,2,10,0.0833
2954,23,19,1,4,0.0833
2155,13,3,2,6,0.0833
696,3,13,2,6,0.0833
475,2,24,2,10,0.0833
1110,5,26,2,10,0.0833
1658,8,23,2,6,0.0833
2000,11,13,2,6,0.0833
1886,10,21,2,10,0.0833
1267,6,17,2,10,0.0833
1986,11,11,6,4,0.0833
467,2,23,2,6,0.0833
911,4,23,6,4,0.0833
2602,17,12,6,7,0.0769
3036,24,18,3,2,0.0769
2661,18,2,3,2,0.0769
3016,24,10,3,2,0.0769
1092,5,24,2,2,0.0769
3046,24,23,2,2,0.0769
1096,5,24,3,2,0.0769
3047,24,23,6,7,0.0769
3018,24,10,6,7,0.0769
769,3,25,3,2,0.0769
1064,5,15,3,2,0.0769
1069,5,16,2,5,0.0769
1128,5,29,2,5,0.0769
3064,24,26,3,2,0.0769
3045,24,21,6,7,0.0769
1089,5,21,3,2,0.0769
1074,5,17,2,5,0.0769
2882,21,25,3,2,0.0769
3014,24,10,2,5,0.0769
2879,21,24,6,7,0.0769
3067,24,29,2,5,0.0769
3043,24,21,3,2,0.0769
759,3,24,2,2,0.0769
605,3,5,3,2,0.0769
2613,17,17,2,5,0.0769
1078,5,18,3,2,0.0769
2666,18,3,2,2,0.0769
2862,21,19,3,3,0.0769
3033,24,17,6,7,0.0769
2659,18,2,2,2,0.0769
986,5,4,3,2,0.0769
3031,24,17,2,5,0.0769
3023,24,14,2,2,0.0769
992,5,5,3,2,0.0769
3058,24,25,3,2,0.0769
1082,5,19,3,3,0.0769
2883,21,25,3,3,0.0769
1007,5,6,3,2,0.0769
3027,24,15,3,2,0.0769
2578,17,4,2,5,0.0769
3054,24,24,6,7,0.0769
2634,17,29,2,5,0.0769
1042,5,10,3,2,0.0769
3030,24,16,3,3,0.0769
2636,17,29,6,7,0.0769
2580,17,4,6,7,0.0769
1111,5,26,3,2,0.0769
2652,18,1,2,2,0.0769
2627,17,24,6,7,0.0769
2595,17,10,6,7,0.0769
2621,17,21,2,5,0.0769
1103,5,25,3,2,0.0769
2581,17,5,2,5,0.0769
2572,17,1,2,5,0.0769
3059,24,25,3,3,0.0769
2867,21,21,3,2,0.0769
987,5,4,3,3,0.0769
3052,24,24,3,2,0.0769
2625,17,24,2,5,0.0769
2575,17,3,2,5,0.0769
3020,24,11,6,7,0.0769
2593,17,9,2,5,0.0769
2654,18,1,3,2,0.0769
3022,24,13,6,7,0.0769
2888,21,26,3,2,0.0769
849,4,5,3,2,0.0769
2668,18,3,3,2,0.0769
2966,24,1,2,2,0.0769
889,4,16,2,5,0.0769
890,4,16,3,2,0.0769
724,3,16,2,5,0.0769
2944,23,11,2,7,0.0769
2765,19,16,3,3,0.0769
891,4,16,3,3,0.0769
892,4,17,2,5,0.0769
708,3,14,3,3,0.0769
2948,23,13,2,2,0.0769
897,4,18,3,2,0.0769
2949,23,13,2,7,0.0769
2757,19,10,3,3,0.0769
898,4,18,3,3,0.0769
2828,21,7,3,3,0.0769
2755,19,8,3,3,0.0769
707,3,14,3,2,0.0769
807,3,32,6,7,0.0769
804,3,29,6,7,0.0769
905,4,21,3,2,0.0769
800,3,29,2,5,0.0769
906,4,21,3,3,0.0769
725,3,16,3,2,0.0769
2748,19,5,3,3,0.0769
2960,23,23,2,2,0.0769
912,4,24,2,2,0.0769
2961,23,23,2,7,0.0769
916,4,24,3,2,0.0769
917,4,24,3,3,0.0769
692,3,12,6,7,0.0769
2943,23,11,2,2,0.0769
887,4,16,2,2,0.0769
886,4,15,3,3,0.0769
2934,23,8,2,2,0.0769
2806,21,3,3,2,0.0769
717,3,15,3,2,0.0769
2808,21,3,6,7,0.0769
2801,21,2,6,7,0.0769
2917,23,3,2,2,0.0769
2813,21,4,3,2,0.0769
850,4,5,3,3,0.0769
2799,21,2,3,2,0.0769
2814,21,4,3,3,0.0769
2797,21,2,2,5,0.0769
722,3,16,2,2,0.0769
2793,21,1,3,2,0.0769
2930,23,7,2,7,0.0769
864,4,8,3,2,0.0769
2825,21,6,3,3,0.0769
865,4,8,3,3,0.0769
2782,19,28,3,3,0.0769
2819,21,5,3,2,0.0769
2911,23,2,2,7,0.0769
2910,23,2,2,2,0.0769
2935,23,8,2,7,0.0769
881,4,14,3,2,0.0769
882,4,14,3,3,0.0769
2939,23,10,2,2,0.0769
2823,21,6,2,5,0.0769
2940,23,10,2,7,0.0769
2824,21,6,3,2,0.0769
885,4,15,3,2,0.0769
2965,23,24,6,7,0.0769
920,4,25,3,2,0.0769
971,5,3,3,2,0.0769
796,3,28,3,3,0.0769
2990,24,4,3,2,0.0769
2701,18,15,3,2,0.0769
2918,23,3,2,7,0.0769
2854,21,16,3,3,0.0769
2699,18,15,2,2,0.0769
2992,24,5,2,2,0.0769
941,5,1,3,2,0.0769
2855,21,17,2,5,0.0769
2060,12,4,6,7,0.0769
2694,18,10,3,2,0.0769
2692,18,10,2,2,0.0769
2996,24,5,3,2,0.0769
2998,24,6,2,2,0.0769
2686,18,7,3,3,0.0769
956,5,2,3,2,0.0769
2684,18,6,3,2,0.0769
3000,24,6,2,5,0.0769
2682,18,6,2,2,0.0769
3001,24,6,3,2,0.0769
3002,24,6,3,3,0.0769
750,3,21,3,2,0.0769
2678,18,5,3,2,0.0769
3006,24,7,6,7,0.0769
3007,24,8,2,2,0.0769
2675,18,4,3,3,0.0769
2890,21,29,2,5,0.0769
2674,18,4,3,2,0.0769
3008,24,8,6,7,0.0769
2860,21,18,3,2,0.0769
2704,18,16,3,3,0.0769
935,4,29,2,5,0.0769
2707,18,18,2,2,0.0769
684,3,10,6,7,0.0769
921,4,25,3,3,0.0769
2561,16,21,3,3,0.0769
2970,24,1,3,2,0.0769
2731,18,26,3,2,0.0769
730,3,17,2,5,0.0769
2974,24,2,2,5,0.0769
925,4,26,3,2,0.0769
926,4,26,3,3,0.0769
2725,18,25,3,2,0.0769
2839,21,10,2,5,0.0769
2976,24,2,3,2,0.0769
2723,18,25,2,2,0.0769
2841,21,10,3,2,0.0769
2721,18,24,3,2,0.0769
777,3,26,3,2,0.0769
2978,24,2,6,7,0.0769
2843,21,10,6,7,0.0769
2717,18,21,3,2,0.0769
780,3,26,6,7,0.0769
2983,24,3,3,2,0.0769
2985,24,3,6,7,0.0769
732,3,17,6,7,0.0769
932,4,27,3,2,0.0769
2986,24,4,2,2,0.0769
933,4,27,3,3,0.0769
2850,21,15,3,2,0.0769
2709,18,18,3,2,0.0769
739,3,18,3,2,0.0769
2991,24,4,3,3,0.0769
1298,6,26,3,2,0.0769
509,2,32,6,7,0.0769
1623,8,14,3,2,0.0769
2289,14,1,3,3,0.0769
2288,14,1,3,2,0.0769
207,1,21,3,2,0.0769
1638,8,16,2,2,0.0769
1640,8,16,2,5,0.0769
1641,8,16,3,2,0.0769
197,1,18,3,2,0.0769
195,1,18,2,2,0.0769
1653,8,19,3,3,0.0769
2268,13,29,6,7,0.0769
185,1,16,3,2,0.0769
1661,8,24,3,3,0.0769
3229,28,1,3,3,0.0769
184,1,16,2,5,0.0769
182,1,16,2,2,0.0769
1670,8,26,3,3,0.0769
2256,13,24,6,7,0.0769
3234,28,2,3,3,0.0769
177,1,15,3,2,0.0769
1686,8,28,3,3,0.0769
3238,28,3,3,3,0.0769
1701,9,2,2,5,0.0769
1708,9,6,2,5,0.0769
1717,9,10,2,5,0.0769
1721,9,17,2,5,0.0769
1730,9,29,2,5,0.0769
175,1,15,2,2,0.0769
168,1,14,3,3,0.0769
1786,10,5,3,2,0.0769
1624,8,14,3,3,0.0769
1622,8,14,2,5,0.0769
338,2,5,3,3,0.0769
213,1,24,2,2,0.0769
1394,7,13,2,2,0.0769
2379,14,14,3,3,0.0769
2378,14,14,3,2,0.0769
1413,7,23,2,2,0.0769
1421,7,24,6,7,0.0769
1428,7,29,6,7,0.0769
2362,14,10,3,3,0.0769
2361,14,10,3,2,0.0769
2359,14,10,2,5,0.0769
2355,14,9,2,5,0.0769
2347,14,8,3,3,0.0769
2346,14,8,3,2,0.0769
2345,14,8,2,5,0.0769
1516,8,4,3,3,0.0769
2338,14,6,3,3,0.0769
2337,14,6,3,2,0.0769
248,1,28,3,3,0.0769
238,1,27,2,5,0.0769
2325,14,4,3,3,0.0769
2324,14,4,3,2,0.0769
1555,8,7,3,3,0.0769
230,1,26,3,2,0.0769
2313,14,3,3,3,0.0769
2312,14,3,3,2,0.0769
222,1,25,3,2,0.0769
2301,14,2,3,3,0.0769
2300,14,2,3,2,0.0769
220,1,25,2,2,0.0769
215,1,24,3,2,0.0769
1787,10,5,3,3,0.0769
167,1,14,3,2,0.0769
3248,28,7,3,3,0.0769
1803,10,7,2,2,0.0769
1901,10,24,3,3,0.0769
1902,10,24,6,7,0.0769
1903,10,25,2,2,0.0769
1905,10,25,3,2,0.0769
71,1,4,2,5,0.0769
3290,29,1,2,5,0.0769
1911,10,26,3,2,0.0769
2124,12,32,6,7,0.0769
3295,29,3,2,5,0.0769
1921,10,28,3,3,0.0769
3298,29,4,2,5,0.0769
2118,12,29,6,7,0.0769
3301,29,5,2,5,0.0769
2110,12,26,6,7,0.0769
2109,12,23,6,7,0.0769
49,1,3,2,5,0.0769
3306,29,9,2,5,0.0769
2101,12,17,6,7,0.0769
3311,29,17,2,5,0.0769
1950,11,7,2,2,0.0769
3313,29,21,2,5,0.0769
3315,29,24,2,5,0.0769
3319,29,29,2,5,0.0769
27,1,2,2,5,0.0769
5,1,1,2,5,0.0769
2024,11,24,6,7,0.0769
2031,11,29,6,7,0.0769
2052,12,2,6,7,0.0769
2057,12,3,6,7,0.0769
1900,10,24,3,2,0.0769
1898,10,24,2,5,0.0769
77,1,5,2,5,0.0769
1866,10,15,3,2,0.0769
1806,10,7,3,3,0.0769
3251,28,8,3,3,0.0769
3254,28,10,3,3,0.0769
1825,10,9,2,2,0.0769
140,1,10,2,5,0.0769
3264,28,16,3,3,0.0769
120,1,8,2,5,0.0769
1860,10,14,2,5,0.0769
1862,10,14,3,2,0.0769
1863,10,14,3,3,0.0769
1864,10,15,2,2,0.0769
3270,28,19,3,3,0.0769
2172,13,7,2,2,0.0769
1869,10,16,2,2,0.0769
78,1,5,3,2,0.0769
1871,10,16,2,5,0.0769
1872,10,16,3,2,0.0769
1875,10,17,6,7,0.0769
1876,10,18,2,2,0.0769
93,1,6,2,5,0.0769
1878,10,18,3,2,0.0769
1881,10,19,3,3,0.0769
3278,28,26,3,3,0.0769
3281,28,28,3,3,0.0769
1885,10,21,2,5,0.0769
1887,10,21,3,2,0.0769
1888,10,21,3,3,0.0769
1889,10,21,6,7,0.0769
337,2,5,3,2,0.0769
1515,8,4,3,2,0.0769
2877,21,24,3,2,0.0769
3122,26,12,6,7,0.0769
2472,15,10,2,2,0.0769
1271,6,18,3,2,0.0769
3099,26,3,6,7,0.0769
436,2,16,2,2,0.0769
1269,6,18,2,2,0.0769
2509,15,25,2,2,0.0769
763,3,24,3,2,0.0769
2511,15,25,3,2,0.0769
1299,6,26,3,3,0.0769
3096,26,2,6,7,0.0769
1265,6,16,3,3,0.0769
2465,15,7,3,3,0.0769
2451,15,4,3,2,0.0769
2517,15,26,3,2,0.0769
433,2,15,3,2,0.0769
431,2,15,2,2,0.0769
2461,15,6,3,2,0.0769
1264,6,16,3,2,0.0769
430,2,14,3,3,0.0769
2459,15,6,2,2,0.0769
2455,15,5,3,2,0.0769
460,2,21,3,3,0.0769
474,2,24,2,5,0.0769
1263,6,16,2,5,0.0769
438,2,16,2,5,0.0769
2474,15,10,3,2,0.0769
439,2,16,3,2,0.0769
1292,6,25,3,2,0.0769
457,2,21,2,5,0.0769
2494,15,18,3,2,0.0769
3110,26,8,3,3,0.0769
2492,15,18,2,2,0.0769
1276,6,21,2,5,0.0769
1277,6,21,3,2,0.0769
1278,6,21,3,3,0.0769
1281,6,23,2,2,0.0769
1282,6,24,2,2,0.0769
453,2,19,3,3,0.0769
461,2,21,6,7,0.0769
1284,6,24,2,5,0.0769
2500,15,21,3,2,0.0769
2484,15,15,3,2,0.0769
448,2,18,3,2,0.0769
2482,15,15,2,2,0.0769
1285,6,24,3,2,0.0769
2391,14,16,3,2,0.0769
3100,26,4,6,7,0.0769
2505,15,24,3,2,0.0769
1286,6,24,3,3,0.0769
1290,6,25,2,2,0.0769
446,2,18,2,2,0.0769
2452,15,4,3,3,0.0769
429,2,14,3,2,0.0769
476,2,24,3,2,0.0769
3156,26,28,3,3,0.0769
487,2,26,3,2,0.0769
1358,7,8,2,2,0.0769
2537,16,6,3,3,0.0769
2540,16,7,3,3,0.0769
417,2,12,6,7,0.0769
2412,14,27,3,2,0.0769
365,2,7,3,3,0.0769
2542,16,8,3,3,0.0769
489,2,26,6,7,0.0769
362,2,7,2,2,0.0769
1369,7,10,2,2,0.0769
479,2,25,2,2,0.0769
2400,14,24,2,2,0.0769
2399,14,23,2,2,0.0769
1186,6,5,3,3,0.0769
3157,26,29,6,7,0.0769
1185,6,5,3,2,0.0769
1376,7,11,2,2,0.0769
503,2,28,3,3,0.0769
507,2,29,6,7,0.0769
2392,14,16,3,3,0.0769
2559,16,18,3,3,0.0769
481,2,25,3,2,0.0769
2413,14,27,3,3,0.0769
478,2,24,6,7,0.0769
3143,26,18,3,3,0.0769
1322,7,2,2,2,0.0769
2444,15,3,3,2,0.0769
2442,15,3,2,2,0.0769
2437,15,2,3,2,0.0769
2435,15,2,2,2,0.0769
1261,6,16,2,2,0.0769
1345,7,7,2,2,0.0769
2430,15,1,3,2,0.0769
1331,7,3,2,2,0.0769
459,2,21,3,2,0.0769
1254,6,15,2,2,0.0769
1248,6,14,3,2,0.0769
1249,6,14,3,3,0.0769
1256,6,15,3,2,0.0769
477,2,24,3,3,0.0769
2428,15,1,2,2,0.0769
76,1,5,2,3,0.0741
602,3,5,2,3,0.0741
1176,6,4,2,3,0.0741
837,4,4,2,3,0.0741
785,3,27,2,3,0.0741
70,1,4,2,3,0.0741
829,4,3,2,3,0.0741
588,3,4,1,3,0.0741
538,3,2,1,3,0.0741
1914,10,27,2,3,0.0741
1207,6,8,2,3,0.0741
563,3,3,1,3,0.0741
494,2,27,2,3,0.0741
491,2,27,1,3,0.0741
592,3,4,2,3,0.0741
820,4,2,2,3,0.0741
812,4,1,2,3,0.0741
782,3,27,1,3,0.0741
871,4,10,2,3,0.0741
1466,8,2,1,3,0.0741
281,2,2,1,3,0.0741
237,1,27,2,3,0.0741
968,5,3,2,3,0.0741
373,2,8,1,3,0.0741
989,5,5,2,3,0.0741
1004,5,6,2,3,0.0741
1301,6,27,2,3,0.0741
1510,8,4,1,3,0.0741
1488,8,3,1,3,0.0741
1672,8,27,1,3,0.0741
1039,5,10,2,3,0.0741
1675,8,27,2,3,0.0741
1561,8,8,1,3,0.0741
644,3,8,1,3,0.0741
334,2,5,2,3,0.0741
938,5,1,2,3,0.0741
320,2,4,1,3,0.0741
1777,10,4,2,3,0.0741
953,5,2,2,3,0.0741
1783,10,5,2,3,0.0741
324,2,4,2,3,0.0741
301,2,3,1,3,0.0741
853,4,6,2,3,0.0741
249,1,28,4,3,0.0714
3147,26,24,4,3,0.0714
329,2,4,4,3,0.0714
241,1,27,4,2,0.0714
741,3,18,4,3,0.0714
3149,26,26,4,3,0.0714
366,2,7,4,3,0.0714
3184,27,3,4,3,0.0714
511,2,38,4,3,0.0714
261,1,38,4,3,0.0714
232,1,26,4,3,0.0714
499,2,27,4,2,0.0714
3265,28,16,4,3,0.0714
74,1,4,4,3,0.0714
3201,27,7,4,3,0.0714
607,3,5,4,2,0.0714
3255,28,10,4,3,0.0714
3249,28,7,4,3,0.0714
597,3,4,4,3,0.0714
3273,28,24,4,3,0.0714
3102,26,5,4,3,0.0714
3245,28,6,4,3,0.0714
169,1,14,4,3,0.0714
3241,28,5,4,3,0.0714
3115,26,10,4,3,0.0714
709,3,14,4,3,0.0714
3098,26,3,4,3,0.0714
3230,28,1,4,3,0.0714
224,1,25,4,3,0.0714
3282,28,28,4,3,0.0714
80,1,5,4,2,0.0714
3095,26,2,4,3,0.0714
3093,26,1,4,3,0.0714
3226,27,38,4,3,0.0714
199,1,18,4,3,0.0714
202,1,19,4,3,0.0714
209,1,21,4,3,0.0714
3262,28,15,4,3,0.0714
3134,26,15,4,3,0.0714
3136,26,16,4,3,0.0714
339,2,5,4,2,0.0714
2696,18,10,4,3,0.0714
2691,18,8,4,3,0.0714
1696,8,38,4,3,0.0714
2363,14,10,4,3,0.0714
2711,18,18,4,3,0.0714
1105,5,25,4,3,0.0714
1788,10,5,4,2,0.0714
1789,10,5,4,3,0.0714
1113,5,26,4,3,0.0714
1123,5,28,4,3,0.0714
2727,18,25,4,3,0.0714
2380,14,14,4,3,0.0714
1133,5,38,4,3,0.0714
2738,19,1,4,3,0.0714
1143,6,1,4,2,0.0714
1144,6,1,4,3,0.0714
2742,19,2,4,3,0.0714
2746,19,3,4,3,0.0714
2570,16,28,4,3,0.0714
2749,19,5,4,3,0.0714
2569,16,26,4,3,0.0714
1156,6,2,4,2,0.0714
2753,19,7,4,3,0.0714
1157,6,2,4,3,0.0714
1169,6,3,4,2,0.0714
2758,19,10,4,3,0.0714
2764,19,15,4,3,0.0714
2766,19,16,4,3,0.0714
2772,19,19,4,3,0.0714
2562,16,21,4,3,0.0714
2703,18,15,4,3,0.0714
1679,8,27,4,2,0.0714
2779,19,24,4,3,0.0714
943,5,1,4,2,0.0714
994,5,5,4,2,0.0714
1026,5,8,4,2,0.0714
1044,5,10,4,2,0.0714
2302,14,2,4,3,0.0714
2656,18,1,4,3,0.0714
1058,5,14,4,3,0.0714
2314,14,3,4,3,0.0714
2290,14,1,4,3,0.0714
1556,8,7,4,3,0.0714
2663,18,2,4,3,0.0714
973,5,3,4,2,0.0714
1625,8,14,4,3,0.0714
2670,18,3,4,3,0.0714
1643,8,16,4,3,0.0714
2329,14,5,4,3,0.0714
1522,8,5,4,2,0.0714
2339,14,6,4,3,0.0714
1517,8,4,4,3,0.0714
1652,8,18,4,3,0.0714
1080,5,18,4,3,0.0714
2680,18,5,4,3,0.0714
958,5,2,4,2,0.0714
1662,8,24,4,3,0.0714
1083,5,19,4,3,0.0714
1666,8,25,4,3,0.0714
2348,14,8,4,3,0.0714
1091,5,21,4,3,0.0714
2777,19,21,4,3,0.0714
1009,5,6,4,2,0.0714
1213,6,8,4,3,0.0714
2519,15,26,4,3,0.0714
1233,6,10,4,3,0.0714
1232,6,10,4,2,0.0714
2543,16,8,4,3,0.0714
790,3,27,4,2,0.0714
779,3,26,4,3,0.0714
1919,10,27,4,2,0.0714
2502,15,21,4,3,0.0714
1212,6,8,4,2,0.0714
2513,15,25,4,3,0.0714
1198,6,6,4,3,0.0714
1197,6,6,4,2,0.0714
2497,15,19,4,3,0.0714
2496,15,18,4,3,0.0714
771,3,25,4,3,0.0714
1920,10,27,4,3,0.0714
1307,6,27,4,3,0.0714
1170,6,3,4,3,0.0714
2520,15,28,4,3,0.0714
2560,16,19,4,3,0.0714
1306,6,27,4,2,0.0714
470,2,23,6,2,0.0625
1335,7,3,6,2,0.0625
1758,10,2,6,2,0.0625
2253,13,23,6,2,0.0625
2227,13,13,6,2,0.0625
298,2,2,6,2,0.0625
1934,11,2,6,2,0.0625
2936,23,8,6,2,0.0625
388,2,8,6,2,0.0625
1942,11,3,6,2,0.0625
408,2,10,6,2,0.0625
2176,13,7,6,2,0.0625
1326,7,2,6,2,0.0625
1954,11,7,6,2,0.0625
415,2,11,6,2,0.0625
1967,11,8,6,2,0.0625
1978,11,10,6,2,0.0625
1985,11,11,6,2,0.0625
423,2,13,6,2,0.0625
2003,11,13,6,2,0.0625
2020,11,23,6,2,0.0625
1773,10,3,6,2,0.0625
1349,7,7,6,2,0.0625
317,2,3,6,2,0.0625
1823,10,8,6,2,0.0625
1856,10,13,6,2,0.0625
2941,23,10,6,2,0.0625
2945,23,11,6,2,0.0625
1849,10,11,6,2,0.0625
2931,23,7,6,2,0.0625
2950,23,13,6,2,0.0625
1373,7,10,6,2,0.0625
2159,13,3,6,2,0.0625
2148,13,2,6,2,0.0625
1894,10,23,6,2,0.0625
1380,7,11,6,2,0.0625
2962,23,23,6,2,0.0625
2919,23,3,6,2,0.0625
1842,10,10,6,2,0.0625
2188,13,8,6,2,0.0625
1362,7,8,6,2,0.0625
1417,7,23,6,2,0.0625
2912,23,2,6,2,0.0625
370,2,7,6,2,0.0625
1398,7,13,6,2,0.0625
1809,10,7,6,2,0.0625
2207,13,11,6,2,0.0625
2199,13,10,6,2,0.0625
514,3,1,1,1,0.0476
358,2,7,1,1,0.0476
1375,7,11,1,1,0.0476
1357,7,8,1,1,0.0476
418,2,13,1,1,0.0476
1320,7,2,1,1,0.0476
264,2,1,1,1,0.0476
1343,7,7,1,1,0.0476
1587,8,10,1,1,0.0476
1337,7,4,1,1,0.0476
1551,8,7,1,1,0.0476
1329,7,3,1,1,0.0476
1393,7,13,1,1,0.0476
1443,8,1,1,1,0.0476
410,2,11,1,1,0.0476
1368,7,10,1,1,0.0476
393,2,10,1,1,0.0476
233,1,27,1,1,0.0476
0,1,1,1,1,0.0476
1603,8,11,1,1,0.0476
1828,10,10,1,1,0.0476
695,3,13,1,1,0.0476
2958,23,23,1,1,0.0476
2956,23,22,1,1,0.0476
1844,10,11,1,1,0.0476
2953,23,19,1,1,0.0476
1851,10,13,1,1,0.0476
2182,13,8,1,1,0.0476
115,1,8,1,1,0.0476
860,4,8,1,1,0.0476
2164,13,4,1,1,0.0476
2153,13,3,1,1,0.0476
2924,23,5,1,1,0.0476
2142,13,2,1,1,0.0476
2921,23,4,1,1,0.0476
2915,23,3,1,1,0.0476
66,1,4,1,1,0.0476
2908,23,2,1,1,0.0476
1929,11,2,1,1,0.0476
810,4,1,1,1,0.0476
1937,11,3,1,1,0.0476
1944,11,4,1,1,0.0476
44,1,3,1,1,0.0476
1949,11,7,1,1,0.0476
754,3,23,1,1,0.0476
1962,11,8,1,1,0.0476
1973,11,10,1,1,0.0476
1980,11,11,1,1,0.0476
1998,11,13,1,1,0.0476
22,1,2,1,1,0.0476
2194,13,10,1,1,0.0476
2171,13,7,1,1,0.0476
1811,10,8,1,1,0.0476
1775,10,4,1,1,0.0476
192,1,18,1,1,0.0476
1647,8,18,1,1,0.0476
2733,18,27,1,1,0.0476
2688,18,8,1,1,0.0476
1612,8,13,1,1,0.0476
1744,10,2,1,1,0.0476
1760,10,3,1,1,0.0476
669,3,10,1,1,0.0476
2713,18,19,1,1,0.0476
2221,13,13,1,1,0.0476
927,4,27,1,1,0.0476
686,3,11,1,1,0.0476
2202,13,11,1,1,0.0476
1802,10,7,1,1,0.0476
2651,18,1,1,1,0.0476
635,3,7,1,1,0.0476
1650,8,18,2,2,0.03845
1312,6,29,2,2,0.03845
3300,29,5,2,2,0.03845
2023,11,24,2,2,0.03845
3303,29,6,2,2,0.03845
3305,29,9,2,2,0.03845
2453,15,5,2,2,0.03845
3318,29,29,2,2,0.03845
1948,11,6,2,2,0.03845
2449,15,4,2,2,0.03845
3309,29,14,2,2,0.03845
1631,8,15,2,2,0.03845
1604,8,11,2,2,0.03845
210,1,23,2,2,0.03845
1584,8,9,2,2,0.03845
1613,8,13,2,2,0.03845
205,1,21,2,2,0.03845
2418,14,29,2,2,0.03845
1660,8,24,2,2,0.03845
2135,13,1,2,2,0.03845
2387,14,15,2,2,0.03845
2389,14,16,2,2,0.03845
137,1,9,2,2,0.03845
228,1,26,2,2,0.03845
1420,7,24,2,2,0.03845
2168,13,6,2,2,0.03845
1883,10,21,2,2,0.03845
2255,13,24,2,2,0.03845
1296,6,26,2,2,0.03845
1926,11,1,2,2,0.03845
1908,10,26,2,2,0.03845
2396,14,18,2,2,0.03845
2404,14,25,2,2,0.03845
3289,29,1,2,2,0.03845
3292,29,2,2,2,0.03845
3294,29,3,2,2,0.03845
1664,8,25,2,2,0.03845
3297,29,4,2,2,0.03845
2467,15,8,2,2,0.03845
2503,15,24,2,2,0.03845
2698,18,14,2,2,0.03845
3061,24,26,2,2,0.03845
918,4,25,2,2,0.03845
2802,21,3,2,2,0.03845
1108,5,26,2,2,0.03845
922,4,26,2,2,0.03845
1127,5,29,2,2,0.03845
3056,24,25,2,2,0.03845
2809,21,4,2,2,0.03845
2795,21,2,2,2,0.03845
3066,24,27,2,2,0.03845
2672,18,4,2,2,0.03845
505,2,29,2,2,0.03845
3009,24,9,2,2,0.03845
2821,21,6,2,2,0.03845
484,2,26,2,2,0.03845
1101,5,25,2,2,0.03845
2927,23,6,2,2,0.03845
2729,18,26,2,2,0.03845
1068,5,16,2,2,0.03845
1062,5,15,2,2,0.03845
883,4,15,2,2,0.03845
3034,24,18,2,2,0.03845
3025,24,15,2,2,0.03845
895,4,18,2,2,0.03845
3021,24,13,2,2,0.03845
1076,5,18,2,2,0.03845
1085,5,21,2,2,0.03845
2789,21,1,2,2,0.03845
3019,24,11,2,2,0.03845
901,4,21,2,2,0.03845
3039,24,21,2,2,0.03845
2929,23,7,2,2,0.03845
715,3,15,2,2,0.03845
1237,6,11,2,2,0.03845
2815,21,5,2,2,0.03845
2719,18,24,2,2,0.03845
737,3,18,2,2,0.03845
756,3,23,2,2,0.03845
2863,21,21,2,2,0.03845
2715,18,21,2,2,0.03845
2858,21,18,2,2,0.03845
2885,21,26,2,2,0.03845
1241,6,13,2,2,0.03845
2498,15,21,2,2,0.03845
746,3,21,2,2,0.03845
1274,6,21,2,2,0.03845
2689,18,8,2,2,0.03845
3004,24,7,2,2,0.03845
455,2,21,2,2,0.03845
774,3,26,2,2,0.03845
934,4,29,2,2,0.03845
2676,18,5,2,2,0.03845
2480,15,14,2,2,0.03845
2515,15,26,2,2,0.03845
2848,21,15,2,2,0.03845
2880,21,25,2,2,0.03845
767,3,25,2,2,0.03845
2873,21,24,2,2,0.03845
2837,21,10,2,2,0.03845
799,3,29,2,2,0.03845
2907,23,1,2,2,0.03845
2708,18,18,2,3,0.03705
888,4,16,2,3,0.03705
2987,24,4,2,3,0.03705
896,4,18,2,3,0.03705
2724,18,25,2,3,0.03705
913,4,24,2,3,0.03705
2716,18,21,2,3,0.03705
704,3,14,2,3,0.03705
902,4,21,2,3,0.03705
929,4,27,2,3,0.03705
919,4,25,2,3,0.03705
2980,24,3,2,3,0.03705
2967,24,1,2,3,0.03705
923,4,26,2,3,0.03705
2730,18,26,2,3,0.03705
166,1,14,2,3,0.03705
2973,24,2,2,3,0.03705
2720,18,24,2,3,0.03705
1859,10,14,2,3,0.03705
884,4,15,2,3,0.03705
444,2,18,1,3,0.03705
116,1,8,1,3,0.03705
878,4,14,2,3,0.03705
2822,21,6,2,3,0.03705
723,3,16,2,3,0.03705
2838,21,10,2,3,0.03705
2849,21,15,2,3,0.03705
735,3,18,1,3,0.03705
45,1,3,1,3,0.03705
738,3,18,2,3,0.03705
775,3,26,2,3,0.03705
747,3,21,2,3,0.03705
2859,21,18,2,3,0.03705
2886,21,26,2,3,0.03705
2864,21,21,2,3,0.03705
768,3,25,2,3,0.03705
23,1,2,1,3,0.03705
2881,21,25,2,3,0.03705
2816,21,5,2,3,0.03705
67,1,4,1,3,0.03705
2810,21,4,2,3,0.03705
89,1,6,1,3,0.03705
1865,10,15,2,3,0.03705
862,4,8,2,3,0.03705
107,1,7,1,3,0.03705
1870,10,16,2,3,0.03705
2790,21,1,2,3,0.03705
1877,10,18,2,3,0.03705
1884,10,21,2,3,0.03705
1909,10,26,2,3,0.03705
2700,18,15,2,3,0.03705
2796,21,2,2,3,0.03705
1897,10,24,2,3,0.03705
1904,10,25,2,3,0.03705
2803,21,3,2,3,0.03705
846,4,5,2,3,0.03705
716,3,15,2,3,0.03705
196,1,18,2,3,0.03705
176,1,15,2,3,0.03705
1093,5,24,2,3,0.03705
473,2,24,2,3,0.03705
2516,15,26,2,3,0.03705
1262,6,16,2,3,0.03705
1255,6,15,2,3,0.03705
1245,6,14,2,3,0.03705
2409,14,27,2,3,0.03705
480,2,25,2,3,0.03705
485,2,26,2,3,0.03705
1182,6,5,2,3,0.03705
359,2,7,1,3,0.03705
515,3,1,1,3,0.03705
2390,14,16,2,3,0.03705
343,2,6,1,3,0.03705
3062,24,26,2,3,0.03705
3057,24,25,2,3,0.03705
2375,14,14,2,3,0.03705
1109,5,26,2,3,0.03705
3049,24,24,2,3,0.03705
1102,5,25,2,3,0.03705
2510,15,25,2,3,0.03705
1270,6,18,2,3,0.03705
2429,15,1,2,3,0.03705
426,2,14,2,3,0.03705
437,2,16,2,3,0.03705
1297,6,26,2,3,0.03705
1291,6,25,2,3,0.03705
447,2,18,2,3,0.03705
432,2,15,2,3,0.03705
2483,15,15,2,3,0.03705
2460,15,6,2,3,0.03705
2454,15,5,2,3,0.03705
1283,6,24,2,3,0.03705
2436,15,2,2,3,0.03705
2450,15,4,2,3,0.03705
2493,15,18,2,3,0.03705
456,2,21,2,3,0.03705
1275,6,21,2,3,0.03705
2443,15,3,2,3,0.03705
2499,15,21,2,3,0.03705
2874,21,24,2,3,0.03705
2504,15,24,2,3,0.03705
1444,8,1,1,3,0.03705
2358,14,10,2,3,0.03705
2993,24,5,2,3,0.03705
1086,5,21,2,3,0.03705
1621,8,14,2,3,0.03705
616,3,6,1,3,0.03705
983,5,4,2,3,0.03705
3013,24,10,2,3,0.03705
2285,14,1,2,3,0.03705
206,1,21,2,3,0.03705
2667,18,3,2,3,0.03705
1639,8,16,2,3,0.03705
2673,18,4,2,3,0.03705
2473,15,10,2,3,0.03705
1648,8,18,1,3,0.03705
193,1,18,1,3,0.03705
2677,18,5,2,3,0.03705
636,3,7,1,3,0.03705
2683,18,6,2,3,0.03705
1,1,1,1,3,0.03705
2999,24,6,2,3,0.03705
183,1,16,2,3,0.03705
2693,18,10,2,3,0.03705
2297,14,2,2,3,0.03705
214,1,24,2,3,0.03705
2660,18,2,2,3,0.03705
1552,8,7,1,3,0.03705
2344,14,8,2,3,0.03705
265,2,1,1,3,0.03705
1513,8,4,2,3,0.03705
3040,24,21,2,3,0.03705
1519,8,5,2,3,0.03705
1077,5,18,2,3,0.03705
2334,14,6,2,3,0.03705
1531,8,6,1,3,0.03705
2321,14,4,2,3,0.03705
221,1,25,2,3,0.03705
234,1,27,1,3,0.03705
3035,24,18,2,3,0.03705
1063,5,15,2,3,0.03705
229,1,26,2,3,0.03705
1023,5,8,2,3,0.03705
3026,24,15,2,3,0.03705
2309,14,3,2,3,0.03705
2653,18,1,2,3,0.03705
760,3,24,2,3,0.03705
