,pocket_id,5rm2_A_fpocket,5rm2_B_fpocket,5rm2_A_p2rank,5rm2_B_p2rank,IoMIN,Common_residues,overlap_ids
0,802,17,17,7,9,1.0,"243,245,277,279,428,432,433,435","810, 651"
1,395,4,5,18,15,1.0,"165,167,173,174,176,202,207,209,484","389, 433, 890, 868, 864"
2,24,1,1,16,10,1.0,"233,234,382,386,389,390","4, 477"
3,810,17,26,7,9,1.0,"243,245,277,279,428,432,433,435","802, 651"
4,389,4,4,18,15,1.0,"165,167,173,174,176,202,207,209,484","395, 433, 890, 868, 864"
5,896,25,25,8,11,1.0,"44,45,48,65,68,70,90,91,92",
6,4,1,1,3,3,0.9287,"139,142,143,230,309,310,361,378,380,382,383,407,408","24, 9, 51, 12, 54"
7,9,1,1,4,7,0.9165,"120,123,124,134,135,138,380,381,409,421,422","4, 51, 651"
8,51,1,3,4,7,0.9165,"120,123,124,134,135,138,380,381,409,421,422","4, 9, 651"
9,312,3,2,1,2,0.905,"284,288,289,312,313,316,317,320,374,375,377,400,401,404,443,537,538,540,567",324
10,324,3,3,1,2,0.905,"284,288,289,312,313,316,317,320,374,375,377,400,401,404,443,537,538,540,567",312
11,477,6,6,10,12,0.9,"4,6,21,23,24,129,136,234,235",24
12,433,4,24,18,15,0.8887,"165,167,173,174,176,202,207,209","395, 389, 890, 868, 864"
13,890,24,24,18,15,0.8887,"165,167,173,174,176,202,207,209","395, 389, 433, 868, 864"
14,847,22,22,9,5,0.8887,"261,264,265,286,287,290,438,442",
15,868,24,5,18,15,0.8887,"165,167,173,174,176,202,207,209","395, 389, 433, 890, 864"
16,864,24,4,18,15,0.8887,"165,167,173,174,176,202,207,209","395, 389, 433, 890, 868"
17,651,12,12,14,13,0.875,"124,128,131,240,424,427,428","802, 810, 9, 51"
18,12,1,1,5,3,0.8335,"139,142,143,146,179,180,181,228,408,410","4, 54"
19,54,1,3,5,3,0.8335,"139,142,143,146,179,180,181,228,408,410","4, 12"
