,5rme_A_fpocket,5rme_B_fpocket,5rme_A_p2rank,5rme_B_p2rank,IoU
2088,12,12,11,15,0.1837
2643,17,32,9,8,0.1777
1829,10,10,2,2,0.1776
1987,11,11,6,7,0.1494
1351,7,7,6,7,0.1461
284,2,2,2,2,0.1373
2228,13,13,6,7,0.1364
2904,22,22,1,4,0.1356
3284,28,28,8,12,0.1356
3164,26,32,9,8,0.1333
1382,7,11,6,7,0.13
1190,6,6,2,2,0.1278
2617,17,17,9,8,0.127
304,2,3,2,2,0.1202
2383,14,14,8,12,0.11237
1956,11,7,6,7,0.11206
3152,26,26,9,8,0.1096
2374,14,14,2,2,0.1091
394,2,10,2,2,0.1055
2234,13,13,11,15,0.1047
2123,12,29,11,15,0.10345
1563,8,8,2,2,0.1022
1399,7,13,6,7,0.1017
2220,13,12,11,15,0.0989
280,2,2,1,1,0.0984
319,2,4,1,1,0.09625
834,4,4,1,1,0.0956
2208,13,11,6,7,0.0952
2004,11,13,6,7,0.0923
2177,13,7,6,7,0.0923
1761,10,3,2,2,0.0918
562,3,3,1,1,0.0914
3086,25,25,7,9,0.0909
1745,10,2,2,2,0.09045
587,3,4,1,1,0.08997
566,3,3,2,2,0.08887
1364,7,8,6,7,0.0878
2273,13,29,11,15,0.0874
345,2,6,2,2,0.0849
1576,8,8,5,6,0.0833
2189,13,8,6,7,0.0833
2134,12,34,11,15,0.0833
1202,6,6,8,12,0.08264
2903,22,22,1,1,0.082
2096,12,13,11,15,0.08185
835,4,4,1,4,0.0809
267,2,1,2,2,0.0803
1969,11,8,6,7,0.08026
1812,10,8,2,2,0.08
300,2,3,1,1,0.07983
375,2,8,2,2,0.0796
2630,17,26,9,8,0.0792
537,3,2,1,1,0.07904
1244,6,14,2,2,0.078
3079,25,15,7,9,0.0769
1251,6,14,8,12,0.0769
541,3,2,2,2,0.0762
1570,8,8,4,3,0.07574
3139,26,17,9,8,0.0755
1162,6,3,2,2,0.0752
995,5,5,4,3,0.07385
1588,8,10,2,2,0.0736
1533,8,6,2,2,0.0732
1149,6,2,2,2,0.07294
2084,12,12,9,8,0.07275
1136,6,1,2,2,0.072
10,1,1,4,3,0.07025
2125,12,32,9,8,0.0702
899,4,19,1,1,0.06964
1468,8,2,2,2,0.06934
2333,14,6,2,2,0.06915
1490,8,3,2,2,0.0686
2341,14,6,8,12,0.06714
2959,23,23,1,4,0.06665
1791,10,6,2,2,0.06665
517,3,1,2,2,0.06586
1225,6,10,2,2,0.06586
1732,10,1,2,2,0.0651
844,4,5,1,4,0.0647
1446,8,1,2,2,0.0642
323,2,4,2,2,0.06415
1206,6,8,2,2,0.06396
451,2,19,1,1,0.0636
2416,14,28,8,12,0.0635
988,5,5,2,2,0.0633
2038,11,32,9,8,0.0633
3260,28,14,8,12,0.063
908,4,22,1,4,0.0625
2485,15,15,3,3,0.0625
425,2,14,2,2,0.06152
145,1,10,4,3,0.0611
1310,6,28,8,12,0.0606
591,3,4,2,2,0.0603
2558,16,16,8,12,0.06024
1045,5,10,4,3,0.05988
836,4,4,2,2,0.0596
8,1,1,3,3,0.05945
572,3,3,3,3,0.05914
618,3,6,2,2,0.05856
826,4,3,1,1,0.05713
2283,13,34,11,15,0.05713
817,4,2,1,1,0.05627
1540,8,6,4,3,0.0559
580,3,3,5,6,0.05554
2131,12,34,9,8,0.05554
944,5,1,4,3,0.05554
2225,13,13,5,6,0.05493
1989,11,11,9,8,0.05493
2897,22,4,1,4,0.0548
2647,17,34,9,8,0.05453
16,1,1,5,6,0.05435
2615,17,17,6,7,0.05405
32,1,2,4,3,0.0538
574,3,3,4,3,0.05347
2308,14,3,2,2,0.05334
2296,14,2,2,2,0.05334
3148,26,26,3,3,0.0532
670,3,10,2,2,0.05313
138,1,10,2,2,0.05264
1003,5,6,2,2,0.05264
3,1,1,2,2,0.05237
1175,6,4,2,2,0.05164
1595,8,10,4,3,0.0516
2486,15,15,4,3,0.05154
547,3,2,3,3,0.0514
646,3,8,2,2,0.0514
1890,10,23,2,2,0.0511
3246,28,6,8,12,0.05096
98,1,6,4,3,0.05075
742,3,19,1,1,0.05075
1481,8,2,5,6,0.0505
125,1,8,4,3,0.0505
131,1,8,5,6,0.0505
2899,22,5,1,4,0.05
143,1,10,3,3,0.05
2571,16,28,8,12,0.0495
1475,8,2,4,3,0.0495
30,1,2,3,3,0.04932
937,5,1,2,2,0.049
1503,8,3,5,6,0.049
81,1,5,4,3,0.04868
1836,10,10,3,3,0.04855
2284,14,1,2,2,0.04846
2906,22,23,1,4,0.0484
3267,28,16,8,12,0.04807
1419,7,23,6,7,0.0476
555,3,2,5,6,0.0476
659,3,8,5,6,0.0476
1300,6,27,2,2,0.04733
1459,8,1,5,6,0.04718
2901,22,19,1,1,0.04718
1453,8,1,4,3,0.04718
549,3,2,4,3,0.04672
523,3,1,3,3,0.04642
839,4,4,2,10,0.04636
967,5,3,2,2,0.0463
843,4,5,1,1,0.04623
2603,17,12,9,8,0.046
3055,24,24,7,9,0.04587
333,2,5,2,2,0.04565
2957,23,22,1,4,0.04544
1568,8,8,3,3,0.04544
54,1,3,4,3,0.04526
52,1,3,3,3,0.04526
2011,11,17,9,8,0.04504
2103,12,17,9,8,0.04495
910,4,23,1,4,0.04495
38,1,2,5,6,0.04483
982,5,4,2,2,0.04477
990,5,5,2,5,0.0446
991,5,5,2,10,0.0446
601,3,5,2,2,0.04443
1037,5,9,2,10,0.0443
845,4,5,2,2,0.0442
1435,7,32,9,8,0.04413
25,1,2,2,2,0.04407
2710,18,18,3,3,0.04395
3320,29,29,2,10,0.04395
676,3,10,3,3,0.0437
2254,13,23,6,7,0.0435
299,2,2,6,7,0.04324
1010,5,6,4,3,0.04324
2475,15,10,3,3,0.04315
2229,13,13,8,12,0.043
869,4,9,2,10,0.04294
952,5,2,2,2,0.0429
959,5,2,4,3,0.0429
1497,8,3,4,3,0.04285
3168,26,34,9,8,0.04285
828,4,3,2,2,0.04285
2022,11,23,6,7,0.04254
1181,6,5,2,2,0.04245
371,2,7,6,7,0.04233
118,1,8,2,2,0.04227
531,3,1,5,6,0.0422
525,3,1,4,3,0.0422
493,2,27,2,2,0.0421
2556,16,16,4,3,0.0421
2598,17,11,9,8,0.04202
974,5,3,4,3,0.04166
653,3,8,4,3,0.04147
1674,8,27,2,2,0.0414
60,1,3,5,6,0.04114
47,1,3,2,2,0.04114
1913,10,27,2,2,0.0411
852,4,6,2,2,0.04092
389,2,8,6,7,0.04062
2275,13,32,9,8,0.04053
424,2,13,6,7,0.04
993,5,5,3,3,0.04
416,2,11,6,7,0.0398
838,4,4,2,5,0.03973
3123,26,12,9,8,0.0392
1027,5,8,4,3,0.03903
91,1,6,2,2,0.03903
819,4,2,2,2,0.03897
568,3,3,2,5,0.03888
570,3,3,2,10,0.03888
848,4,5,2,10,0.03888
2922,23,4,1,4,0.03888
678,3,10,4,3,0.03885
2902,22,19,1,4,0.03845
1593,8,10,3,3,0.03845
1523,8,5,4,3,0.03827
907,4,22,1,1,0.03818
2551,16,14,8,12,0.03818
2149,13,2,6,7,0.0381
1858,10,14,2,2,0.03796
1843,10,10,6,7,0.03775
2320,14,4,2,2,0.03738
608,3,5,4,3,0.0372
2027,11,26,9,8,0.03705
2607,17,13,6,7,0.03705
318,2,3,6,7,0.03705
2160,13,3,6,7,0.03687
1776,10,4,2,2,0.03683
1831,10,10,2,5,0.03668
466,2,23,2,2,0.03665
331,2,5,1,1,0.03653
1328,7,2,6,7,0.03653
1404,7,17,6,7,0.03638
1038,5,10,2,2,0.03638
3118,26,11,9,8,0.03622
1222,6,9,2,10,0.03622
1194,6,6,2,10,0.03622
1192,6,6,2,5,0.03622
703,3,14,2,2,0.0362
811,4,1,2,2,0.03613
1336,7,3,6,7,0.03604
2009,11,17,6,7,0.03604
2476,15,10,4,3,0.03598
1620,8,14,2,2,0.0357
2641,17,32,6,7,0.0357
2925,23,5,1,4,0.0357
2357,14,10,2,2,0.0357
2111,12,26,9,8,0.0354
3307,29,9,2,10,0.0354
1830,10,10,2,3,0.0354
877,4,14,2,2,0.03534
784,3,27,2,2,0.03525
594,3,4,2,10,0.0352
593,3,4,2,5,0.0352
668,3,9,2,10,0.0352
2377,14,14,2,10,0.0351
2081,12,12,5,15,0.0351
1560,8,8,1,1,0.03497
984,5,4,2,5,0.03482
985,5,4,2,10,0.03482
2265,13,28,8,12,0.0348
3029,24,15,7,9,0.03473
2393,14,16,8,12,0.03473
2186,13,8,5,6,0.03473
1374,7,10,6,7,0.03473
2242,13,17,6,7,0.0345
939,5,1,2,5,0.0345
2488,15,15,8,12,0.0345
2193,13,8,11,15,0.0345
940,5,1,2,10,0.0345
2083,12,12,8,12,0.0345
2080,12,12,5,6,0.0345
2896,22,4,1,1,0.03424
1936,11,2,6,7,0.03418
1943,11,3,6,7,0.03406
626,3,6,4,3,0.03406
1055,5,14,2,2,0.0339
1266,6,16,8,12,0.03378
2637,17,29,9,8,0.03372
2596,17,11,6,7,0.0336
1512,8,4,2,2,0.03333
847,4,5,2,5,0.03333
831,4,3,2,10,0.03333
2200,13,10,6,7,0.0331
2074,12,8,11,15,0.0331
3053,24,24,3,3,0.03305
3277,28,25,8,12,0.03305
282,2,2,1,4,0.03278
1601,8,10,5,6,0.03268
1615,8,13,5,6,0.03268
2230,13,13,9,8,0.03262
599,3,5,1,1,0.03256
2495,15,18,3,3,0.03253
231,1,26,3,3,0.03244
970,5,3,2,10,0.0324
969,5,3,2,5,0.0324
2584,17,7,6,7,0.03226
2119,12,29,9,8,0.03226
900,4,19,1,4,0.03226
321,2,4,1,4,0.03207
178,1,15,3,3,0.03207
1979,11,10,6,7,0.03204
1611,8,12,11,15,0.032
2964,23,23,6,7,0.03192
2771,19,19,3,3,0.03192
2702,18,15,3,3,0.03174
2241,13,16,8,12,0.03174
1582,8,8,11,15,0.03174
2082,12,12,6,7,0.03174
462,2,22,1,1,0.03165
3084,25,24,7,9,0.03143
463,2,22,1,4,0.03143
2343,14,8,2,2,0.0314
1353,7,7,9,8,0.03125
1713,9,9,2,5,0.03125
1201,6,6,7,9,0.03125
2555,16,16,3,3,0.03125
604,3,5,2,10,0.03111
603,3,5,2,5,0.03111
2539,16,6,8,12,0.03105
2490,15,16,4,3,0.031
2550,16,13,8,12,0.031
2216,13,12,9,8,0.03093
3326,30,30,7,9,0.03076
3285,28,28,8,13,0.03076
1196,6,6,3,3,0.0303
123,1,8,3,3,0.0303
942,5,1,3,3,0.0303
3048,24,24,2,2,0.0303
1782,10,5,2,2,0.0303
3060,24,25,7,9,0.0303
3259,28,13,8,12,0.03008
2553,16,15,4,3,0.03008
216,1,24,3,3,0.03
2868,21,21,3,3,0.03
1895,10,23,6,7,0.02985
2408,14,27,2,2,0.02975
1043,5,10,3,3,0.02975
1473,8,2,3,3,0.02971
2236,13,14,8,12,0.02963
186,1,16,3,3,0.02959
1433,7,32,6,7,0.02942
1841,10,10,5,6,0.02942
2695,18,10,3,3,0.02942
1114,5,27,2,2,0.02924
1220,6,9,2,2,0.02899
2567,16,25,8,12,0.02899
2326,14,5,2,2,0.02884
1384,7,11,9,8,0.02884
521,3,1,2,10,0.02881
519,3,1,2,5,0.02881
1692,8,29,11,15,0.02878
1065,5,15,3,3,0.02873
1066,5,15,4,3,0.02873
1495,8,3,3,3,0.0287
2152,13,2,11,15,0.0287
1835,10,10,3,2,0.02856
830,4,3,2,5,0.02856
1451,8,1,3,3,0.0283
2608,17,13,9,8,0.0283
2054,12,2,11,15,0.0283
814,4,1,2,10,0.02823
3274,28,24,8,12,0.02817
3044,24,21,3,3,0.02817
2438,15,2,3,3,0.02803
151,1,10,5,6,0.02794
606,3,5,3,3,0.02791
2431,15,1,3,3,0.02777
401,2,10,3,3,0.02777
2521,15,28,8,12,0.02777
1097,5,24,3,3,0.02777
651,3,8,3,3,0.02777
778,3,26,3,3,0.02777
2266,13,29,5,6,0.02777
972,5,3,3,3,0.02777
1258,6,15,7,9,0.02759
2269,13,29,9,8,0.02753
291,2,2,3,3,0.02747
293,2,2,4,3,0.02747
3162,26,32,6,7,0.0274
718,3,15,3,3,0.0274
2761,19,12,11,15,0.0274
332,2,5,1,4,0.0274
2445,15,3,3,3,0.02727
1406,7,17,9,8,0.02727
409,2,10,6,7,0.02718
286,2,2,2,5,0.02702
3065,24,26,3,3,0.02702
586,3,3,11,15,0.02689
2259,13,25,8,12,0.02684
1810,10,7,6,7,0.02684
3158,26,29,9,8,0.02678
179,1,15,4,3,0.02673
564,3,3,1,4,0.02673
325,2,4,2,5,0.02673
2547,16,10,4,3,0.02667
2457,15,5,4,3,0.0266
2456,15,5,3,3,0.0266
79,1,5,3,3,0.02655
2371,14,13,8,12,0.02649
589,3,4,1,4,0.02646
806,3,29,11,15,0.02646
870,4,10,2,2,0.02646
2280,13,34,9,8,0.02632
1857,10,13,6,7,0.02632
1850,10,11,6,7,0.02632
1005,5,6,2,5,0.02632
1006,5,6,2,10,0.02632
764,3,24,3,3,0.02632
2243,13,17,9,8,0.02632
2274,13,32,6,7,0.02632
694,3,12,11,15,0.02605
1619,8,13,11,15,0.02597
251,1,28,8,12,0.02597
818,4,2,1,4,0.02597
928,4,27,2,2,0.02591
2222,13,13,2,2,0.02586
2092,12,13,9,8,0.02586
957,5,2,3,3,0.02576
2506,15,24,3,3,0.02563
1715,9,9,7,9,0.02563
2100,12,14,11,15,0.02563
2590,17,8,6,7,0.02563
2775,19,19,11,15,0.02563
160,1,13,5,6,0.02551
2507,15,24,4,3,0.02548
1981,11,11,2,2,0.02542
96,1,6,3,3,0.02538
2564,16,24,4,3,0.02531
2036,11,32,6,7,0.02531
1036,5,9,2,5,0.02531
1035,5,9,2,2,0.02516
1680,8,27,4,3,0.02516
2356,14,9,2,10,0.02516
2491,15,16,8,12,0.025
1958,11,7,9,8,0.025
2354,14,9,2,2,0.025
2774,19,19,8,12,0.025
1129,5,29,2,10,0.02484
1538,8,6,3,3,0.02484
2554,16,15,8,12,0.0248
372,2,8,1,1,0.02475
2892,22,2,1,1,0.02475
2893,22,2,1,4,0.02475
3146,26,24,3,3,0.02469
1242,6,13,8,12,0.02469
1509,8,4,1,1,0.02463
1465,8,2,1,1,0.02463
2781,19,26,3,3,0.0246
2898,22,5,1,1,0.02454
3012,24,10,2,2,0.02454
868,4,9,2,5,0.02454
198,1,18,3,3,0.02438
867,4,9,2,2,0.02438
2760,19,12,8,12,0.02438
383,2,8,4,3,0.02428
683,3,10,5,6,0.02428
1040,5,10,2,5,0.02425
1295,6,25,8,12,0.02425
1824,10,8,6,7,0.02425
2586,17,7,9,8,0.0242
813,4,1,2,5,0.0242
1424,7,26,9,8,0.0242
1294,6,25,7,9,0.0241
306,2,3,2,5,0.02403
2146,13,2,5,6,0.02403
1022,5,8,2,2,0.02403
2951,23,13,6,7,0.024
1896,10,24,2,2,0.02396
158,1,12,11,15,0.02396
3263,28,15,8,12,0.0238
827,4,3,1,4,0.0238
543,3,2,2,5,0.0238
1752,10,2,3,3,0.0238
1227,6,10,2,5,0.0238
1487,8,3,1,1,0.0238
936,4,29,2,10,0.02367
2405,14,25,8,12,0.02367
187,1,16,4,3,0.02367
1184,6,5,2,10,0.02359
1183,6,5,2,5,0.02359
311,2,3,3,3,0.02359
1112,5,26,3,3,0.02353
1115,5,27,2,5,0.02353
726,3,16,3,3,0.02347
1178,6,4,2,10,0.02347
1177,6,4,2,5,0.02347
1768,10,3,3,3,0.02347
1578,8,8,7,9,0.02344
1071,5,16,4,3,0.02339
302,2,3,1,4,0.02336
2157,13,3,5,6,0.02336
561,3,2,11,15,0.02325
2163,13,3,11,15,0.02325
2489,15,16,3,3,0.02325
539,3,2,1,4,0.02325
600,3,5,1,4,0.02325
3150,26,26,6,7,0.02325
2059,12,3,11,15,0.02325
347,2,6,2,5,0.02325
1518,8,5,2,2,0.02325
697,3,13,5,6,0.02325
643,3,8,1,1,0.02315
2432,15,1,4,3,0.02315
702,3,13,11,15,0.02315
1738,10,1,3,3,0.02315
353,2,6,4,3,0.02315
1231,6,10,3,3,0.02312
242,1,27,4,3,0.02312
1302,6,27,2,5,0.02312
2261,13,26,9,8,0.02307
452,2,19,1,4,0.023
3299,29,4,2,10,0.023
2169,13,6,8,12,0.023
2402,14,24,8,12,0.023
1671,8,27,1,1,0.023
335,2,5,2,5,0.02283
1057,5,14,2,10,0.02272
1818,10,8,3,3,0.02272
2552,16,15,3,3,0.02272
855,4,6,2,10,0.02272
3073,25,6,7,9,0.0226
2106,12,17,11,15,0.02248
3302,29,5,2,10,0.02248
2514,15,25,8,12,0.02238
1098,5,24,4,3,0.02234
2238,13,14,11,15,0.02222
2518,15,26,3,3,0.02222
1340,7,4,6,7,0.02222
2869,21,21,6,7,0.02222
3106,26,7,9,8,0.02222
1288,6,24,8,12,0.02222
1166,6,3,2,10,0.02213
1164,6,3,2,5,0.02213
396,2,10,2,5,0.0221
1793,10,6,2,5,0.0221
1195,6,6,3,2,0.02206
2137,13,1,5,6,0.02203
3092,26,1,3,3,0.02203
3223,27,27,8,13,0.02197
395,2,10,2,3,0.02197
3221,27,27,4,13,0.02197
256,1,29,11,15,0.02197
2226,13,13,5,15,0.02197
3094,26,2,3,3,0.02184
1689,8,29,5,6,0.02174
3128,26,13,9,8,0.02174
3222,27,27,8,12,0.02174
2481,15,14,8,12,0.02174
2726,18,25,3,3,0.02174
2384,14,14,8,13,0.02174
752,3,22,1,1,0.02162
567,3,3,2,3,0.0215
753,3,22,1,4,0.0215
285,2,2,2,3,0.0215
289,2,2,2,10,0.0215
2427,14,34,11,15,0.0215
3097,26,3,3,3,0.02145
954,5,2,2,5,0.02145
3144,26,19,3,3,0.02142
2479,15,13,8,12,0.02142
2239,13,15,8,12,0.02142
1797,10,6,3,3,0.0214
172,1,14,8,12,0.0214
1792,10,6,2,3,0.0214
326,2,4,2,10,0.0214
624,3,6,3,3,0.02136
2215,13,12,6,7,0.02127
2947,23,11,6,7,0.02127
2889,21,26,3,3,0.02127
465,2,23,1,4,0.02127
582,3,3,6,7,0.02127
2933,23,7,6,7,0.02127
3145,26,21,3,3,0.02127
2117,12,29,5,15,0.02127
1138,6,1,2,5,0.02118
1151,6,2,2,5,0.02118
392,2,9,2,10,0.02116
390,2,9,2,2,0.02116
1565,8,8,2,5,0.02113
1191,6,6,2,3,0.02113
1778,10,4,2,5,0.02106
2116,12,29,5,6,0.02106
2386,14,14,11,15,0.02106
1140,6,1,2,10,0.02101
139,1,10,2,3,0.02094
4,1,1,2,3,0.02094
18,1,1,8,12,0.02094
490,2,27,1,1,0.02094
21,1,1,11,15,0.02094
620,3,6,2,5,0.02092
622,3,6,2,10,0.02092
2214,13,12,5,15,0.02083
2768,19,17,8,12,0.02083
471,2,23,6,7,0.02083
2512,15,25,3,3,0.02083
3135,26,16,3,3,0.02083
2785,19,29,11,15,0.02083
1992,11,11,11,15,0.02083
495,2,27,2,5,0.02072
236,1,27,2,2,0.02072
208,1,21,3,3,0.02072
2565,16,24,8,12,0.02069
1259,6,15,8,12,0.02069
2213,13,12,5,6,0.02061
2706,18,18,1,1,0.02061
330,2,4,6,7,0.02061
1247,6,14,2,10,0.02055
1635,8,15,7,9,0.02055
997,5,5,4,11,0.02055
2102,12,17,8,12,0.0204
1356,7,7,11,15,0.0204
1564,8,8,2,3,0.0204
105,1,6,8,12,0.0204
2165,13,4,6,7,0.0204
880,4,14,2,10,0.02031
164,1,13,11,15,0.02031
1946,11,4,6,7,0.02031
1125,5,28,8,12,0.02026
1915,10,27,2,5,0.02026
2614,17,17,2,10,0.0202
2535,16,5,4,3,0.0202
1993,11,12,6,7,0.0202
801,3,29,2,10,0.0202
1784,10,5,2,5,0.0202
2662,18,2,3,3,0.0202
3218,27,27,4,3,0.0202
1997,11,12,11,15,0.0202
1001,5,5,8,12,0.02014
1000,5,5,5,6,0.02014
666,3,9,2,2,0.0201
667,3,9,2,5,0.0201
2655,18,1,3,3,0.0201
275,2,1,4,3,0.02008
269,2,1,2,5,0.02008
273,2,1,3,3,0.02008
3224,27,28,8,12,0.02
3103,26,7,3,3,0.02
1392,7,12,11,15,0.02
2508,15,24,8,12,0.02
1388,7,12,6,7,0.02
3225,27,28,8,13,0.02
598,3,4,6,7,0.02
428,2,14,2,10,0.02
217,1,24,4,3,0.02
1632,8,15,3,3,0.01987
2546,16,10,3,3,0.01987
1695,8,34,11,15,0.0198
1838,10,10,4,3,0.0198
1994,11,12,9,8,0.0198
3114,26,10,3,3,0.01973
3296,29,3,2,10,0.0197
3232,28,1,8,12,0.0197
1486,8,2,11,15,0.0197
2388,14,15,8,12,0.0196
136,1,8,11,15,0.0196
2108,12,19,11,15,0.0196
2894,22,3,1,1,0.01952
69,1,4,2,2,0.01945
2895,22,3,1,4,0.01942
1837,10,10,4,2,0.01942
740,3,18,3,3,0.01942
92,1,6,2,3,0.01942
1546,8,6,5,6,0.01935
1642,8,16,3,3,0.01935
2328,14,5,2,10,0.01932
672,3,10,2,5,0.01932
1763,10,3,2,5,0.01932
671,3,10,2,3,0.01932
381,2,8,3,3,0.01932
2878,21,24,3,3,0.01923
2132,12,34,9,15,0.01923
1432,7,29,11,15,0.01923
2707,18,18,2,2,0.01923
309,2,3,2,10,0.01923
2203,13,11,2,2,0.0191
2563,16,24,3,3,0.0191
545,3,2,2,10,0.01904
1508,8,3,11,15,0.01904
1389,7,12,9,8,0.01904
661,3,8,6,7,0.01904
1747,10,2,2,5,0.01895
2085,12,12,9,15,0.01888
313,2,3,4,3,0.01888
2645,17,32,11,8,0.01888
305,2,3,2,3,0.01888
1762,10,3,2,3,0.01878
1759,10,2,6,7,0.01878
2195,13,10,2,2,0.01875
1746,10,2,2,3,0.01869
2439,15,2,4,3,0.01869
2323,14,4,2,10,0.01869
542,3,2,2,3,0.01869
2183,13,8,2,2,0.01863
1852,10,13,2,2,0.01863
1999,11,13,2,2,0.01863
2669,18,3,3,3,0.0186
665,3,8,11,15,0.0186
3291,29,1,2,10,0.0186
1774,10,3,6,7,0.0186
1734,10,1,2,5,0.0186
2133,12,34,11,8,0.01852
2267,13,29,5,15,0.01852
2644,17,32,9,15,0.01852
1733,10,1,2,3,0.01852
2646,17,32,11,15,0.01852
1547,8,6,7,9,0.01852
557,3,2,6,7,0.01843
2249,13,23,2,2,0.0184
1387,7,11,11,15,0.01834
1429,7,29,9,8,0.01834
2866,21,21,2,10,0.01834
346,2,6,2,3,0.01834
2049,12,1,11,15,0.01834
751,3,21,3,3,0.01834
699,3,13,6,7,0.01834
351,2,6,3,3,0.01834
1845,10,11,2,2,0.0183
2336,14,6,2,10,0.0183
336,2,5,2,10,0.01826
2523,16,1,4,3,0.01826
1464,8,1,11,15,0.01826
1060,5,14,8,12,0.01819
1822,10,8,5,6,0.01819
3323,30,15,7,9,0.01819
2257,13,24,8,12,0.01819
2087,12,12,11,8,0.01819
1589,8,10,2,3,0.01819
854,4,6,2,5,0.01819
2464,15,6,8,12,0.01819
706,3,14,2,10,0.0181
2446,15,3,4,3,0.0181
861,4,8,2,2,0.0181
2293,14,1,8,12,0.0181
2107,12,19,8,12,0.01802
2979,24,3,2,2,0.01794
472,2,24,2,2,0.01794
781,3,27,1,1,0.01794
2960,23,23,2,2,0.01785
1974,11,10,2,2,0.01785
2129,12,34,5,15,0.01785
2016,11,23,2,2,0.01785
2482,15,15,2,2,0.01785
2642,17,32,6,8,0.01785
1834,10,10,2,10,0.01785
2628,17,26,6,7,0.01785
1535,8,6,2,5,0.01785
2311,14,3,2,10,0.01778
1534,8,6,2,3,0.01775
1668,8,25,7,9,0.01775
1230,6,10,3,2,0.01775
1344,7,7,1,4,0.0177
2091,12,13,6,7,0.0177
2865,21,21,2,5,0.0177
2623,17,21,6,7,0.0177
1832,10,10,2,6,0.0177
3089,25,30,7,9,0.0177
1079,5,18,3,3,0.01765
2462,15,6,3,3,0.01765
786,3,27,2,5,0.01762
26,1,2,2,3,0.01762
642,3,7,6,7,0.01762
2128,12,32,11,15,0.01755
2126,12,32,9,15,0.01755
43,1,2,11,15,0.01755
2287,14,1,2,10,0.01755
2938,23,8,6,7,0.01755
2141,13,1,11,15,0.01755
1070,5,16,3,3,0.01755
2376,14,14,2,5,0.01755
2468,15,8,3,3,0.01755
2130,12,34,8,12,0.01755
2127,12,32,11,8,0.01755
2299,14,2,2,10,0.01747
2984,24,3,3,3,0.01747
1090,5,21,3,3,0.01744
1833,10,10,2,7,0.0174
3279,28,27,8,12,0.0174
3280,28,27,8,13,0.0174
2090,12,13,5,15,0.0174
2369,14,12,11,15,0.0174
2246,13,17,11,15,0.0174
1147,6,1,8,12,0.0174
2075,12,11,6,7,0.0174
2367,14,12,8,12,0.0174
2079,12,11,11,15,0.0174
1226,6,10,2,3,0.01733
1216,6,8,7,9,0.01733
1142,6,1,3,3,0.01732
821,4,2,2,5,0.01732
822,4,2,2,10,0.01732
1676,8,27,2,5,0.01724
2089,12,13,5,6,0.01724
1168,6,3,3,3,0.01724
2086,12,12,11,6,0.01724
2224,13,13,2,7,0.01724
689,3,11,6,7,0.01717
955,5,2,2,10,0.01717
2952,23,17,6,7,0.01709
2076,12,11,9,8,0.01709
1983,11,11,2,7,0.01709
2098,12,14,8,12,0.01709
3137,26,17,6,7,0.01709
1208,6,8,2,5,0.01704
1155,6,2,3,3,0.01703
1211,6,8,3,3,0.01695
2624,17,23,6,7,0.01695
3075,25,8,7,9,0.01695
75,1,5,2,2,0.01695
2971,24,1,3,3,0.01688
403,2,10,4,3,0.01686
297,2,2,5,6,0.01686
290,2,2,3,2,0.01686
201,1,19,3,3,0.01686
1403,7,13,11,15,0.0168
1718,9,11,7,9,0.0168
294,2,2,4,11,0.01675
1963,11,8,2,2,0.01675
1657,8,23,2,2,0.01666
400,2,10,3,2,0.01666
2972,24,2,2,2,0.01666
2650,17,34,11,15,0.01666
2648,17,34,9,15,0.01666
2649,17,34,11,8,0.01666
619,3,6,2,3,0.01666
571,3,3,3,2,0.01666
1347,7,7,2,7,0.01666
1019,5,7,4,3,0.01666
2977,24,2,3,3,0.0166
1016,5,6,8,12,0.01657
253,1,29,5,6,0.01657
1719,9,15,7,9,0.01653
1345,7,7,2,2,0.01653
1203,6,6,8,13,0.01653
2035,11,29,11,15,0.01653
2762,19,13,11,15,0.01653
536,3,1,11,15,0.01646
518,3,1,2,3,0.01646
48,1,3,2,3,0.01646
3243,28,5,8,12,0.01639
407,2,10,5,6,0.01639
2857,21,17,6,7,0.01639
12,1,1,4,11,0.01631
2763,19,14,8,12,0.01627
2032,11,29,9,8,0.01627
142,1,10,3,2,0.01622
1796,10,6,3,2,0.01622
1813,10,8,2,3,0.01622
1400,7,13,9,8,0.01613
1422,7,26,6,7,0.01613
1239,6,12,8,12,0.01613
1571,8,8,4,6,0.01613
2787,19,34,8,12,0.01613
1704,9,4,2,5,0.01613
268,2,1,2,3,0.01607
65,1,3,11,15,0.01607
3076,25,9,7,9,0.016
1609,8,12,5,15,0.016
1608,8,12,5,6,0.016
1961,11,7,11,15,0.016
802,3,29,5,6,0.01596
271,2,1,2,10,0.01593
2955,23,21,6,7,0.01587
110,1,7,3,3,0.01587
2679,18,5,3,3,0.01587
111,1,7,4,3,0.01587
872,4,10,2,5,0.01587
1577,8,8,5,15,0.01587
7,1,1,3,2,0.0158
2905,22,23,1,1,0.01575
2212,13,11,11,15,0.01575
1876,10,18,2,2,0.01575
2594,17,9,2,10,0.01575
1572,8,8,4,11,0.01575
1410,7,21,6,7,0.01563
930,4,27,2,5,0.01563
2776,19,21,3,3,0.01563
1706,9,5,2,5,0.01554
1579,8,8,8,12,0.0155
2417,14,28,8,13,0.0155
2209,13,11,9,8,0.0155
1378,7,11,2,7,0.01538
1200,6,6,5,6,0.01538
2466,15,7,4,3,0.01538
2064,12,7,6,7,0.01538
1573,8,8,4,13,0.01538
2247,13,19,11,15,0.01538
2068,12,7,11,15,0.01538
223,1,25,3,3,0.01538
2732,18,26,3,3,0.01538
3261,28,14,8,13,0.01538
104,1,6,5,6,0.015305
2331,14,5,8,12,0.015305
2181,13,7,11,15,0.01527
1376,7,11,2,2,0.01527
2008,11,13,11,15,0.01527
3051,24,24,2,10,0.01527
500,2,27,4,3,0.01523
946,5,1,4,11,0.01523
949,5,1,5,6,0.01523
387,2,8,5,6,0.01523
743,3,19,1,4,0.01515
2534,16,5,3,3,0.01515
2260,13,26,6,7,0.01515
1879,10,18,3,3,0.01515
2788,19,35,4,11,0.01515
744,3,19,3,3,0.015076
3325,30,25,7,9,0.01504
2846,21,13,6,7,0.01504
2752,19,7,3,3,0.01504
2005,11,13,9,8,0.01504
2422,14,29,11,15,0.01504
1252,6,14,8,13,0.01504
1569,8,8,4,2,0.01504
165,1,14,2,2,0.015
95,1,6,3,2,0.01492
3101,26,5,3,3,0.01492
1827,10,9,2,10,0.01492
419,2,13,2,2,0.01492
1825,10,9,2,2,0.01492
1567,8,8,3,2,0.01492
2997,24,5,3,3,0.014854
2737,19,1,3,3,0.014854
1223,6,9,7,9,0.01482
3314,29,21,2,10,0.01482
2065,12,7,9,8,0.01482
2025,11,26,6,7,0.01482
3104,26,7,6,7,0.01482
1188,6,5,8,12,0.01478
2741,19,2,3,3,0.01471
1826,10,9,2,5,0.01471
3166,26,32,11,8,0.01471
377,2,8,2,5,0.01471
2178,13,7,9,8,0.01471
3287,28,34,8,12,0.01471
1434,7,32,6,8,0.01471
950,5,1,8,12,0.01471
1492,8,3,2,5,0.01471
1032,5,8,5,6,0.01471
2394,14,17,8,12,0.01471
3050,24,24,2,5,0.01471
218,1,24,8,12,0.01463
1470,8,2,2,5,0.01463
411,2,11,2,2,0.01463
1566,8,8,2,6,0.014595
2872,21,23,6,7,0.014595
1311,6,28,8,13,0.014595
1469,8,2,2,3,0.014565
1751,10,2,3,2,0.014565
1757,10,2,5,6,0.014565
675,3,10,3,2,0.014496
3078,25,11,7,9,0.014496
1767,10,3,3,2,0.014496
2736,18,35,4,11,0.014496
2124,12,32,6,7,0.014496
3288,28,35,4,11,0.014496
3167,26,32,11,15,0.014496
3165,26,32,9,15,0.014496
3116,26,11,6,7,0.014496
2718,18,21,3,3,0.014496
1772,10,3,5,6,0.014496
310,2,3,3,2,0.01442
1528,8,5,5,6,0.01442
316,2,3,5,6,0.01442
1024,5,8,2,5,0.01442
2248,13,21,6,7,0.01439
1690,8,29,5,15,0.01439
1491,8,3,2,3,0.01435
1514,8,4,2,5,0.01428
3283,28,28,4,11,0.01428
2619,17,17,11,8,0.01428
3127,26,13,6,7,0.01428
376,2,8,2,3,0.01428
546,3,2,3,2,0.01428
1729,9,25,7,9,0.01418
1221,6,9,2,5,0.01418
2492,15,18,2,2,0.01418
2143,13,2,2,2,0.01415
2745,19,3,3,3,0.01415
2692,18,10,2,2,0.014084
2501,15,21,3,3,0.014084
3214,27,14,8,12,0.014084
2568,16,26,3,3,0.014084
3213,27,10,4,13,0.014084
3215,27,14,8,13,0.014084
2834,21,9,2,10,0.014084
119,1,8,2,3,0.014084
998,5,5,4,13,0.014084
1687,8,28,8,12,0.014084
2252,13,23,5,6,0.014084
2618,17,17,9,15,0.014084
2620,17,17,11,15,0.014084
1702,9,3,2,5,0.014015
2154,13,3,2,2,0.014015
648,3,8,2,5,0.014015
2015,11,21,6,7,0.013985
2699,18,15,2,2,0.013985
1737,10,1,3,2,0.013954
1520,8,5,2,5,0.013954
613,3,5,5,6,0.013954
1743,10,1,5,6,0.013954
1268,6,17,8,12,0.013885
259,1,34,11,15,0.013885
979,5,3,5,6,0.013885
1892,10,23,2,7,0.013885
1585,8,9,7,9,0.013885
349,2,6,2,10,0.013824
350,2,6,3,2,0.013824
1412,7,23,1,4,0.013794
2472,15,10,2,2,0.013794
3133,26,15,3,3,0.013794
3310,29,14,2,10,0.013794
2942,23,10,6,7,0.013794
2187,13,8,5,15,0.013794
3068,24,29,2,10,0.013794
1447,8,1,2,3,0.01376
1448,8,1,2,5,0.01376
1246,6,14,2,5,0.0137
2833,21,9,2,5,0.0137
1716,9,9,12,16,0.0137
1952,11,7,2,7,0.0137
3011,24,9,2,10,0.0137
3163,26,32,6,8,0.0137
2844,21,11,6,7,0.0137
1869,10,16,2,2,0.0137
2522,16,1,3,3,0.0137
3210,27,10,4,3,0.0137
341,2,5,4,11,0.0137
719,3,15,4,3,0.01363
340,2,5,4,3,0.01363
647,3,8,2,3,0.01363
2891,21,29,2,10,0.0136
2397,14,19,8,12,0.0136
3042,24,21,2,10,0.0136
1950,11,7,2,2,0.0136
791,3,27,4,3,0.01357
1396,7,13,2,7,0.01351
1873,10,16,3,3,0.01351
1917,10,27,3,2,0.01351
1442,7,34,11,15,0.01351
1126,5,28,8,13,0.01351
2281,13,34,9,15,0.01351
2277,13,32,11,8,0.01351
1002,5,5,8,13,0.01351
2616,17,17,6,8,0.01351
2939,23,10,2,2,0.01351
2526,16,2,3,3,0.01351
2527,16,2,4,3,0.01351
29,1,2,3,2,0.01345
34,1,2,4,11,0.01345
755,3,23,1,4,0.01345
2829,21,7,6,7,0.01342
3316,29,24,2,10,0.01342
1394,7,13,2,2,0.01342
2342,14,6,8,13,0.01342
1699,9,1,2,5,0.01339
3169,26,34,9,15,0.013336
3171,26,34,11,15,0.013336
1918,10,27,3,3,0.013336
2415,14,27,8,13,0.013336
2414,14,27,8,12,0.013336
3170,26,34,11,8,0.013336
1439,7,34,9,8,0.013336
1437,7,32,11,8,0.013336
86,1,5,5,6,0.013336
3010,24,9,2,5,0.013336
996,5,5,4,6,0.013336
2278,13,32,11,15,0.013336
83,1,5,4,11,0.013336
2723,18,25,2,2,0.013336
2279,13,34,5,15,0.013336
2276,13,32,9,15,0.013336
1167,6,3,3,2,0.013275
2069,12,8,5,6,0.013245
2070,12,8,5,15,0.013245
2778,19,24,3,3,0.013245
1273,6,19,8,12,0.013245
2373,14,13,11,15,0.013245
2071,12,8,6,7,0.013245
2530,16,3,3,3,0.013214
1436,7,32,9,15,0.01316
1438,7,32,11,15,0.01316
1415,7,23,2,7,0.01316
1723,9,21,2,5,0.01316
3041,24,21,2,5,0.01316
2531,16,3,4,3,0.01316
2282,13,34,11,8,0.01316
1633,8,15,4,3,0.01316
640,3,7,3,3,0.0131
2916,23,3,1,4,0.0131
2909,23,2,1,4,0.0131
1413,7,23,2,2,0.01307
1561,8,8,1,3,0.01307
2751,19,6,8,12,0.01307
1596,8,10,4,6,0.01307
2419,14,29,2,10,0.01307
1616,8,13,5,15,0.012985
1440,7,34,9,15,0.012985
1683,8,27,4,13,0.012985
2871,21,21,12,16,0.012985
1154,6,2,3,2,0.012985
2861,21,18,3,3,0.012985
2948,23,13,2,2,0.012985
252,1,28,8,13,0.012985
1163,6,3,2,3,0.01293
87,1,5,8,12,0.01293
2851,21,15,3,3,0.0129
1366,7,8,9,8,0.0129
2062,12,6,8,12,0.0129
1548,8,6,8,12,0.0129
964,5,2,5,6,0.01288
961,5,2,4,11,0.01288
632,3,6,5,6,0.01288
1369,7,10,2,2,0.01282
1309,6,27,8,13,0.01282
1308,6,27,8,12,0.01282
1912,10,26,3,3,0.01282
2592,17,8,9,8,0.01282
1864,10,15,2,2,0.01282
1371,7,10,2,7,0.01282
3282,28,28,4,3,0.01282
1120,5,27,4,13,0.01282
2205,13,11,2,7,0.01282
2541,16,7,4,3,0.01282
1313,6,29,2,10,0.01282
1141,6,1,3,2,0.012764
1938,11,3,2,2,0.012764
2807,21,3,3,3,0.012764
1628,8,14,8,12,0.01274
1651,8,18,3,3,0.01274
1598,8,10,4,13,0.01274
1594,8,10,4,2,0.01274
1867,10,15,3,3,0.01274
2722,18,24,3,3,0.01274
3017,24,10,3,3,0.01274
3247,28,6,8,13,0.01274
1137,6,1,2,3,0.01266
2037,11,32,6,8,0.01266
1914,10,27,2,3,0.01266
1153,6,2,2,10,0.01266
840,4,4,3,2,0.01266
1441,7,34,11,8,0.01266
1150,6,2,2,3,0.01266
841,4,4,3,3,0.01266
1543,8,6,4,13,0.01266
1254,6,15,2,2,0.01266
1541,8,6,4,6,0.01266
1930,11,2,2,2,0.0126
2800,21,2,3,3,0.0126
623,3,6,3,2,0.0126
3037,24,18,3,3,0.01258
1678,8,27,3,3,0.01258
2842,21,10,3,3,0.01258
1709,9,6,7,9,0.01258
2794,21,1,3,3,0.01255
2509,15,25,2,2,0.0125
1592,8,10,3,2,0.0125
770,3,25,3,3,0.0125
1903,10,25,2,2,0.0125
2174,13,7,2,7,0.0125
2001,11,13,2,7,0.0125
1117,5,27,4,3,0.0125
3028,24,15,3,3,0.0125
3281,28,28,3,3,0.0125
2928,23,7,1,4,0.0125
1261,6,16,2,2,0.01242
1257,6,15,3,3,0.01242
2172,13,7,2,2,0.01242
2197,13,10,2,7,0.01242
1630,8,14,11,15,0.01242
1711,9,8,7,9,0.01242
1542,8,6,4,11,0.01242
2185,13,8,2,7,0.01242
1805,10,7,2,7,0.01242
1803,10,7,2,2,0.01242
522,3,1,3,2,0.0124
1238,6,11,7,9,0.012344
1854,10,13,2,7,0.012344
3154,26,26,11,8,0.012344
51,1,3,3,2,0.012344
1861,10,14,2,10,0.01227
1591,8,10,2,6,0.01227
1607,8,11,7,9,0.01227
1539,8,6,4,2,0.01227
2251,13,23,2,7,0.01227
1847,10,11,2,7,0.01219
3155,26,26,11,15,0.01219
2712,18,18,4,11,0.01219
3228,27,38,4,13,0.01219
989,5,5,2,3,0.01219
1122,5,27,8,13,0.01219
3091,25,35,4,11,0.01219
3038,24,19,3,3,0.01219
2335,14,6,2,5,0.01219
1048,5,10,4,13,0.01219
3153,26,26,9,15,0.01219
1659,8,23,5,6,0.01212
1041,5,10,2,10,0.01212
1269,6,18,2,2,0.01212
1537,8,6,3,2,0.01212
1061,5,14,8,13,0.01212
1590,8,10,2,5,0.01212
1358,7,8,2,2,0.01212
3199,27,6,8,12,0.01212
1360,7,8,2,7,0.01212
3200,27,6,8,13,0.01212
1121,5,27,8,12,0.01212
1677,8,27,3,2,0.01212
1047,5,10,4,11,0.01205
1971,11,8,9,8,0.01205
272,2,1,3,2,0.01205
2784,19,28,8,12,0.01205
2876,21,24,2,10,0.01205
279,2,1,5,6,0.01205
276,2,1,4,11,0.01205
1215,6,8,5,6,0.01205
1217,6,8,8,12,0.01205
155,1,12,5,6,0.01198
1906,10,25,3,3,0.01198
2018,11,23,2,7,0.01198
809,3,34,11,15,0.01198
156,1,12,5,15,0.01198
2538,16,6,4,3,0.0119
3227,27,38,4,11,0.0119
3046,24,23,2,2,0.0119
1976,11,10,2,7,0.0119
1638,8,16,2,2,0.01183
1046,5,10,4,6,0.01183
1050,5,10,5,6,0.01183
3198,27,6,4,13,0.01183
2690,18,8,3,3,0.01183
1039,5,10,2,3,0.01183
3304,29,6,2,10,0.01183
2685,18,6,3,3,0.011765
3252,28,8,8,12,0.011765
837,4,4,2,3,0.011765
2875,21,24,2,5,0.011696
1272,6,18,3,3,0.011696
190,1,16,8,12,0.011696
2410,14,27,2,5,0.011696
2463,15,6,4,3,0.011696
2042,11,34,9,8,0.01163
2040,11,32,11,8,0.01163
3151,26,26,6,8,0.01163
2469,15,8,4,3,0.01163
1819,10,8,4,2,0.01163
2773,19,19,4,11,0.01163
2943,23,11,2,2,0.01163
1235,6,10,5,6,0.01163
240,1,27,3,3,0.01156
2360,14,10,2,10,0.01156
245,1,27,4,13,0.01156
1305,6,27,3,3,0.01156
1075,5,17,2,10,0.01156
1304,6,27,3,2,0.01156
1727,9,24,2,5,0.01156
2606,17,12,11,15,0.0115
2605,17,12,11,8,0.0115
2604,17,12,9,15,0.0115
2830,21,8,6,7,0.0115
2041,11,32,11,15,0.0115
2039,11,32,9,15,0.0115
3113,26,8,9,8,0.0115
3111,26,8,6,7,0.0115
1817,10,8,3,2,0.0115
1210,6,8,3,2,0.0115
1820,10,8,4,3,0.01143
1815,10,8,2,6,0.01143
1816,10,8,2,7,0.01143
2671,18,4,1,1,0.01143
894,4,18,1,1,0.01143
3195,27,6,4,3,0.01143
404,2,10,4,11,0.01136
1056,5,14,2,5,0.01136
2682,18,6,2,2,0.01136
893,4,17,2,10,0.01136
2870,21,21,7,9,0.01136
1020,5,7,4,11,0.01136
1675,8,27,2,3,0.01136
2045,11,34,11,15,0.01136
2425,14,34,8,12,0.01136
3005,24,7,3,3,0.01136
1281,6,23,2,2,0.01136
446,2,18,2,2,0.01136
402,2,10,4,2,0.01136
2459,15,6,2,2,0.0113
1814,10,8,2,5,0.0113
443,2,18,1,1,0.0113
2399,14,23,2,2,0.01124
2639,17,29,11,8,0.01124
1290,6,25,2,2,0.01124
1665,8,25,3,3,0.01124
2104,12,17,9,15,0.01124
2557,16,16,5,6,0.01124
2105,12,17,11,8,0.01124
1099,5,24,8,12,0.01124
2043,11,34,9,15,0.01124
1965,11,8,2,7,0.01117
146,1,10,4,6,0.01117
147,1,10,4,11,0.01117
3023,24,14,2,2,0.01117
292,2,2,4,2,0.01117
247,1,27,8,13,0.01117
148,1,10,4,13,0.01117
569,3,3,2,6,0.01111
1338,7,4,1,4,0.01111
2487,15,15,5,6,0.01111
2044,11,34,11,8,0.01111
246,1,27,8,12,0.01111
1672,8,27,1,3,0.01111
3318,29,29,2,2,0.01111
1087,5,21,2,5,0.01111
1088,5,21,2,10,0.01111
2640,17,29,11,15,0.01111
2638,17,29,9,15,0.01111
909,4,23,1,1,0.01105
1013,5,6,4,13,0.01105
1798,10,6,4,2,0.01105
1018,5,7,3,3,0.01105
1017,5,6,8,13,0.01105
287,2,2,2,6,0.01099
2711,18,18,4,3,0.01099
1207,6,8,2,3,0.01099
1988,11,11,6,8,0.01099
2120,12,29,9,15,0.01099
2231,13,13,9,15,0.01099
2232,13,13,11,6,0.01099
254,1,29,5,15,0.01099
3244,28,5,8,13,0.010925
2351,14,8,8,12,0.010925
1301,6,27,2,3,0.010925
2579,17,4,2,10,0.010925
573,3,3,4,2,0.010925
575,3,3,4,6,0.010925
2769,19,17,11,15,0.01087
3192,27,5,4,13,0.01087
3207,27,8,4,13,0.01087
11,1,1,4,6,0.01087
13,1,1,4,13,0.01087
3226,27,38,4,3,0.01087
1714,9,9,2,10,0.01087
2772,19,19,4,3,0.01087
1012,5,6,4,11,0.01087
2233,13,13,11,8,0.01087
449,2,18,3,3,0.01087
144,1,10,4,2,0.01081
239,1,27,3,2,0.01081
1799,10,6,4,3,0.01081
399,2,10,2,10,0.01081
398,2,10,2,7,0.01081
1008,5,6,3,3,0.01075
581,3,3,5,15,0.01075
397,2,10,2,6,0.01075
2122,12,29,11,8,0.01075
1094,5,24,2,5,0.01075
1095,5,24,2,10,0.01075
288,2,2,2,7,0.0107
195,1,18,2,2,0.0107
281,2,2,1,3,0.0107
904,4,21,2,10,0.0107
173,1,14,8,13,0.0107
2353,14,8,11,15,0.0107
903,4,21,2,5,0.0107
1293,6,25,3,3,0.0107
1092,5,24,2,2,0.0107
506,2,29,2,10,0.0107
1011,5,6,4,6,0.010635
2934,23,8,2,2,0.010635
464,2,23,1,1,0.010635
3220,27,27,4,11,0.010635
2783,19,28,4,11,0.010635
112,1,7,4,11,0.010635
803,3,29,5,15,0.01058
1015,5,6,5,6,0.01058
3204,27,8,4,3,0.01058
1282,6,24,2,2,0.01058
873,4,10,2,10,0.01058
583,3,3,8,12,0.01058
2121,12,29,11,6,0.01053
19,1,1,8,13,0.01053
2217,13,12,9,15,0.01053
2735,18,31,4,11,0.01053
6,1,1,2,6,0.01053
3194,27,5,8,13,0.01053
3319,29,29,2,5,0.01053
141,1,10,2,6,0.01053
9,1,1,4,2,0.01053
1779,10,4,2,10,0.01053
3149,26,26,4,3,0.01053
2426,14,34,9,8,0.01053
2423,14,32,9,8,0.01053
391,2,9,2,5,0.01053
3189,27,5,4,3,0.01047
2400,14,24,2,2,0.01047
3193,27,5,8,12,0.01047
17,1,1,5,15,0.01047
181,1,15,8,12,0.01047
174,1,14,11,15,0.01047
2582,17,5,2,10,0.01047
874,4,10,3,2,0.010414
858,4,7,1,4,0.010414
1352,7,7,6,8,0.010414
182,1,16,2,2,0.010414
690,3,12,5,6,0.010414
691,3,12,5,15,0.010414
563,3,3,1,3,0.010414
237,1,27,2,3,0.010414
364,2,7,2,7,0.01036
442,2,17,6,7,0.01036
362,2,7,2,2,0.01036
1925,10,35,4,11,0.01031
2219,13,12,11,8,0.01031
2602,17,12,6,7,0.01031
1004,5,6,2,3,0.01031
327,2,4,3,2,0.01031
468,2,23,2,7,0.01031
2218,13,12,11,6,0.01031
497,2,27,3,2,0.01031
2963,23,23,6,4,0.01031
875,4,10,3,3,0.01031
871,4,10,2,3,0.010254
367,2,7,4,11,0.010254
101,1,6,4,13,0.0102
1316,6,34,8,12,0.0102
1991,11,11,11,8,0.0102
1104,5,25,3,3,0.0102
106,1,6,8,13,0.0102
2385,14,14,9,8,0.0102
1350,7,7,6,4,0.0102
1986,11,11,6,4,0.0102
588,3,4,1,3,0.0102
2332,14,5,8,13,0.0102
596,3,4,3,3,0.0102
99,1,6,4,6,0.0102
100,1,6,4,11,0.0102
161,1,13,5,15,0.010155
945,5,1,4,6,0.010155
879,4,14,2,5,0.010155
947,5,1,4,13,0.010155
1780,10,4,3,2,0.010155
126,1,8,4,6,0.0101
1472,8,2,3,2,0.0101
1984,11,11,5,6,0.0101
887,4,16,2,2,0.0101
2659,18,2,2,2,0.0101
2786,19,31,4,11,0.0101
128,1,8,4,13,0.0101
2101,12,17,6,7,0.0101
2709,18,18,3,2,0.0101
595,3,4,3,2,0.0101
127,1,8,4,11,0.0101
1785,10,5,2,10,0.0101
1990,11,11,9,15,0.0101
427,2,14,2,5,0.0101
227,1,25,8,12,0.01005
1476,8,2,4,6,0.01005
498,2,27,3,3,0.01005
1474,8,2,4,2,0.01005
1477,8,2,4,11,0.01005
745,3,19,11,15,0.01005
2658,18,2,1,1,0.01005
382,2,8,4,2,0.01
1341,7,5,1,4,0.01
384,2,8,4,11,0.01
2636,17,29,6,7,0.01
2381,14,14,5,6,0.01
2734,18,28,4,11,0.01
1995,11,12,9,15,0.01
494,2,27,2,3,0.00995
379,2,8,2,7,0.00995
378,2,8,2,6,0.00995
162,1,13,8,12,0.00995
97,1,6,4,2,0.00995
436,2,16,2,2,0.00995
320,2,4,1,3,0.00995
324,2,4,2,3,0.00995
380,2,8,3,2,0.0099
1839,10,10,4,11,0.0099
3219,27,27,4,6,0.0099
491,2,27,1,3,0.0099
1694,8,34,5,15,0.0099
1996,11,12,11,8,0.0099
3258,28,12,8,12,0.0099
421,2,13,2,7,0.0099
1471,8,2,2,6,0.0099
2998,24,6,2,2,0.0099
2118,12,29,6,7,0.0099
431,2,15,2,2,0.0099
2424,14,34,5,15,0.0099
328,2,4,3,3,0.0099
1783,10,5,2,3,0.0099
1348,7,7,5,6,0.0099
1189,6,5,8,13,0.00985
915,4,24,2,10,0.00985
951,5,1,8,13,0.00985
1482,8,2,5,15,0.00985
2820,21,5,3,3,0.00985
914,4,24,2,5,0.00985
3233,28,1,8,13,0.00985
938,5,1,2,3,0.0098
2811,21,4,2,5,0.0098
1493,8,3,2,6,0.0098
912,4,24,2,2,0.0098
132,1,8,5,15,0.0098
1028,5,8,4,6,0.0098
2812,21,4,2,10,0.0098
3125,26,12,11,8,0.0098
2115,12,28,8,12,0.0098
3124,26,12,9,15,0.0098
3126,26,12,11,15,0.0098
2782,19,28,3,3,0.0098
1030,5,8,4,13,0.0098
2613,17,17,2,5,0.0098
1494,8,3,3,2,0.0098
797,3,28,8,12,0.0098
440,2,16,3,3,0.00976
133,1,8,8,12,0.00976
2744,19,2,11,15,0.00976
413,2,11,2,7,0.00976
1025,5,8,3,3,0.00976
434,2,15,3,3,0.00976
2989,24,4,2,10,0.00976
734,3,18,1,1,0.00976
2652,18,1,2,2,0.00976
212,1,23,5,6,0.00976
2988,24,4,2,5,0.00976
2986,24,4,2,2,0.00976
1029,5,8,4,11,0.00976
1478,8,2,4,13,0.00976
3007,24,8,2,2,0.00971
122,1,8,3,2,0.00971
1390,7,12,9,15,0.00971
1428,7,29,6,7,0.00971
679,3,10,4,6,0.00971
1355,7,7,11,8,0.00971
124,1,8,4,2,0.00971
2382,14,14,5,15,0.00971
1354,7,7,9,15,0.00971
592,3,4,2,3,0.00971
1498,8,3,4,6,0.00971
1317,6,34,11,15,0.00971
1496,8,3,4,2,0.00971
677,3,10,4,2,0.00966
673,3,10,2,6,0.00966
1766,10,3,2,10,0.00966
1781,10,4,3,3,0.00966
2327,14,5,2,5,0.00966
1777,10,4,2,3,0.00966
674,3,10,2,10,0.00966
1466,8,2,1,3,0.00966
1764,10,3,2,6,0.00966
1753,10,2,4,2,0.00966
1483,8,2,8,12,0.00966
488,2,26,3,3,0.00966
1526,8,5,4,13,0.00961
2995,24,5,2,10,0.00961
1383,7,11,6,8,0.00961
1524,8,5,4,6,0.00961
2994,24,5,2,5,0.00961
307,2,3,2,6,0.00961
1769,10,3,4,2,0.00957
312,2,3,4,2,0.00957
2992,24,5,2,2,0.00957
1521,8,5,3,3,0.00957
2147,13,2,5,15,0.00957
2666,18,3,2,2,0.00957
1504,8,3,5,15,0.00952
2484,15,15,3,2,0.00952
175,1,15,2,2,0.00952
1754,10,2,4,3,0.00952
1525,8,5,4,11,0.00952
1748,10,2,2,6,0.00952
2268,13,29,6,7,0.00952
832,4,3,3,2,0.00952
544,3,2,2,6,0.00952
1391,7,12,11,8,0.00952
2817,21,5,2,5,0.009476
2818,21,5,2,10,0.009476
3175,27,1,4,13,0.009476
548,3,2,4,2,0.009476
550,3,2,4,6,0.009476
373,2,8,1,3,0.009476
3172,27,1,4,3,0.00944
1033,5,8,8,12,0.00944
2610,17,13,11,8,0.00944
2747,19,3,11,15,0.00944
2050,12,2,5,6,0.00944
2051,12,2,5,15,0.00944
1454,8,1,4,6,0.00944
1455,8,1,4,11,0.00944
1456,8,1,4,13,0.00944
1765,10,3,2,7,0.00944
3286,28,31,4,11,0.00944
2576,17,3,2,10,0.00939
354,2,6,4,11,0.00939
731,3,17,2,10,0.00939
121,1,8,2,6,0.00939
2145,13,2,2,7,0.00939
308,2,3,2,7,0.00939
654,3,8,4,6,0.00939
1770,10,3,4,3,0.00939
1510,8,4,1,3,0.00939
727,3,16,4,3,0.00939
1505,8,3,8,12,0.00939
352,2,6,4,2,0.00939
650,3,8,3,2,0.009346
1750,10,2,2,10,0.009346
649,3,8,2,6,0.009346
2611,17,13,11,15,0.009346
3269,28,18,4,11,0.009346
2609,17,13,9,15,0.009346
1840,10,10,5,2,0.009346
2322,14,4,2,5,0.009346
2156,13,3,2,7,0.0093
2055,12,3,5,6,0.0093
1488,8,3,1,3,0.0093
2158,13,3,5,15,0.0093
2056,12,3,5,15,0.0093
660,3,8,5,15,0.0093
556,3,2,5,15,0.0093
1735,10,1,2,6,0.0093
2665,18,3,1,1,0.0093
712,3,14,8,12,0.0093
609,3,5,4,6,0.0093
1739,10,1,4,2,0.0093
1749,10,2,2,7,0.0093
829,4,3,2,3,0.00926
2270,13,29,9,15,0.00926
2442,15,3,2,2,0.00926
2867,21,21,3,2,0.00926
833,4,3,3,3,0.00926
1529,8,5,8,12,0.00926
2271,13,29,11,6,0.00926
479,2,25,2,2,0.00926
975,5,3,4,6,0.00926
698,3,13,5,15,0.00926
968,5,3,2,3,0.00926
1740,10,1,4,3,0.00926
1430,7,29,9,15,0.00926
2958,23,23,1,1,0.00926
2435,15,2,2,2,0.00926
1736,10,1,2,10,0.00922
301,2,3,1,3,0.00922
1450,8,1,3,2,0.00922
1452,8,1,4,2,0.00922
3293,29,2,2,10,0.00922
652,3,8,4,2,0.00922
3177,27,1,8,13,0.00922
2272,13,29,11,8,0.00917
3088,25,28,4,11,0.00917
1697,8,38,4,11,0.00917
714,3,14,11,15,0.00917
2863,21,21,2,2,0.00917
3176,27,1,8,12,0.00917
2046,12,1,5,6,0.00917
220,1,25,2,2,0.00917
1449,8,1,2,6,0.00917
2577,17,3,6,7,0.00917
1381,7,11,6,4,0.00917
2632,17,26,11,8,0.00917
2047,12,1,5,15,0.00917
1431,7,29,11,8,0.00917
213,1,24,2,2,0.00917
662,3,8,8,12,0.00913
1460,8,1,5,15,0.00913
1461,8,1,8,12,0.00913
538,3,2,1,3,0.00913
1179,6,4,3,2,0.00913
558,3,2,8,12,0.00913
2633,17,26,11,15,0.009094
3272,28,19,8,12,0.009094
722,3,16,2,2,0.009094
3236,28,2,8,12,0.009094
2631,17,26,9,15,0.009094
334,2,5,2,3,0.009094
1985,11,11,6,2,0.009094
1405,7,17,6,8,0.009094
789,3,27,3,3,0.009094
2434,15,1,8,12,0.00905
705,3,14,2,5,0.00905
2294,14,1,8,13,0.00905
2525,16,1,8,12,0.00905
863,4,8,2,5,0.00905
2305,14,2,8,12,0.00905
857,4,6,3,3,0.00905
758,3,23,5,6,0.00901
2010,11,17,6,8,0.00901
749,3,21,2,10,0.00901
644,3,8,1,3,0.00901
748,3,21,2,5,0.00901
1333,7,3,2,7,0.00901
1331,7,3,2,2,0.00901
2428,15,1,2,2,0.00901
1386,7,11,11,8,0.00901
2227,13,13,6,2,0.00901
614,3,5,8,12,0.00897
35,1,2,4,13,0.00897
2981,24,3,2,5,0.00897
33,1,2,4,6,0.00897
1324,7,2,2,7,0.00897
1322,7,2,2,2,0.00897
2982,24,3,2,10,0.00897
31,1,2,4,2,0.00897
2574,17,2,6,7,0.00893
3160,26,29,11,8,0.00893
1842,10,10,6,2,0.00893
2307,14,2,11,15,0.00893
980,5,3,8,12,0.00893
1698,8,38,4,13,0.00893
1180,6,4,3,3,0.00893
1379,7,11,5,6,0.00893
2629,17,26,6,8,0.00893
1411,7,22,1,4,0.00893
1385,7,11,9,15,0.00893
2380,14,14,4,3,0.00893
84,1,5,4,13,0.00889
82,1,5,4,6,0.00889
856,4,6,3,2,0.00889
482,2,25,3,3,0.00889
602,3,5,2,3,0.00889
2317,14,3,8,12,0.00889
2310,14,3,2,5,0.00889
2379,14,14,3,3,0.00885
3266,28,16,4,11,0.00885
2573,17,1,2,10,0.00885
3085,25,25,4,11,0.00885
2295,14,1,11,15,0.00885
1349,7,7,6,2,0.00885
2956,23,22,1,1,0.00885
1173,6,3,8,12,0.00885
2286,14,1,2,5,0.00885
3141,26,17,11,8,0.00885
2962,23,23,6,2,0.00885
782,3,27,1,3,0.00885
2112,12,26,9,15,0.00885
2113,12,26,11,8,0.00885
2114,12,26,11,15,0.00885
2378,14,14,3,2,0.00885
788,3,27,3,2,0.00885
3161,26,29,11,15,0.00885
3159,26,29,9,15,0.00885
1172,6,3,5,6,0.00885
28,1,2,2,6,0.00881
2917,23,3,2,2,0.00881
2093,12,13,9,15,0.00877
2298,14,2,2,5,0.00877
3140,26,17,9,15,0.00877
3122,26,12,6,7,0.00877
2245,13,17,11,8,0.00877
3305,29,9,2,2,0.00877
2138,13,1,5,15,0.00877
2221,13,13,1,1,0.00877
39,1,2,5,15,0.00877
2770,19,18,4,11,0.00877
3239,28,3,8,12,0.00877
3142,26,17,11,15,0.00877
853,4,6,2,3,0.008736
765,3,24,4,3,0.008736
2805,21,3,2,10,0.008736
2804,21,3,2,5,0.008736
2319,14,3,11,15,0.008736
40,1,2,8,12,0.0087
1148,6,1,8,13,0.0087
785,3,27,2,3,0.0087
1146,6,1,5,6,0.0087
2244,13,17,9,15,0.0087
1343,7,7,1,1,0.0087
1696,8,38,4,3,0.0087
88,1,5,8,13,0.00866
1160,6,2,8,12,0.00866
1176,6,4,2,3,0.00866
823,4,2,3,2,0.00866
1159,6,2,5,6,0.00866
2094,12,13,11,6,0.00862
1980,11,11,1,1,0.00862
2095,12,13,11,8,0.00862
2139,13,1,8,12,0.00862
2910,23,2,2,2,0.00862
2077,12,11,9,15,0.00862
1408,7,17,11,8,0.00862
762,3,24,2,10,0.00858
953,5,2,2,3,0.00858
960,5,2,4,6,0.00858
761,3,24,2,5,0.00858
962,5,2,4,13,0.00858
759,3,24,2,2,0.00858
633,3,6,8,12,0.00858
2920,23,3,6,7,0.00858
3268,28,17,8,12,0.008545
3181,27,2,4,13,0.008545
1407,7,17,9,15,0.008545
3306,29,9,2,5,0.008545
1409,7,17,11,15,0.008545
2914,23,2,6,7,0.008545
2078,12,11,11,8,0.008545
3138,26,17,6,8,0.008545
2013,11,17,11,8,0.008545
2570,16,28,4,3,0.008545
2767,19,16,4,11,0.008545
820,4,2,2,3,0.008514
824,4,2,3,3,0.008514
3178,27,2,4,3,0.008514
627,3,6,4,6,0.008514
1940,11,3,2,7,0.008514
76,1,5,2,3,0.00848
2961,23,23,2,7,0.00848
2014,11,17,11,15,0.00848
3054,24,24,6,7,0.00848
2012,11,17,9,15,0.00848
1135,5,38,4,13,0.00848
1726,9,21,12,16,0.00848
526,3,1,4,6,0.00844
1932,11,2,2,7,0.0084
2597,17,11,6,8,0.0084
3090,25,31,4,11,0.0084
3265,28,16,4,3,0.0084
2223,13,13,2,6,0.00833
1134,5,38,4,11,0.00833
2836,21,9,12,16,0.00833
3264,28,16,3,3,0.00833
2705,18,16,4,11,0.00833
1957,11,7,6,8,0.00833
2766,19,16,4,3,0.00833
1922,10,28,4,11,0.00833
625,3,6,4,2,0.00833
2969,24,1,2,10,0.00833
2520,15,28,4,3,0.00833
2031,11,29,6,7,0.00833
2635,17,29,2,10,0.00833
2968,24,1,2,5,0.00833
2966,24,1,2,2,0.0083
965,5,2,8,12,0.0083
524,3,1,4,2,0.00826
2368,14,12,9,8,0.00826
2708,18,18,2,3,0.00826
2714,18,19,4,11,0.00826
3271,28,19,4,11,0.00826
2765,19,16,3,3,0.00826
532,3,1,5,15,0.00823
50,1,3,2,6,0.00823
520,3,1,2,6,0.00823
816,4,1,3,3,0.00823
53,1,3,4,2,0.00823
55,1,3,4,6,0.00823
2792,21,1,2,10,0.008194
2791,21,1,2,5,0.008194
2366,14,12,5,15,0.008194
533,3,1,8,12,0.008194
2034,11,29,11,8,0.00813
1205,6,6,12,16,0.00813
2033,11,29,9,15,0.00813
1401,7,13,9,15,0.00813
2496,15,18,4,3,0.00813
1380,7,11,6,2,0.00813
2099,12,14,9,8,0.00813
73,1,4,3,3,0.008064
1423,7,26,6,8,0.008064
3312,29,17,2,10,0.008064
3081,25,18,4,11,0.008064
1133,5,38,4,3,0.008064
1240,6,12,11,15,0.008064
1397,7,13,5,6,0.008064
2585,17,7,6,8,0.008064
1581,8,8,11,6,0.008064
1402,7,13,11,8,0.008064
815,4,1,3,2,0.008064
2097,12,14,5,15,0.008064
274,2,1,4,2,0.00803
61,1,3,5,15,0.00803
270,2,1,2,6,0.00803
812,4,1,2,3,0.00803
62,1,3,8,12,0.008
2634,17,29,2,5,0.008
1610,8,12,11,6,0.008
2110,12,26,6,7,0.008
1583,8,8,12,16,0.008
1955,11,7,6,4,0.008
1880,10,18,4,11,0.008
2754,19,7,4,11,0.008
2704,18,16,3,3,0.008
3156,26,28,3,3,0.008
1828,10,10,1,1,0.008
1878,10,18,3,2,0.008
1132,5,35,4,11,0.008
2713,18,19,1,1,0.008
1720,9,15,12,16,0.008
3157,26,29,6,7,0.008
2240,13,16,5,6,0.007935
2703,18,15,4,3,0.007935
2600,17,11,11,8,0.007935
2483,15,15,2,3,0.007935
2777,19,21,4,3,0.00787
1375,7,11,1,1,0.00787
1725,9,21,7,9,0.00787
1982,11,11,2,6,0.00787
2599,17,11,9,15,0.00787
1921,10,28,3,3,0.00787
2864,21,21,2,3,0.00787
1960,11,7,11,8,0.00787
2601,17,11,11,15,0.00787
1953,11,7,5,6,0.007812
2758,19,10,4,3,0.007812
3256,28,10,4,11,0.007812
2375,14,14,2,3,0.007812
72,1,4,3,2,0.007812
1959,11,7,9,15,0.007812
3257,28,10,8,12,0.007812
70,1,4,2,3,0.007782
3270,28,19,3,3,0.00775
2759,19,10,4,11,0.00775
3311,29,17,2,5,0.00775
2728,18,25,4,11,0.00775
2210,13,11,9,15,0.00775
1731,9,29,2,10,0.00775
1224,6,9,12,16,0.00775
2549,16,13,5,6,0.00775
1418,7,23,6,4,0.00775
2612,17,14,9,8,0.00775
2835,21,9,7,9,0.00775
2211,13,11,11,8,0.00775
1574,8,8,5,2,0.00775
3052,24,24,3,2,0.00775
3255,28,10,4,3,0.00769
1346,7,7,2,6,0.00769
2757,19,10,3,3,0.00769
2263,13,26,11,8,0.00769
2465,15,7,3,3,0.00769
2764,19,15,4,3,0.00769
2593,17,9,2,5,0.007633
2753,19,7,4,3,0.007633
1426,7,26,11,8,0.007633
1575,8,8,5,3,0.007633
2262,13,26,9,15,0.007633
1204,6,6,11,15,0.007633
2588,17,7,11,8,0.007633
262,1,38,4,11,0.007633
263,1,38,4,13,0.007633
2264,13,26,11,15,0.007633
1198,6,6,4,3,0.007633
2587,17,7,9,15,0.007576
1730,9,29,2,5,0.007576
1425,7,26,9,15,0.007576
1427,7,26,11,15,0.007576
3276,28,25,4,11,0.007576
261,1,38,4,3,0.007576
3045,24,21,6,7,0.007576
3254,28,10,3,3,0.007576
1197,6,6,4,2,0.007576
3087,25,26,7,9,0.007576
2589,17,7,11,15,0.007576
2206,13,11,5,6,0.007576
2697,18,10,4,11,0.00752
2559,16,18,3,3,0.00752
2007,11,13,11,8,0.00752
2006,11,13,9,15,0.00752
1924,10,31,4,11,0.00752
2622,17,21,2,10,0.00752
1722,9,17,2,10,0.00752
1580,8,8,8,13,0.00752
2066,12,7,9,15,0.00752
2494,15,18,3,2,0.00746
1923,10,29,2,10,0.00746
3278,28,26,3,3,0.00746
260,1,35,4,11,0.00746
1721,9,17,2,5,0.00746
1893,10,23,5,6,0.00746
3105,26,7,6,8,0.00741
3083,25,21,7,9,0.00741
2179,13,7,9,15,0.00741
2026,11,26,6,8,0.00741
3308,29,10,2,10,0.00741
2067,12,7,11,8,0.00741
3143,26,18,3,3,0.007355
2175,13,7,5,6,0.007355
1253,6,14,11,15,0.007355
2002,11,13,5,6,0.007355
2954,23,19,1,4,0.007355
3069,24,30,7,9,0.007355
2395,14,17,9,8,0.007355
2180,13,7,11,8,0.007355
2519,15,26,4,3,0.007355
1199,6,6,5,2,0.007355
2701,18,15,3,2,0.007355
3250,28,7,4,11,0.007355
2696,18,10,4,3,0.007355
2731,18,26,3,2,0.007298
1416,7,23,5,6,0.007298
3317,29,26,2,10,0.007298
2900,22,7,1,4,0.007298
2694,18,10,3,2,0.007248
2852,21,15,7,9,0.007248
2853,21,15,12,16,0.007248
2687,18,7,4,11,0.007248
2497,15,19,4,3,0.007248
2621,17,21,2,5,0.007248
3262,28,15,4,3,0.007248
3117,26,11,6,8,0.007248
2727,18,25,4,3,0.007248
1691,8,29,11,6,0.007248
3130,26,13,11,8,0.007248
2109,12,23,6,7,0.007195
2953,23,19,1,1,0.007195
3202,27,7,4,11,0.007195
1954,11,7,6,2,0.007195
3203,27,7,4,13,0.007195
3033,24,17,6,7,0.007195
2420,14,29,5,15,0.007195
3129,26,13,9,15,0.007195
3131,26,13,11,15,0.007195
2235,13,14,5,15,0.007195
1586,8,9,12,16,0.00714
2477,15,10,5,6,0.00714
1193,6,6,2,6,0.00714
3324,30,24,7,9,0.00714
1377,7,11,2,6,0.00714
1250,6,14,5,6,0.00714
3080,25,16,4,11,0.00714
2421,14,29,9,8,0.00714
3313,29,21,2,5,0.00714
1894,10,23,6,2,0.00714
2474,15,10,3,2,0.00709
1315,6,30,7,9,0.00709
1398,7,13,6,2,0.00709
3082,25,19,4,11,0.00709
2780,19,25,4,11,0.00709
2560,16,19,4,3,0.00709
3108,26,7,11,8,0.007042
2029,11,26,11,8,0.007042
2856,21,17,2,10,0.007042
1949,11,7,1,1,0.007042
2237,13,14,9,8,0.007042
2569,16,26,4,3,0.006992
3107,26,7,9,15,0.006992
3132,26,14,9,8,0.006992
2030,11,26,11,15,0.006992
3109,26,7,11,15,0.006992
2478,15,10,8,12,0.006992
2686,18,7,3,3,0.006992
3249,28,7,4,3,0.006992
2028,11,26,9,15,0.006992
2502,15,21,4,3,0.006992
258,1,34,5,15,0.006943
1875,10,17,6,7,0.006943
3212,27,10,4,11,0.006943
1877,10,18,2,3,0.006943
1872,10,16,3,2,0.006943
1314,6,29,11,15,0.006943
2192,13,8,11,6,0.006943
2021,11,23,6,4,0.006943
2513,15,25,4,3,0.006943
3309,29,14,2,2,0.006943
2517,15,26,3,2,0.006943
3201,27,7,4,3,0.006943
2566,16,25,5,6,0.006943
3136,26,16,4,3,0.006943
3049,24,24,2,3,0.006897
1693,8,30,7,9,0.006897
2561,16,21,3,3,0.006897
3248,28,7,3,3,0.006897
1393,7,13,1,1,0.006897
3120,26,11,11,8,0.006897
1417,7,23,6,2,0.006897
2946,23,11,6,4,0.006897
1874,10,16,4,11,0.006897
1584,8,9,2,2,0.006897
2932,23,7,6,4,0.006897
2729,18,26,2,2,0.006897
2725,18,25,3,2,0.006897
2627,17,24,6,7,0.006897
1891,10,23,2,6,0.006897
1688,8,28,8,13,0.00685
2595,17,10,6,7,0.00685
1248,6,14,3,2,0.00685
2562,16,21,4,3,0.00685
3119,26,11,9,15,0.00685
1634,8,15,5,6,0.00685
2717,18,21,3,2,0.00685
1562,8,8,1,11,0.00685
512,2,38,4,11,0.00685
3134,26,15,4,3,0.00685
3121,26,11,11,15,0.00685
2258,13,25,5,6,0.0068
3009,24,9,2,2,0.0068
2855,21,17,2,5,0.0068
3043,24,21,3,2,0.0068
1260,6,15,12,16,0.0068
842,4,4,6,4,0.0068
510,2,35,4,11,0.0068
2733,18,27,1,1,0.0068
3275,28,24,8,13,0.006756
2693,18,10,2,3,0.006756
3321,30,6,7,9,0.006756
3211,27,10,4,6,0.006756
1361,7,8,5,6,0.006756
1919,10,27,4,2,0.006756
1724,9,21,2,10,0.006756
2888,21,26,3,2,0.006756
2950,23,13,6,2,0.006756
1882,10,19,4,11,0.006756
1911,10,26,3,2,0.006756
1871,10,16,2,5,0.006756
3039,24,21,2,2,0.006756
1920,10,27,4,3,0.006756
3077,25,10,4,11,0.006756
3074,25,7,4,11,0.00671
2407,14,26,9,8,0.00671
2198,13,10,5,6,0.00671
1686,8,28,3,3,0.00671
1644,8,16,5,6,0.00671
1130,5,29,5,6,0.00671
2207,13,11,6,2,0.00671
1124,5,28,4,11,0.00671
2191,13,8,9,8,0.006668
2190,13,8,8,12,0.006668
1373,7,10,6,2,0.006668
1717,9,10,2,5,0.006668
2715,18,21,2,2,0.006668
3067,24,29,2,5,0.006668
2779,19,24,4,3,0.006668
509,2,32,6,7,0.006668
2548,16,10,8,12,0.006668
1249,6,14,3,3,0.006622
2500,15,21,3,2,0.006622
1372,7,10,5,6,0.006622
2473,15,10,2,3,0.006622
2941,23,10,6,2,0.006622
2073,12,8,11,6,0.006622
513,2,38,4,13,0.006622
1916,10,27,2,10,0.006622
511,2,38,4,3,0.006622
1887,10,21,3,2,0.006622
2879,21,24,6,7,0.006622
1889,10,21,6,7,0.006622
1637,8,15,12,16,0.006622
2418,14,29,2,2,0.00658
1131,5,31,4,11,0.00658
3064,24,26,3,2,0.00658
3115,26,10,4,3,0.00658
1636,8,15,8,12,0.00658
1883,10,21,2,2,0.00658
1866,10,15,3,2,0.00658
2885,21,26,2,2,0.00658
1908,10,26,2,2,0.00658
2890,21,29,2,5,0.00658
2887,21,26,2,10,0.00658
2019,11,23,5,6,0.00658
250,1,28,4,11,0.00658
1855,10,13,5,6,0.006535
2188,13,8,6,2,0.006535
2176,13,7,6,2,0.006535
1367,7,8,11,15,0.006535
1886,10,21,2,10,0.006535
2515,15,26,2,2,0.006535
1395,7,13,2,6,0.006535
2003,11,13,6,2,0.006535
1618,8,13,11,6,0.006535
1123,5,28,4,3,0.006535
1710,9,6,12,16,0.006535
1645,8,16,8,12,0.006535
1646,8,17,11,15,0.006535
2493,15,18,2,3,0.006535
248,1,28,3,3,0.006535
249,1,28,4,3,0.006535
2511,15,25,3,2,0.006535
2854,21,16,3,3,0.006493
1910,10,26,2,10,0.006493
1643,8,16,4,3,0.006493
1280,6,21,12,16,0.006493
1885,10,21,2,5,0.006493
1681,8,27,4,6,0.006493
1052,5,12,5,6,0.006493
3315,29,24,2,5,0.006493
1312,6,29,2,2,0.006493
2949,23,13,2,7,0.006493
1868,10,15,5,6,0.006493
3273,28,24,4,3,0.006493
1881,10,19,3,3,0.006493
3047,24,23,6,7,0.00645
3063,24,26,2,10,0.00645
2862,21,19,3,3,0.00645
2202,13,11,1,1,0.00645
3032,24,17,2,10,0.00645
1549,8,6,8,13,0.00645
1365,7,8,6,8,0.00645
1606,8,11,5,6,0.00645
1809,10,7,6,2,0.00645
2370,14,13,5,15,0.00645
1600,8,10,5,3,0.00645
2698,18,14,2,2,0.00645
2940,23,10,2,7,0.00645
2845,21,11,7,9,0.00645
2063,12,6,11,15,0.00645
3061,24,26,2,2,0.00641
1682,8,27,4,11,0.00641
2700,18,15,2,3,0.00641
2591,17,8,6,8,0.00641
2171,13,7,1,1,0.00641
1256,6,15,3,2,0.00641
1951,11,7,2,6,0.00641
2201,13,10,8,12,0.00641
1597,8,10,4,11,0.00641
2072,12,8,9,8,0.00641
1712,9,8,12,16,0.00637
1599,8,10,5,2,0.00637
2540,16,7,3,3,0.00637
2340,14,6,5,6,0.00637
2199,13,10,6,2,0.00637
999,5,5,5,3,0.00637
994,5,5,4,2,0.00637
1626,8,14,5,6,0.00637
1421,7,24,6,7,0.00637
2253,13,23,6,2,0.00637
1550,8,6,12,16,0.00637
2498,15,21,2,2,0.00637
1652,8,18,4,3,0.00637
1807,10,7,4,11,0.00637
1362,7,8,6,2,0.00637
1363,7,8,6,4,0.00637
1685,8,27,8,13,0.00637
3322,30,8,7,9,0.00633
2480,15,14,2,2,0.00633
1856,10,13,6,2,0.00633
1849,10,11,6,2,0.00633
3022,24,13,6,7,0.00633
2372,14,13,9,8,0.00633
1684,8,27,8,12,0.00633
1629,8,14,8,13,0.00633
1888,10,21,3,3,0.00633
1267,6,17,2,10,0.00629
3016,24,10,3,2,0.00629
1808,10,7,5,6,0.00629
1654,8,19,11,15,0.00629
2339,14,6,4,3,0.00629
1905,10,25,3,2,0.00629
1617,8,13,8,12,0.00629
1656,8,21,12,16,0.00629
1998,11,13,1,1,0.00629
1870,10,16,2,3,0.00629
2884,21,25,7,9,0.00629
1245,6,14,2,3,0.00629
1119,5,27,4,11,0.00629
1860,10,14,2,5,0.00629
2730,18,26,2,3,0.00629
1264,6,16,3,2,0.00625
1544,8,6,5,2,0.00625
1545,8,6,5,3,0.00625
2338,14,6,3,3,0.00625
2392,14,16,3,3,0.00625
3031,24,17,2,5,0.00625
2020,11,23,6,2,0.00625
1907,10,25,4,11,0.00625
2756,19,8,11,15,0.00625
3006,24,7,6,7,0.00625
992,5,5,3,2,0.00625
1414,7,23,2,6,0.00621
2196,13,10,2,6,0.00621
2256,13,24,6,7,0.00621
2204,13,11,2,6,0.00621
2626,17,24,2,10,0.00621
2184,13,8,2,6,0.00621
2841,21,10,3,2,0.00621
1279,6,21,7,9,0.00621
1627,8,14,5,15,0.00621
1128,5,29,2,5,0.00621
1602,8,10,8,12,0.006172
1127,5,29,2,2,0.006172
1978,11,10,6,2,0.006172
2391,14,16,3,2,0.006172
3020,24,11,6,7,0.006172
1966,11,8,5,6,0.006172
2355,14,9,2,5,0.006172
1653,8,19,3,3,0.006172
2843,21,10,6,7,0.006172
2860,21,18,3,2,0.006172
1862,10,14,3,2,0.006172
1370,7,10,2,6,0.006172
1848,10,11,5,6,0.006172
3018,24,10,6,7,0.006134
2505,15,24,3,2,0.006134
1641,8,16,3,2,0.006134
200,1,18,4,11,0.006134
2337,14,6,3,2,0.006134
3015,24,10,2,10,0.006134
3147,26,24,4,3,0.006134
1977,11,10,5,6,0.006134
1806,10,7,3,3,0.006134
1243,6,13,11,15,0.006134
2365,14,10,8,12,0.006096
1536,8,6,2,6,0.006096
1263,6,16,2,5,0.006096
2389,14,16,2,2,0.006096
3030,24,16,3,3,0.006096
1900,10,24,3,2,0.006096
3036,24,18,3,2,0.006096
1679,8,27,4,2,0.006096
2931,23,7,6,2,0.006096
1237,6,11,2,2,0.006096
199,1,18,4,3,0.006096
2945,23,11,6,2,0.006096
2516,15,26,2,3,0.006096
2877,21,24,3,2,0.006096
2837,21,10,2,2,0.006096
1118,5,27,4,6,0.006096
2850,21,15,3,2,0.006096
1265,6,16,3,3,0.006096
2755,19,8,3,3,0.006096
2858,21,18,2,2,0.00606
2173,13,7,2,6,0.00606
1853,10,13,2,6,0.00606
1236,6,10,8,12,0.00606
1631,8,15,2,2,0.00606
3245,28,6,4,3,0.00606
2840,21,10,2,10,0.00606
1359,7,8,2,6,0.00606
3014,24,10,2,5,0.00606
1271,6,18,3,2,0.00606
2716,18,21,2,3,0.00606
2828,21,7,3,3,0.00606
2721,18,24,3,2,0.00606
1708,9,6,2,5,0.00606
2000,11,13,2,6,0.00606
1670,8,26,3,3,0.00606
1274,6,21,2,2,0.00606
1624,8,14,3,3,0.006023
3217,27,24,8,13,0.006023
3027,24,15,3,2,0.006023
1970,11,8,6,8,0.006023
1044,5,10,4,2,0.006023
2839,21,10,2,5,0.006023
3040,24,21,2,3,0.006023
1625,8,14,4,3,0.006023
1081,5,18,4,11,0.006023
2470,15,8,5,6,0.006023
2625,17,24,2,5,0.006023
2965,23,24,6,7,0.00599
2182,13,8,1,1,0.00599
3303,29,6,2,2,0.00599
257,1,31,4,11,0.00599
1899,10,24,2,10,0.00599
3013,24,10,2,3,0.00599
1972,11,8,11,15,0.00599
3216,27,24,8,12,0.00599
2544,16,8,5,6,0.00599
808,3,34,5,15,0.00599
1623,8,14,3,2,0.00599
1232,6,10,4,2,0.00599
1650,8,18,2,2,0.00599
2250,13,23,2,6,0.00599
1042,5,10,3,2,0.00599
1073,5,16,8,12,0.00599
2873,21,24,2,2,0.00599
1655,8,21,7,9,0.00599
157,1,12,11,6,0.00599
1277,6,21,3,2,0.00599
189,1,16,5,6,0.00595
1901,10,24,3,3,0.00595
1884,10,21,2,3,0.00595
1902,10,24,6,7,0.00595
188,1,16,4,11,0.00595
2361,14,10,3,2,0.00595
1667,8,25,5,6,0.00595
2334,14,6,2,3,0.00595
2413,14,27,3,3,0.00595
1649,8,18,1,11,0.00595
2537,16,6,3,3,0.00595
1219,6,8,12,16,0.00595
3034,24,18,2,2,0.00595
2724,18,25,2,3,0.00595
1909,10,26,2,3,0.00595
2503,15,24,2,2,0.005917
935,4,29,2,5,0.005917
2691,18,8,4,3,0.005917
1214,6,8,5,2,0.005917
2396,14,18,2,2,0.005917
1728,9,24,2,10,0.005917
1898,10,24,2,5,0.005917
1276,6,21,2,5,0.005917
2838,21,10,2,3,0.005917
2848,21,15,2,2,0.005917
1823,10,8,6,2,0.005917
1072,5,16,4,11,0.005917
2499,15,21,2,3,0.005917
1357,7,8,1,1,0.005917
2886,21,26,2,3,0.005917
1865,10,15,2,3,0.005917
2359,14,10,2,5,0.005917
1821,10,8,5,2,0.005917
1613,8,13,2,2,0.005882
1559,8,7,5,6,0.005882
1614,8,13,2,6,0.005882
2406,14,26,2,10,0.005882
934,4,29,2,2,0.005882
1647,8,18,1,1,0.005882
1113,5,26,4,3,0.005882
1298,6,26,3,2,0.005882
2364,14,10,5,6,0.005882
2363,14,10,4,3,0.005882
1218,6,8,8,13,0.005882
1116,5,27,2,10,0.005882
1804,10,7,2,6,0.005882
1080,5,18,4,3,0.005882
2024,11,24,6,7,0.005882
2545,16,8,8,12,0.005848
1091,5,21,4,3,0.005848
1084,5,19,4,11,0.005848
2944,23,11,2,7,0.005848
1233,6,10,4,3,0.005848
1234,6,10,5,2,0.005848
2930,23,7,2,7,0.005848
1241,6,13,2,2,0.005848
2719,18,24,2,2,0.005848
1557,8,7,4,11,0.005848
1368,7,10,1,1,0.005848
2412,14,27,3,2,0.005848
1967,11,8,6,2,0.005848
1067,5,15,8,12,0.005814
3025,24,15,2,2,0.005814
1863,10,14,3,3,0.005814
1209,6,8,2,6,0.005814
3197,27,6,4,11,0.005814
2411,14,27,2,10,0.005814
2362,14,10,3,3,0.005814
2929,23,7,2,2,0.005814
1083,5,19,4,3,0.005814
1296,6,26,2,2,0.005814
1229,6,10,2,10,0.005814
1307,6,27,4,3,0.005814
1051,5,10,8,12,0.005814
1605,8,11,2,6,0.005814
1049,5,10,5,3,0.005814
1604,8,11,2,2,0.005814
1622,8,14,2,5,0.005814
1968,11,8,6,4,0.00578
1640,8,16,2,5,0.00578
1212,6,8,4,2,0.00578
1639,8,16,2,3,0.00578
2471,15,8,8,12,0.00578
1082,5,19,3,3,0.00578
244,1,27,4,11,0.00578
1228,6,10,2,6,0.00578
243,1,27,4,6,0.00578
1074,5,17,2,5,0.00578
1255,6,15,2,3,0.00578
2847,21,14,2,10,0.00578
2542,16,8,3,3,0.00578
2543,16,8,4,3,0.00578
3062,24,26,2,3,0.00578
1059,5,14,5,6,0.00578
1058,5,14,4,3,0.00578
1306,6,27,4,2,0.00578
2387,14,15,2,2,0.00578
1846,10,11,2,6,0.00578
850,4,5,3,3,0.00578
3297,29,4,2,2,0.00575
1975,11,10,2,6,0.00575
1859,10,14,2,3,0.00575
1669,8,25,8,12,0.00575
2358,14,10,2,3,0.00575
2510,15,25,2,3,0.00575
3112,26,8,6,8,0.00575
2832,21,8,12,16,0.00575
3298,29,4,2,5,0.00575
1278,6,21,3,3,0.00575
3253,28,8,8,13,0.00575
1303,6,27,2,10,0.00575
1262,6,16,2,3,0.005714
2937,23,8,6,4,0.005714
508,2,31,4,11,0.005714
1802,10,7,1,1,0.005714
2580,17,4,6,7,0.005714
1621,8,14,2,3,0.005714
2684,18,6,3,2,0.005714
1673,8,27,1,11,0.005714
2390,14,16,2,3,0.005714
1556,8,7,4,3,0.005714
2170,13,6,11,15,0.005714
2461,15,6,3,2,0.005714
448,2,18,3,2,0.00568
454,2,19,4,11,0.00568
892,4,17,2,5,0.00568
1612,8,13,1,1,0.00568
1558,8,7,4,13,0.00568
1021,5,7,4,13,0.00568
1555,8,7,3,3,0.00568
2689,18,8,2,2,0.00568
2398,14,21,2,10,0.00568
2017,11,23,2,6,0.00568
1587,8,10,1,1,0.00565
2403,14,24,8,13,0.00565
3251,28,8,3,3,0.00565
2194,13,10,1,1,0.00565
1100,5,24,8,13,0.00565
3196,27,6,4,6,0.00565
203,1,19,4,11,0.00565
1648,8,18,1,3,0.00565
2750,19,5,4,11,0.00565
1213,6,8,4,3,0.00565
445,2,18,1,11,0.00565
1851,10,13,1,1,0.00562
1603,8,11,1,1,0.00562
1299,6,26,3,3,0.00562
2749,19,5,4,3,0.00562
3024,24,14,2,10,0.00562
1897,10,24,2,3,0.00562
296,2,2,5,2,0.00562
202,1,19,4,3,0.00562
3301,29,5,2,5,0.00562
1666,8,25,4,3,0.00562
1904,10,25,2,3,0.005585
450,2,18,4,11,0.005585
2583,17,6,2,10,0.005585
851,4,5,6,4,0.005585
1964,11,8,2,6,0.005585
2748,19,5,3,3,0.005585
2827,21,6,12,16,0.005585
197,1,18,3,2,0.005585
3066,24,27,2,2,0.005585
3300,29,5,2,2,0.005585
1292,6,25,3,2,0.005585
3021,24,13,2,2,0.005554
1339,7,4,6,4,0.005554
1337,7,4,1,1,0.005554
2883,21,25,3,3,0.005554
150,1,10,5,3,0.005554
1069,5,16,2,5,0.005554
578,3,3,5,2,0.005554
2921,23,4,1,1,0.005554
1110,5,26,2,10,0.005554
2874,21,24,2,3,0.005554
2504,15,24,2,3,0.005554
1111,5,26,3,2,0.005554
1658,8,23,2,6,0.005554
2936,23,8,6,2,0.005554
2859,21,18,2,3,0.005524
807,3,32,6,7,0.005524
3110,26,8,3,3,0.005524
2720,18,24,2,3,0.005524
1844,10,11,1,1,0.005524
1068,5,16,2,2,0.005524
1076,5,18,2,2,0.005524
2688,18,8,1,1,0.005524
1078,5,18,3,2,0.005524
393,2,10,1,1,0.005524
1085,5,21,2,2,0.005524
405,2,10,4,13,0.005524
1108,5,26,2,2,0.005524
255,1,29,11,6,0.005524
911,4,23,6,4,0.005524
1532,8,6,1,11,0.005524
2409,14,27,2,3,0.005524
1089,5,21,3,2,0.005493
453,2,19,3,3,0.005493
1531,8,6,1,3,0.005493
2467,15,8,2,2,0.005493
2831,21,8,7,9,0.005493
2683,18,6,2,3,0.005493
2460,15,6,2,3,0.005493
1287,6,24,7,9,0.005493
2168,13,6,2,2,0.005493
2849,21,15,2,3,0.005493
406,2,10,5,2,0.005493
927,4,27,1,1,0.005493
504,2,28,4,11,0.005493
1064,5,15,3,2,0.005463
1062,5,15,2,2,0.005463
1270,6,18,2,3,0.005463
1275,6,21,2,3,0.005463
2578,17,4,2,5,0.005463
417,2,12,6,7,0.005463
204,1,19,11,15,0.005463
849,4,5,3,2,0.005463
1420,7,24,2,2,0.005463
2349,14,8,5,6,0.005463
283,2,2,1,11,0.005463
2255,13,24,2,2,0.005463
3035,24,18,2,3,0.005463
408,2,10,6,2,0.005436
185,1,16,3,2,0.005436
3205,27,8,4,6,0.005436
585,3,3,11,6,0.005436
1800,10,6,5,2,0.005436
3242,28,5,4,11,0.005436
1077,5,18,2,3,0.005436
3026,24,15,2,3,0.005436
1109,5,26,2,3,0.005405
15,1,1,5,3,0.005405
2681,18,5,4,11,0.005405
1962,11,8,1,1,0.005405
149,1,10,5,2,0.005405
3206,27,8,4,11,0.005405
895,4,18,2,2,0.005405
232,1,26,4,3,0.005405
241,1,27,4,2,0.005405
1973,11,10,1,1,0.005405
1289,6,24,8,13,0.005405
2352,14,8,8,13,0.005405
295,2,2,4,13,0.005405
298,2,2,6,2,0.005405
1795,10,6,2,10,0.005405
1801,10,6,5,6,0.005405
505,2,29,2,2,0.005405
2882,21,25,3,2,0.005375
579,3,3,5,3,0.005375
3059,24,25,3,3,0.005375
3004,24,7,2,2,0.005375
152,1,10,8,12,0.005375
1794,10,6,2,6,0.005375
180,1,15,5,6,0.005375
2826,21,6,7,9,0.005375
1705,9,4,2,10,0.005375
1086,5,21,2,3,0.005375
898,4,18,3,3,0.00535
196,1,18,2,3,0.00535
2825,21,6,3,3,0.00535
846,4,5,2,3,0.00535
1664,8,25,2,2,0.00535
170,1,14,5,6,0.00535
2350,14,8,5,15,0.00535
322,2,4,1,11,0.00535
576,3,3,4,11,0.00535
3019,24,11,2,2,0.00535
2458,15,5,8,12,0.00535
193,1,18,1,3,0.00535
1554,8,7,2,6,0.00535
924,4,26,2,10,0.00535
194,1,18,1,11,0.00535
3209,27,8,8,13,0.00535
2061,12,5,5,6,0.005318
1811,10,8,1,1,0.005318
168,1,14,3,3,0.005318
805,3,29,11,6,0.005318
169,1,14,4,3,0.005318
2923,23,4,6,4,0.005318
2935,23,8,2,7,0.005318
3208,27,8,8,12,0.005318
1063,5,15,2,3,0.005318
1009,5,6,4,2,0.005318
3241,28,5,4,3,0.005318
922,4,26,2,2,0.005318
901,4,21,2,2,0.005318
3191,27,5,4,11,0.005318
113,1,7,4,13,0.005318
897,4,18,3,2,0.005318
503,2,28,3,3,0.005318
114,1,7,5,6,0.005318
1096,5,24,3,2,0.005318
859,4,7,6,4,0.005318
447,2,18,2,3,0.005318
2404,14,25,2,2,0.00529
2880,21,25,2,2,0.00529
2672,18,4,2,2,0.00529
2680,18,5,4,3,0.00529
444,2,18,1,3,0.00529
20,1,1,11,6,0.00529
1342,7,5,6,4,0.00529
370,2,7,6,2,0.00529
1053,5,13,5,6,0.00529
1775,10,4,1,1,0.00529
1297,6,26,2,3,0.00529
926,4,26,3,3,0.00529
925,4,26,3,2,0.00529
1285,6,24,3,2,0.00529
577,3,3,4,13,0.00529
3058,24,25,3,2,0.00529
2821,21,6,2,2,0.00529
5,1,1,2,5,0.005264
876,4,11,6,4,0.005264
14,1,1,5,2,0.005264
1661,8,24,3,3,0.005264
192,1,18,1,1,0.005264
2401,14,24,2,10,0.005264
1553,8,7,1,11,0.005264
2581,17,5,2,5,0.005234
1054,5,13,8,12,0.005234
1551,8,7,1,1,0.005234
507,2,29,6,7,0.005234
2824,21,6,3,2,0.005234
171,1,14,5,15,0.005234
1662,8,24,4,3,0.005234
1007,5,6,3,2,0.005234
2346,14,8,3,2,0.005234
492,2,27,1,11,0.005234
906,4,21,3,3,0.005234
693,3,12,11,6,0.005207
3190,27,5,4,6,0.005207
987,5,4,3,3,0.005207
1014,5,6,5,3,0.005207
2060,12,4,6,7,0.005207
470,2,23,6,2,0.005207
931,4,27,2,10,0.005207
2536,16,5,8,12,0.005207
1106,5,25,4,11,0.005207
183,1,16,2,3,0.005207
140,1,10,2,5,0.005207
905,4,21,3,2,0.005207
565,3,3,1,11,0.005207
1093,5,24,2,3,0.005207
2674,18,4,3,2,0.005207
1284,6,24,2,5,0.00518
2675,18,4,3,3,0.00518
499,2,27,4,2,0.00518
2823,21,6,2,5,0.00518
209,1,21,4,3,0.00518
501,2,27,4,11,0.00518
502,2,27,4,13,0.00518
2348,14,8,4,3,0.00518
358,2,7,1,1,0.00518
360,2,7,1,4,0.00518
2347,14,8,3,3,0.00518
1707,9,5,2,10,0.00518
361,2,7,1,11,0.00518
1107,5,25,8,12,0.00518
3056,24,25,2,2,0.00518
2927,23,6,2,2,0.005154
3008,24,8,6,7,0.005154
1663,8,24,8,12,0.005154
2164,13,4,1,1,0.005154
584,3,3,8,13,0.005154
1948,11,6,2,2,0.005154
167,1,14,3,2,0.005154
933,4,27,3,3,0.005154
226,1,25,5,6,0.005154
225,1,25,4,11,0.005154
2661,18,2,3,2,0.005154
224,1,25,4,3,0.005127
590,3,4,1,11,0.005127
496,2,27,2,10,0.005127
2345,14,8,2,5,0.005127
2664,18,2,4,11,0.005127
184,1,16,2,5,0.005127
1552,8,7,1,3,0.005127
2023,11,24,2,2,0.005127
1286,6,24,3,3,0.005127
469,2,23,5,6,0.0051
2926,23,5,6,4,0.0051
1105,5,25,4,3,0.0051
3003,24,6,7,9,0.0051
891,4,16,3,3,0.0051
2822,21,6,2,3,0.0051
234,1,27,1,3,0.0051
163,1,13,11,6,0.0051
191,1,17,11,15,0.0051
235,1,27,1,11,0.0051
238,1,27,2,5,0.0051
597,3,4,4,3,0.005077
103,1,6,5,3,0.005077
1945,11,4,6,4,0.005077
1944,11,4,1,1,0.005077
889,4,16,2,5,0.005077
388,2,8,6,2,0.005077
2455,15,5,3,2,0.005077
2453,15,5,2,2,0.005077
366,2,7,4,3,0.005077
386,2,8,5,2,0.005077
799,3,29,2,2,0.00505
130,1,8,5,3,0.00505
2663,18,2,4,3,0.00505
1479,8,2,5,2,0.00505
800,3,29,2,5,0.00505
2657,18,1,4,11,0.00505
948,5,1,5,3,0.00505
1291,6,25,2,3,0.005024
886,4,15,3,3,0.005024
233,1,27,1,1,0.005024
369,2,7,5,6,0.005024
1788,10,5,4,2,0.005024
1790,10,5,4,11,0.005024
487,2,26,3,2,0.005024
429,2,14,3,2,0.005024
365,2,7,3,3,0.005024
467,2,23,2,6,0.005024
2924,23,5,1,1,0.005024
2678,18,5,3,2,0.005024
2676,18,5,2,2,0.005024
2344,14,8,2,3,0.005024
2656,18,1,4,3,0.005024
804,3,29,6,7,0.005
890,4,16,3,2,0.005
433,2,15,3,2,0.005
166,1,14,2,3,0.005
230,1,26,3,2,0.005
932,4,27,3,2,0.005
423,2,13,6,2,0.005
1789,10,5,4,3,0.005
3072,25,5,4,11,0.005
883,4,15,2,2,0.005
1786,10,5,3,2,0.005
439,2,16,3,2,0.004974
422,2,13,5,6,0.004974
2739,19,1,4,11,0.004974
1787,10,5,3,3,0.004974
2743,19,2,4,11,0.004974
885,4,15,3,2,0.004974
368,2,7,4,13,0.004974
3002,24,6,3,3,0.004974
3102,26,5,4,3,0.004974
1485,8,2,11,6,0.004974
3231,28,1,4,11,0.004974
484,2,26,2,2,0.004974
329,2,4,4,3,0.004974
441,2,16,4,11,0.004974
102,1,6,5,2,0.004974
3100,26,4,6,7,0.004974
359,2,7,1,3,0.004974
415,2,11,6,2,0.004974
3229,28,1,3,3,0.00495
455,2,21,2,2,0.00495
1283,6,24,2,3,0.00495
374,2,8,1,11,0.00495
2660,18,2,2,3,0.00495
2454,15,5,2,3,0.00495
2452,15,4,3,3,0.00495
2738,19,1,4,3,0.00495
3230,28,1,4,3,0.00495
418,2,13,1,1,0.00495
896,4,18,2,3,0.00495
1480,8,2,5,3,0.00495
135,1,8,11,6,0.00495
1660,8,24,2,2,0.00495
363,2,7,2,6,0.00495
177,1,15,3,2,0.00495
489,2,26,6,7,0.004925
2677,18,5,2,3,0.004925
986,5,4,3,2,0.004925
3001,24,6,3,2,0.004925
459,2,21,3,2,0.004925
943,5,1,4,2,0.004925
941,5,1,3,2,0.004925
1467,8,2,1,11,0.004925
486,2,26,2,10,0.004925
458,2,21,2,10,0.004925
2449,15,4,2,2,0.004925
3295,29,3,2,5,0.004925
3294,29,3,2,2,0.004925
438,2,16,2,5,0.004925
692,3,12,6,7,0.004925
219,1,24,8,13,0.0049
2742,19,2,4,3,0.0049
2809,21,4,2,2,0.0049
430,2,14,3,3,0.0049
134,1,8,8,13,0.0049
2166,13,5,5,6,0.0049
917,4,24,3,3,0.0049
1501,8,3,5,2,0.0049
2330,14,5,5,6,0.0049
2329,14,5,4,3,0.0049
457,2,21,2,5,0.0049
2451,15,4,3,2,0.0049
983,5,4,2,3,0.0049
2654,18,1,3,2,0.0049
2653,18,1,2,3,0.00488
2673,18,4,2,3,0.00488
1031,5,8,5,3,0.00488
420,2,13,2,6,0.00488
923,4,26,2,3,0.00488
94,1,6,2,6,0.00488
1101,5,25,2,2,0.00488
461,2,21,6,7,0.00488
1103,5,25,3,2,0.00488
881,4,14,3,2,0.00488
3000,24,6,2,5,0.004856
796,3,28,3,3,0.004856
129,1,8,5,2,0.004856
916,4,24,3,2,0.004856
902,4,21,2,3,0.004856
385,2,8,4,13,0.004856
682,3,10,5,3,0.004856
882,4,14,3,3,0.004856
1947,11,5,6,4,0.004856
410,2,11,1,1,0.004856
426,2,14,2,3,0.004856
741,3,18,4,3,0.004856
736,3,18,1,11,0.004856
2167,13,5,8,12,0.004856
1756,10,2,5,2,0.004856
2881,21,25,2,3,0.00483
1771,10,3,5,2,0.00483
228,1,26,2,2,0.00483
929,4,27,2,3,0.00483
229,1,26,2,3,0.00483
739,3,18,3,2,0.00483
2740,19,1,11,15,0.00483
681,3,10,5,2,0.00483
1755,10,2,4,11,0.00483
733,3,17,11,15,0.00483
435,2,15,5,6,0.004807
109,1,7,2,6,0.004807
1507,8,3,11,6,0.004807
1511,8,4,1,11,0.004807
2999,24,6,2,3,0.004807
2151,13,2,11,6,0.004807
437,2,16,2,3,0.004807
207,1,21,3,2,0.004807
137,1,9,2,2,0.004807
315,2,3,5,2,0.004807
1026,5,8,4,2,0.004807
737,3,18,2,2,0.004807
432,2,15,2,3,0.004784
1023,5,8,2,3,0.004784
1502,8,3,5,3,0.004784
2990,24,4,3,2,0.004784
314,2,3,4,11,0.004784
798,3,28,8,13,0.004784
93,1,6,2,5,0.004784
2668,18,3,3,2,0.004784
2814,21,4,3,3,0.004784
2813,21,4,3,2,0.004784
1527,8,5,5,3,0.004784
680,3,10,4,13,0.00476
553,3,2,5,2,0.00476
222,1,25,3,2,0.00476
728,3,16,5,6,0.00476
3057,24,25,2,3,0.00476
1,1,1,1,3,0.00476
2996,24,5,3,2,0.00476
1102,5,25,2,3,0.00476
1186,6,5,3,3,0.00476
2148,13,2,6,2,0.00476
460,2,21,3,3,0.00476
1499,8,3,4,11,0.00476
2,1,1,1,11,0.00476
176,1,15,2,3,0.00476
485,2,26,2,3,0.004738
732,3,17,6,7,0.004738
108,1,7,1,11,0.004738
107,1,7,1,3,0.004738
1034,5,8,8,13,0.004738
414,2,11,5,6,0.004738
1187,6,5,5,6,0.004738
1744,10,2,1,1,0.004738
1484,8,2,8,13,0.004738
2991,24,4,3,3,0.004738
3173,27,1,4,6,0.004738
3174,27,1,4,11,0.004738
551,3,2,4,11,0.004738
669,3,10,1,1,0.00472
1500,8,3,4,13,0.00472
888,4,16,2,3,0.00472
2440,15,2,5,6,0.00472
456,2,21,2,3,0.00472
2746,19,3,4,3,0.00472
735,3,18,1,3,0.00472
2053,12,2,11,6,0.00472
2437,15,2,3,2,0.00472
2815,21,5,2,2,0.00472
1458,8,1,5,3,0.00472
2144,13,2,2,6,0.00472
730,3,17,2,5,0.004696
560,3,2,11,6,0.004696
664,3,8,11,6,0.004696
0,1,1,1,1,0.004696
215,1,24,3,2,0.004696
1185,6,5,3,2,0.004696
1760,10,3,1,1,0.004696
303,2,3,1,11,0.004696
2575,17,3,2,5,0.004696
2819,21,5,3,2,0.004696
355,2,6,4,13,0.004696
206,1,21,2,3,0.004696
205,1,21,2,2,0.004696
2142,13,2,1,1,0.004696
1516,8,4,3,3,0.004696
1515,8,4,3,2,0.004696
1758,10,2,6,2,0.004696
1522,8,5,4,2,0.004673
1517,8,4,4,3,0.004673
2155,13,3,2,6,0.004673
1703,9,3,2,10,0.004673
412,2,11,2,6,0.004673
884,4,15,2,3,0.004673
729,3,16,8,12,0.004673
2450,15,4,2,3,0.004673
554,3,2,5,3,0.004673
2162,13,3,11,6,0.004673
684,3,10,6,7,0.004673
657,3,8,5,2,0.004673
2993,24,5,2,3,0.004673
2150,13,2,8,12,0.004673
1530,8,5,8,13,0.00465
3290,29,1,2,5,0.00465
2058,12,3,11,6,0.00465
710,3,14,5,6,0.00465
540,3,2,1,11,0.00465
701,3,13,11,6,0.00465
1773,10,3,6,2,0.00465
2667,18,3,2,3,0.00465
1742,10,1,5,2,0.00465
1741,10,1,4,11,0.00465
344,2,6,1,11,0.00465
738,3,18,2,3,0.00465
720,3,15,5,6,0.00465
2670,18,3,4,3,0.00465
2433,15,1,5,6,0.00465
685,3,10,8,12,0.00465
159,1,13,2,6,0.00465
611,3,5,4,13,0.00465
612,3,5,5,3,0.00465
1489,8,3,1,11,0.00465
973,5,3,4,2,0.00463
658,3,8,5,3,0.00463
978,5,3,5,3,0.00463
317,2,3,6,2,0.00463
971,5,3,3,2,0.00463
878,4,14,2,3,0.00463
655,3,8,4,11,0.00463
3289,29,1,2,2,0.00463
1519,8,5,2,3,0.00463
977,5,3,4,13,0.00463
2447,15,3,5,6,0.00463
2444,15,3,3,2,0.00463
3292,29,2,2,2,0.00463
356,2,6,5,2,0.00463
779,3,26,4,3,0.00461
610,3,5,4,11,0.00461
2159,13,3,6,2,0.00461
2816,21,5,2,3,0.00461
120,1,8,2,5,0.00461
913,4,24,2,3,0.00461
1457,8,1,5,2,0.00461
713,3,14,8,13,0.00461
552,3,2,4,13,0.00461
1463,8,1,11,6,0.00461
154,1,11,5,6,0.00461
918,4,25,2,2,0.00461
866,4,8,6,4,0.00461
357,2,6,5,6,0.00461
1506,8,3,8,13,0.00461
481,2,25,3,2,0.00461
2048,12,1,11,6,0.004585
1462,8,1,8,13,0.004585
976,5,3,4,11,0.004585
3235,28,2,4,11,0.004585
777,3,26,3,2,0.004585
711,3,14,5,15,0.004585
348,2,6,2,6,0.004585
221,1,25,2,3,0.004585
2436,15,2,2,3,0.004585
1182,6,5,2,3,0.004585
214,1,24,2,3,0.004585
2052,12,2,6,7,0.004585
2524,16,1,5,6,0.004585
725,3,16,3,2,0.004566
860,4,8,1,1,0.004566
483,2,25,4,11,0.004566
656,3,8,4,13,0.004566
708,3,14,3,3,0.004566
1325,7,2,5,6,0.004566
774,3,26,2,2,0.004566
776,3,26,2,10,0.004566
780,3,26,6,7,0.004566
2441,15,2,8,12,0.004566
1326,7,2,6,2,0.004566
3234,28,2,3,3,0.004566
342,2,5,4,13,0.004566
339,2,5,4,2,0.004566
707,3,14,3,2,0.004547
724,3,16,2,5,0.004547
2443,15,3,2,3,0.004547
2153,13,3,1,1,0.004547
116,1,8,1,3,0.004547
1513,8,4,2,3,0.004547
2161,13,3,8,12,0.004547
645,3,8,1,11,0.004547
792,3,27,4,6,0.004547
793,3,27,4,13,0.004547
709,3,14,4,3,0.004547
117,1,8,1,11,0.004547
695,3,13,1,1,0.004524
115,1,8,1,1,0.004524
343,2,6,1,3,0.004524
700,3,13,8,12,0.004524
211,1,23,2,6,0.004524
2528,16,2,5,6,0.004524
337,2,5,3,2,0.004524
338,2,5,3,3,0.004524
696,3,13,2,6,0.004524
750,3,21,3,2,0.004524
920,4,25,3,2,0.004524
2324,14,4,3,2,0.004524
2300,14,2,3,2,0.004524
2987,24,4,2,3,0.004524
721,3,15,8,12,0.004524
2430,15,1,3,2,0.004524
2810,21,4,2,3,0.004524
2303,14,2,5,6,0.004524
2291,14,1,5,6,0.004524
2289,14,1,3,3,0.004505
210,1,23,2,2,0.004505
2057,12,3,6,7,0.004505
1335,7,3,6,2,0.004505
2429,15,1,2,3,0.004505
1334,7,3,5,6,0.004505
1332,7,3,2,6,0.004505
615,3,5,8,13,0.004505
476,2,24,3,2,0.004505
921,4,25,3,3,0.004505
2290,14,1,4,3,0.004505
2325,14,4,3,3,0.004505
89,1,6,1,3,0.004505
746,3,21,2,2,0.004505
90,1,6,1,11,0.004505
37,1,2,5,3,0.004486
2306,14,2,8,13,0.004486
1321,7,2,1,4,0.004486
1323,7,2,2,6,0.004486
1327,7,2,6,4,0.004486
981,5,3,8,13,0.004486
559,3,2,8,13,0.004486
36,1,2,5,2,0.004486
2448,15,3,8,12,0.004486
475,2,24,2,10,0.004486
723,3,16,2,3,0.004486
2983,24,3,3,2,0.004486
754,3,23,1,1,0.004486
663,3,8,8,13,0.004486
717,3,15,3,2,0.004486
1320,7,2,1,1,0.004486
795,3,27,8,13,0.004463
2532,16,3,5,6,0.004463
605,3,5,3,2,0.004463
607,3,5,4,2,0.004463
2572,17,1,2,5,0.004463
715,3,15,2,2,0.004463
2302,14,2,4,3,0.004463
2301,14,2,3,3,0.004463
3237,28,2,8,13,0.004463
2304,14,2,5,15,0.004463
2529,16,2,8,12,0.004444
2312,14,3,3,2,0.004444
756,3,23,2,2,0.004444
2315,14,3,5,6,0.004444
864,4,8,3,2,0.004444
474,2,24,2,5,0.004444
757,3,23,2,6,0.004444
2651,18,1,1,1,0.004444
794,3,27,8,12,0.004444
704,3,14,2,3,0.004444
1700,9,1,2,10,0.004425
1165,6,3,2,6,0.004425
2288,14,1,3,2,0.004425
477,2,24,3,3,0.004425
85,1,5,5,3,0.004425
42,1,2,11,6,0.004425
2292,14,1,5,15,0.004425
1171,6,3,5,2,0.004425
783,3,27,1,11,0.004425
775,3,26,2,3,0.004425
3093,26,1,4,3,0.004406
641,3,7,5,6,0.004406
3070,25,1,4,11,0.004406
2285,14,1,2,3,0.004406
865,4,8,3,3,0.004406
2140,13,1,11,6,0.004406
787,3,27,2,10,0.004406
1330,7,3,1,4,0.004406
1329,7,3,1,1,0.004406
478,2,24,6,7,0.004387
2533,16,3,8,12,0.004387
2318,14,3,8,13,0.004387
473,2,24,2,3,0.004387
24,1,2,1,11,0.004387
23,1,2,1,3,0.004387
22,1,2,1,1,0.004387
716,3,15,2,3,0.004387
747,3,21,2,3,0.004387
2297,14,2,2,3,0.004387
3238,28,3,3,3,0.004368
2908,23,2,1,1,0.004368
2806,21,3,3,2,0.004368
2316,14,3,5,15,0.004368
2980,24,3,2,3,0.004368
2802,21,3,2,2,0.004368
2313,14,3,3,3,0.004368
1169,6,3,4,2,0.004368
2309,14,3,2,3,0.004368
2915,23,3,1,1,0.004368
3095,26,2,4,3,0.004368
41,1,2,8,13,0.004368
480,2,25,2,3,0.004368
27,1,2,2,5,0.004368
790,3,27,4,2,0.004368
2314,14,3,4,3,0.00435
2321,14,4,2,3,0.00435
2136,13,1,2,6,0.00435
3096,26,2,6,7,0.00435
1158,6,2,5,2,0.00433
766,3,24,8,12,0.00433
2135,13,1,2,2,0.00433
2918,23,3,2,7,0.00433
1144,6,1,4,3,0.00433
2985,24,3,6,7,0.00433
1174,6,3,8,13,0.00433
862,4,8,2,3,0.00433
763,3,24,3,2,0.00431
637,3,7,1,4,0.00431
638,3,7,1,11,0.00431
1156,6,2,4,2,0.00431
635,3,7,1,1,0.00431
1701,9,2,2,5,0.00431
3099,26,3,6,7,0.00429
772,3,25,5,6,0.00429
688,3,11,5,6,0.00429
634,3,6,8,13,0.00429
2919,23,3,6,2,0.00429
3240,28,3,8,13,0.00429
963,5,2,5,3,0.00429
958,5,2,4,2,0.00429
956,5,2,3,2,0.00429
1170,6,3,4,3,0.00429
1152,6,2,2,6,0.00429
636,3,7,1,3,0.004272
1933,11,2,5,6,0.004272
1934,11,2,6,2,0.004272
3098,26,3,4,3,0.004272
1445,8,1,1,11,0.004272
3179,27,2,4,6,0.004272
2912,23,2,6,2,0.004272
1444,8,1,1,3,0.004272
639,3,7,2,6,0.004272
2799,21,2,3,2,0.004272
3180,27,2,4,11,0.004272
631,3,6,5,3,0.004272
1941,11,3,5,6,0.004257
80,1,5,4,2,0.004257
1939,11,3,2,6,0.004257
1942,11,3,6,2,0.004257
2803,21,3,2,3,0.004257
77,1,5,2,5,0.004257
2808,21,3,6,7,0.004257
78,1,5,3,2,0.004257
1157,6,2,4,3,0.004257
1143,6,1,4,2,0.004257
1145,6,1,5,2,0.004257
1161,6,2,8,13,0.004257
2913,23,2,6,4,0.004257
629,3,6,4,13,0.004257
153,1,11,2,6,0.00424
760,3,24,2,3,0.00424
1139,6,1,2,6,0.00424
2911,23,2,2,7,0.00424
3071,25,2,4,11,0.00424
1443,8,1,1,1,0.00424
919,4,25,2,3,0.00422
2976,24,2,3,2,0.00422
530,3,1,5,3,0.00422
527,3,1,4,11,0.00422
2795,21,2,2,2,0.00422
528,3,1,4,13,0.00422
825,4,2,6,4,0.0042
630,3,6,5,2,0.0042
2798,21,2,2,10,0.0042
628,3,6,4,11,0.0042
1319,7,1,5,6,0.0042
1931,11,2,2,6,0.0042
687,3,11,2,6,0.004185
686,3,11,1,1,0.004185
2797,21,2,2,5,0.004185
1935,11,2,6,4,0.004185
2801,21,2,6,7,0.004185
773,3,25,8,12,0.004185
621,3,6,2,6,0.004185
1929,11,2,1,1,0.004185
2975,24,2,2,10,0.004166
2970,24,1,3,2,0.004166
616,3,6,1,3,0.004166
2907,23,1,2,2,0.004166
771,3,25,4,3,0.004166
966,5,2,8,13,0.004166
3183,27,2,8,13,0.004166
2796,21,2,2,3,0.00415
1937,11,3,1,1,0.00415
2967,24,1,2,3,0.00415
535,3,1,11,6,0.00415
1318,7,1,2,6,0.00415
769,3,25,3,2,0.00415
3182,27,2,8,12,0.00415
3185,27,3,4,6,0.00413
2974,24,2,2,5,0.00413
3186,27,3,4,13,0.00413
767,3,25,2,2,0.00413
529,3,1,5,2,0.00413
617,3,6,1,11,0.004116
49,1,3,2,5,0.004116
516,3,1,1,11,0.004116
56,1,3,4,11,0.004116
515,3,1,1,3,0.004116
57,1,3,4,13,0.004116
58,1,3,5,2,0.004116
59,1,3,5,3,0.004116
534,3,1,8,13,0.004116
514,3,1,1,1,0.004116
3184,27,3,4,3,0.004116
2793,21,1,3,2,0.004097
2973,24,2,2,3,0.004097
2978,24,2,6,7,0.004097
2789,21,1,2,2,0.00408
2790,21,1,2,3,0.00408
3188,27,3,8,13,0.004047
64,1,3,11,6,0.004047
74,1,4,4,3,0.004032
68,1,4,1,11,0.004032
67,1,4,1,3,0.004032
66,1,4,1,1,0.004032
3187,27,3,8,12,0.004032
45,1,3,1,3,0.004017
44,1,3,1,1,0.004017
278,2,1,5,2,0.004017
46,1,3,1,11,0.004017
63,1,3,8,13,0.004017
768,3,25,2,3,0.004017
277,2,1,4,13,0.004017
810,4,1,1,1,0.004
1928,11,1,5,6,0.003967
265,2,1,1,3,0.003937
264,2,1,1,1,0.003937
266,2,1,1,11,0.003937
1927,11,1,2,6,0.00392
1926,11,1,2,2,0.003906
71,1,4,2,5,0.003891
