,pocket_id,5rme_A_fpocket,5rme_B_fpocket,5rme_A_p2rank,5rme_B_p2rank,IoMIN,Common_residues,overlap_ids
0,2273,13,29,11,15,1.0,"124,125,126,128,131,424,427,428,431","3164, 3152, 2643, 2220, 2123, 2617, 2096, 2088, 3139, 2630, 2234, 1503, 1459, 60, 659, 555, 580, 16, 38, 1481, 531, 131, 1576"
1,3164,26,32,9,8,1.0,"243,245,277,279,428,432,433,435","2273, 3152, 2643, 2220, 2123, 2617, 2096, 2088, 3139, 2630, 2234"
2,1364,7,8,6,7,1.0,"281,402,403,418,419,429,430,434,456,458,460,558,559","1351, 1382, 1956, 1969, 1987, 284, 304, 2189, 2004, 1399, 2228, 2177, 2208"
3,3152,26,26,9,8,1.0,"243,245,277,279,428,432,433,435","2273, 3164, 2643, 2220, 2123, 2617, 2096, 2088, 3139, 2630, 2234"
4,1351,7,7,6,7,1.0,"281,402,403,418,419,429,430,434,456,458,460,558,559","1364, 1382, 1956, 1969, 1987, 284, 304, 2189, 2004, 1399, 2228, 2177, 2208"
5,2643,17,32,9,8,1.0,"243,245,277,279,428,432,433,435","2273, 3164, 3152, 2220, 2123, 2617, 2096, 2088, 3139, 2630, 2234"
6,1382,7,11,6,7,1.0,"281,402,403,418,419,429,430,434,456,458,460,558,559","1364, 1351, 1956, 1969, 1987, 284, 304, 2189, 2004, 1399, 2228, 2177, 2208"
7,2220,13,12,11,15,1.0,"124,125,126,128,131,424,427,428,431","2273, 3164, 3152, 2643, 2123, 2617, 2096, 2088, 3139, 2630, 2234, 1503, 1459, 60, 659, 555, 580, 16, 38, 1481, 531, 131, 1576"
8,2123,12,29,11,15,1.0,"124,125,126,128,131,424,427,428,431","2273, 3164, 3152, 2643, 2220, 2617, 2096, 2088, 3139, 2630, 2234, 1503, 1459, 60, 659, 555, 580, 16, 38, 1481, 531, 131, 1576"
9,2617,17,17,9,8,1.0,"243,245,277,279,428,432,433,435","2273, 3164, 3152, 2643, 2220, 2123, 2096, 2088, 3139, 2630, 2234"
10,2096,12,13,11,15,1.0,"124,125,126,128,131,424,427,428,431","2273, 3164, 3152, 2643, 2220, 2123, 2617, 2088, 3139, 2630, 2234, 1503, 1459, 60, 659, 555, 580, 16, 38, 1481, 531, 131, 1576"
11,1956,11,7,6,7,1.0,"281,402,403,418,419,429,430,434,456,458,460,558,559","1364, 1351, 1382, 1969, 1987, 284, 304, 2189, 2004, 1399, 2228, 2177, 2208"
12,1969,11,8,6,7,1.0,"281,402,403,418,419,429,430,434,456,458,460,558,559","1364, 1351, 1382, 1956, 1987, 284, 304, 2189, 2004, 1399, 2228, 2177, 2208"
13,2088,12,12,11,15,1.0,"124,125,126,128,131,424,427,428,431","2273, 3164, 3152, 2643, 2220, 2123, 2617, 2096, 3139, 2630, 2234, 1503, 1459, 60, 659, 555, 580, 16, 38, 1481, 531, 131, 1576"
14,1987,11,11,6,7,1.0,"281,402,403,418,419,429,430,434,456,458,460,558,559","1364, 1351, 1382, 1956, 1969, 284, 304, 2189, 2004, 1399, 2228, 2177, 2208"
15,3139,26,17,9,8,1.0,"243,245,277,279,428,432,433,435","2273, 3164, 3152, 2643, 2220, 2123, 2617, 2096, 2088, 2630, 2234"
16,2630,17,26,9,8,1.0,"243,245,277,279,428,432,433,435","2273, 3164, 3152, 2643, 2220, 2123, 2617, 2096, 2088, 3139, 2234"
17,2234,13,13,11,15,1.0,"124,125,126,128,131,424,427,428,431","2273, 3164, 3152, 2643, 2220, 2123, 2617, 2096, 2088, 3139, 2630, 1503, 1459, 60, 659, 555, 580, 16, 38, 1481, 531, 131, 1576"
18,284,2,2,2,2,0.9614,"177,178,179,180,406,407,408,409,412,415,416,417,485,486,514,515,516,532,534,535,553,554,557,559,560","1364, 1351, 1382, 1956, 1969, 1987, 304, 10, 2189, 2004, 1399, 2228, 2177, 2208, 1503, 1459, 60, 659, 555, 580, 16, 38, 1481, 531, 131, 1576, 32, 52, 547, 30, 572, 523, 8"
19,304,2,3,2,2,0.9614,"177,178,179,180,406,407,408,409,412,415,416,417,485,486,514,515,516,532,534,535,553,554,557,559,560","1364, 1351, 1382, 1956, 1969, 1987, 284, 10, 2189, 2004, 1399, 2228, 2177, 2208, 1503, 1459, 60, 659, 555, 580, 16, 38, 1481, 531, 131, 1576, 32, 52, 547, 30, 572, 523, 8"
20,10,1,1,4,3,0.9287,"139,142,143,230,232,309,361,378,380,382,383,407,408","284, 304, 1503, 1459, 60, 659, 555, 580, 16, 38, 1481, 531, 131, 1576, 32, 52, 547, 30, 572, 523, 8"
21,2189,13,8,6,7,0.923,"281,402,403,418,419,429,430,434,456,458,558,559","1364, 1351, 1382, 1956, 1969, 1987, 284, 304, 2004, 1399, 2228, 2177, 2208"
22,2004,11,13,6,7,0.923,"281,402,403,418,419,429,430,434,456,458,558,559","1364, 1351, 1382, 1956, 1969, 1987, 284, 304, 2189, 1399, 2228, 2177, 2208"
23,1399,7,13,6,7,0.923,"281,402,403,418,419,429,430,434,456,458,558,559","1364, 1351, 1382, 1956, 1969, 1987, 284, 304, 2189, 2004, 2228, 2177, 2208"
24,2228,13,13,6,7,0.923,"281,402,403,418,419,429,430,434,456,458,558,559","1364, 1351, 1382, 1956, 1969, 1987, 284, 304, 2189, 2004, 1399, 2177, 2208"
25,2177,13,7,6,7,0.923,"281,402,403,418,419,429,430,434,456,458,558,559","1364, 1351, 1382, 1956, 1969, 1987, 284, 304, 2189, 2004, 1399, 2228, 2208"
26,2208,13,11,6,7,0.923,"281,402,403,418,419,429,430,434,456,458,558,559","1364, 1351, 1382, 1956, 1969, 1987, 284, 304, 2189, 2004, 1399, 2228, 2177"
27,835,4,4,1,4,0.9165,"261,264,265,285,286,287,290,438,439,440,442","844, 319, 280, 300, 562, 587, 537"
28,844,4,5,1,4,0.9165,"261,264,265,285,286,287,290,438,439,440,442","835, 319, 280, 300, 562, 587, 537"
29,1503,8,3,5,6,0.909,"120,123,124,135,138,380,381,409,421,422","2273, 2220, 2123, 2096, 2088, 2234, 284, 304, 10, 1459, 60, 659, 555, 580, 16, 38, 1481, 531, 131, 1576, 32"
30,1459,8,1,5,6,0.909,"120,123,124,135,138,380,381,409,421,422","2273, 2220, 2123, 2096, 2088, 2234, 284, 304, 10, 1503, 60, 659, 555, 580, 16, 38, 1481, 531, 131, 1576, 32"
31,60,1,3,5,6,0.909,"120,123,124,135,138,380,381,409,421,422","2273, 2220, 2123, 2096, 2088, 2234, 284, 304, 10, 1503, 1459, 659, 555, 580, 16, 38, 1481, 531, 131, 1576, 32"
32,659,3,8,5,6,0.909,"120,123,124,135,138,380,381,409,421,422","2273, 2220, 2123, 2096, 2088, 2234, 284, 304, 10, 1503, 1459, 60, 555, 580, 16, 38, 1481, 531, 131, 1576, 32"
33,555,3,2,5,6,0.909,"120,123,124,135,138,380,381,409,421,422","2273, 2220, 2123, 2096, 2088, 2234, 284, 304, 10, 1503, 1459, 60, 659, 580, 16, 38, 1481, 531, 131, 1576, 32"
34,2383,14,14,8,12,0.909,"4,6,21,22,23,24,129,136,234,235","1251, 2341, 1202"
35,580,3,3,5,6,0.909,"120,123,124,135,138,380,381,409,421,422","2273, 2220, 2123, 2096, 2088, 2234, 284, 304, 10, 1503, 1459, 60, 659, 555, 16, 38, 1481, 531, 131, 1576, 32"
36,1251,6,14,8,12,0.909,"4,6,21,22,23,24,129,136,234,235","2383, 2341, 1202"
37,2341,14,6,8,12,0.909,"4,6,21,22,23,24,129,136,234,235","2383, 1251, 1202"
38,16,1,1,5,6,0.909,"120,123,124,135,138,380,381,409,421,422","2273, 2220, 2123, 2096, 2088, 2234, 284, 304, 10, 1503, 1459, 60, 659, 555, 580, 38, 1481, 531, 131, 1576, 32"
39,38,1,2,5,6,0.909,"120,123,124,135,138,380,381,409,421,422","2273, 2220, 2123, 2096, 2088, 2234, 284, 304, 10, 1503, 1459, 60, 659, 555, 580, 16, 1481, 531, 131, 1576, 32"
40,1481,8,2,5,6,0.909,"120,123,124,135,138,380,381,409,421,422","2273, 2220, 2123, 2096, 2088, 2234, 284, 304, 10, 1503, 1459, 60, 659, 555, 580, 16, 38, 531, 131, 1576, 32"
41,531,3,1,5,6,0.909,"120,123,124,135,138,380,381,409,421,422","2273, 2220, 2123, 2096, 2088, 2234, 284, 304, 10, 1503, 1459, 60, 659, 555, 580, 16, 38, 1481, 131, 1576, 32"
42,1202,6,6,8,12,0.909,"4,6,21,22,23,24,129,136,234,235","2383, 1251, 2341"
43,131,1,8,5,6,0.909,"120,123,124,135,138,380,381,409,421,422","2273, 2220, 2123, 2096, 2088, 2234, 284, 304, 10, 1503, 1459, 60, 659, 555, 580, 16, 38, 1481, 531, 1576, 32"
44,1576,8,8,5,6,0.909,"120,123,124,135,138,380,381,409,421,422","2273, 2220, 2123, 2096, 2088, 2234, 284, 304, 10, 1503, 1459, 60, 659, 555, 580, 16, 38, 1481, 531, 131, 32"
45,3086,25,25,7,9,0.9,"44,45,46,48,65,68,70,90,92",3079
46,3079,25,15,7,9,0.9,"44,45,46,48,65,68,70,90,92",3086
47,32,1,2,4,3,0.857,"139,142,143,230,309,361,378,380,382,383,407,408","284, 304, 10, 1503, 1459, 60, 659, 555, 580, 16, 38, 1481, 531, 131, 1576, 52, 547, 30, 572, 523, 8"
48,319,2,4,1,1,0.857,"284,285,287,288,289,312,313,316,320,374,375,404,442,443,537,538,540,567","835, 844, 280, 300, 562, 587, 537"
49,280,2,2,1,1,0.857,"284,285,287,288,289,312,313,316,320,374,375,404,442,443,537,538,540,567","835, 844, 319, 300, 562, 587, 537"
50,52,1,3,3,3,0.846,"139,142,143,146,179,180,181,227,228,408,410","284, 304, 10, 32, 547, 30, 572, 523, 8"
51,547,3,2,3,3,0.846,"139,142,143,146,179,180,181,227,228,408,410","284, 304, 10, 32, 52, 30, 572, 523, 8"
52,30,1,2,3,3,0.846,"139,142,143,146,179,180,181,227,228,408,410","284, 304, 10, 32, 52, 547, 572, 523, 8"
53,572,3,3,3,3,0.846,"139,142,143,146,179,180,181,227,228,408,410","284, 304, 10, 32, 52, 547, 30, 523, 8"
54,523,3,1,3,3,0.846,"139,142,143,146,179,180,181,227,228,408,410","284, 304, 10, 32, 52, 547, 30, 572, 8"
55,8,1,1,3,3,0.846,"139,142,143,146,179,180,181,227,228,408,410","284, 304, 10, 32, 52, 547, 30, 572, 523"
56,300,2,3,1,1,0.8096,"284,285,287,288,289,312,313,316,320,374,375,404,443,537,538,540,567","835, 844, 319, 280, 562, 587, 537"
57,562,3,3,1,1,0.8096,"284,285,287,288,289,312,313,316,320,374,375,404,443,537,538,540,567","835, 844, 319, 280, 300, 587, 537"
58,587,3,4,1,1,0.8096,"284,285,287,288,289,312,313,316,320,374,375,404,443,537,538,540,567","835, 844, 319, 280, 300, 562, 537"
59,537,3,2,1,1,0.8096,"284,285,287,288,289,312,313,316,320,374,375,404,443,537,538,540,567","835, 844, 319, 280, 300, 562, 587"
