,pocket_id,6zsl_A_fpocket,6zsl_B_fpocket,6zsl_A_p2rank,6zsl_B_p2rank,IoMIN,Common_residues,overlap_ids
0,1661,5,8,13,9,1.0,"165,167,173,176,202,207,209,484","1352, 1346, 1315, 2504, 2517, 1298, 2912, 2903, 2886, 1573, 1673, 1613, 1589, 2538, 2878, 981, 888, 993, 2596, 905, 2609, 929, 2872, 1281, 5691, 2764, 5735, 2812, 5628, 5616, 5574, 5565, 2999, 2979, 4714, 2945, 5589, 1465, 6473, 6438, 1159, 6444, 1411, 6573, 6468, 1091, 6432, 1495, 2708, 1764, 1209, 4621, 4600, 4683, 1829, 4646, 1867, 4610, 4639"
1,530,2,6,6,7,1.0,"120,123,124,135,138,139,380,381,409,421,422","422, 2454, 830, 496, 837, 2477, 2499, 58, 855, 428, 136, 472, 454, 446, 105, 2588, 976, 565, 2552, 907, 14, 881, 995, 863, 38, 942, 582, 437, 8, 463, 32, 52, 416, 519, 931, 1918, 824, 846, 1974, 1934, 1902, 525, 100, 872, 938"
2,485,2,4,2,1,1.0,"284,288,289,312,313,316,317,320,374,375,404,537,538,567","843, 434, 460, 1255, 895, 1271, 869, 1288, 950, 2225, 2213, 2199, 537, 2254, 1326, 1259, 4883, 4782, 489, 1418, 440, 682, 4758, 1292"
3,422,2,1,6,7,1.0,"120,123,124,135,138,139,380,381,409,421,422","530, 2454, 830, 496, 837, 2477, 2499, 58, 855, 428, 136, 472, 454, 446, 105, 2588, 976, 565, 2552, 907, 14, 881, 995, 863, 38, 942, 582, 437, 8, 463, 32, 52, 416, 519, 931, 1918, 824, 846, 1974, 1934, 1902, 525, 100, 872, 938"
4,4209,15,25,10,10,1.0,"44,45,46,48,65,68,70,90,92","5892, 5856, 5838, 4143, 4165"
5,2454,8,1,6,7,1.0,"120,123,124,135,138,139,380,381,409,421,422","530, 422, 830, 496, 837, 2477, 2499, 58, 855, 428, 136, 472, 454, 446, 105, 2588, 976, 565, 2552, 907, 14, 881, 995, 863, 38, 942, 582, 437, 8, 463, 32, 52, 416, 519, 931, 1918, 824, 846, 1974, 1934, 1902, 525, 100, 872, 938"
6,1352,4,9,13,9,1.0,"165,167,173,176,202,207,209,484","1661, 1346, 1315, 2504, 2517, 1298, 2912, 2903, 2886, 1573, 1673, 1613, 1589, 2538, 2878, 981, 888, 993, 2596, 905, 2609, 929, 2872, 1281, 5691, 2764, 5735, 2812, 5628, 5616, 5574, 5565, 2999, 2979, 4714, 2945, 5589, 1465, 6473, 6438, 1159, 6444, 1411, 6573, 6468, 1091, 6432, 1495, 2708, 1764, 1209, 4621, 4600, 4683, 1829, 4646, 1867, 4610, 4639"
7,830,3,1,6,7,1.0,"120,123,124,135,138,139,380,381,409,421,422","530, 422, 2454, 496, 837, 2477, 2499, 58, 855, 428, 136, 472, 454, 446, 105, 2588, 976, 565, 2552, 907, 14, 881, 995, 863, 38, 942, 582, 437, 8, 463, 32, 52, 416, 519, 931, 1918, 824, 846, 1974, 1934, 1902, 525, 100, 872, 938"
8,496,2,5,1,2,1.0,"177,178,179,180,201,405,406,407,408,409,412,415,416,417,485,514,515,516,532,534,553,554,557,560","530, 422, 2454, 830, 837, 2477, 2499, 58, 855, 428, 136, 472, 454, 446, 105, 2588, 976, 565, 2552, 907, 14, 881, 995, 863, 38, 942, 582, 437, 8, 463, 32, 52, 416, 519, 931, 1918, 824, 846, 1974, 1934, 1902, 525, 100, 872, 938"
9,1346,4,8,13,9,1.0,"165,167,173,176,202,207,209,484","1661, 1352, 1315, 2504, 2517, 1298, 2912, 2903, 2886, 1573, 1673, 1613, 1589, 2538, 2878, 981, 888, 993, 2596, 905, 2609, 929, 2872, 1281, 5691, 2764, 5735, 2812, 5628, 5616, 5574, 5565, 2999, 2979, 4714, 2945, 5589, 1465, 6473, 6438, 1159, 6444, 1411, 6573, 6468, 1091, 6432, 1495, 2708, 1764, 1209, 4621, 4600, 4683, 1829, 4646, 1867, 4610, 4639"
10,837,3,2,1,2,1.0,"177,178,179,180,201,405,406,407,408,409,412,415,416,417,485,514,515,516,532,534,553,554,557,560","530, 422, 2454, 830, 496, 2477, 2499, 58, 855, 428, 136, 472, 454, 446, 105, 2588, 976, 565, 2552, 907, 14, 881, 995, 863, 38, 942, 582, 437, 8, 463, 32, 52, 416, 519, 931, 1918, 824, 846, 1974, 1934, 1902, 525, 100, 872, 938"
11,1315,4,5,13,9,1.0,"165,167,173,176,202,207,209,484","1661, 1352, 1346, 2504, 2517, 1298, 2912, 2903, 2886, 1573, 1673, 1613, 1589, 2538, 2878, 981, 888, 993, 2596, 905, 2609, 929, 2872, 1281, 5691, 2764, 5735, 2812, 5628, 5616, 5574, 5565, 2999, 2979, 4714, 2945, 5589, 1465, 6473, 6438, 1159, 6444, 1411, 6573, 6468, 1091, 6432, 1495, 2708, 1764, 1209, 4621, 4600, 4683, 1829, 4646, 1867, 4610, 4639"
12,843,3,2,2,1,1.0,"284,288,289,312,313,316,317,320,374,375,404,537,538,567","485, 434, 460, 1255, 895, 1271, 869, 1288, 950, 2225, 2213, 2199, 537, 2254, 1326, 1259, 4883, 4782, 489, 1418, 440, 682, 4758, 1292"
13,2477,8,2,6,7,1.0,"120,123,124,135,138,139,380,381,409,421,422","530, 422, 2454, 830, 496, 837, 2499, 58, 855, 428, 136, 472, 454, 446, 105, 2588, 976, 565, 2552, 907, 14, 881, 995, 863, 38, 942, 582, 437, 8, 463, 32, 52, 416, 519, 931, 1918, 824, 846, 1974, 1934, 1902, 525, 100, 872, 938"
14,2499,8,3,6,7,1.0,"120,123,124,135,138,139,380,381,409,421,422","530, 422, 2454, 830, 496, 837, 2477, 58, 855, 428, 136, 472, 454, 446, 105, 2588, 976, 565, 2552, 907, 14, 881, 995, 863, 38, 942, 582, 437, 8, 463, 32, 52, 416, 519, 931, 1918, 824, 846, 1974, 1934, 1902, 525, 100, 872, 938"
15,2504,8,3,13,9,1.0,"165,167,173,176,202,207,209,484","1661, 1352, 1346, 1315, 2517, 1298, 2912, 2903, 2886, 1573, 1673, 1613, 1589, 2538, 2878, 981, 888, 993, 2596, 905, 2609, 929, 2872, 1281, 5691, 2764, 5735, 2812, 5628, 5616, 5574, 5565, 2999, 2979, 4714, 2945, 5589, 1465, 6473, 6438, 1159, 6444, 1411, 6573, 6468, 1091, 6432, 1495, 2708, 1764, 1209, 4621, 4600, 4683, 1829, 4646, 1867, 4610, 4639"
16,2517,8,4,13,9,1.0,"165,167,173,176,202,207,209,484","1661, 1352, 1346, 1315, 2504, 1298, 2912, 2903, 2886, 1573, 1673, 1613, 1589, 2538, 2878, 981, 888, 993, 2596, 905, 2609, 929, 2872, 1281, 5691, 2764, 5735, 2812, 5628, 5616, 5574, 5565, 2999, 2979, 4714, 2945, 5589, 1465, 6473, 6438, 1159, 6444, 1411, 6573, 6468, 1091, 6432, 1495, 2708, 1764, 1209, 4621, 4600, 4683, 1829, 4646, 1867, 4610, 4639"
17,1298,4,4,13,9,1.0,"165,167,173,176,202,207,209,484","1661, 1352, 1346, 1315, 2504, 2517, 2912, 2903, 2886, 1573, 1673, 1613, 1589, 2538, 2878, 981, 888, 993, 2596, 905, 2609, 929, 2872, 1281, 5691, 2764, 5735, 2812, 5628, 5616, 5574, 5565, 2999, 2979, 4714, 2945, 5589, 1465, 6473, 6438, 1159, 6444, 1411, 6573, 6468, 1091, 6432, 1495, 2708, 1764, 1209, 4621, 4600, 4683, 1829, 4646, 1867, 4610, 4639"
18,2912,9,9,13,9,1.0,"165,167,173,176,202,207,209,484","1661, 1352, 1346, 1315, 2504, 2517, 1298, 2903, 2886, 1573, 1673, 1613, 1589, 2538, 2878, 981, 888, 993, 2596, 905, 2609, 929, 2872, 1281, 5691, 2764, 5735, 2812, 5628, 5616, 5574, 5565, 2999, 2979, 4714, 2945, 5589, 1465, 6473, 6438, 1159, 6444, 1411, 6573, 6468, 1091, 6432, 1495, 2708, 1764, 1209, 4621, 4600, 4683, 1829, 4646, 1867, 4610, 4639"
19,2903,9,8,13,9,1.0,"165,167,173,176,202,207,209,484","1661, 1352, 1346, 1315, 2504, 2517, 1298, 2912, 2886, 1573, 1673, 1613, 1589, 2538, 2878, 981, 888, 993, 2596, 905, 2609, 929, 2872, 1281, 5691, 2764, 5735, 2812, 5628, 5616, 5574, 5565, 2999, 2979, 4714, 2945, 5589, 1465, 6473, 6438, 1159, 6444, 1411, 6573, 6468, 1091, 6432, 1495, 2708, 1764, 1209, 4621, 4600, 4683, 1829, 4646, 1867, 4610, 4639"
20,58,1,3,6,7,1.0,"120,123,124,135,138,139,380,381,409,421,422","530, 422, 2454, 830, 496, 837, 2477, 2499, 855, 428, 136, 472, 454, 446, 105, 2588, 976, 565, 2552, 907, 14, 881, 995, 863, 38, 942, 582, 437, 8, 463, 32, 52, 416, 519, 931, 1918, 824, 846, 1974, 1934, 1902, 525, 100, 872, 938"
21,2886,9,5,13,9,1.0,"165,167,173,176,202,207,209,484","1661, 1352, 1346, 1315, 2504, 2517, 1298, 2912, 2903, 1573, 1673, 1613, 1589, 2538, 2878, 981, 888, 993, 2596, 905, 2609, 929, 2872, 1281, 5691, 2764, 5735, 2812, 5628, 5616, 5574, 5565, 2999, 2979, 4714, 2945, 5589, 1465, 6473, 6438, 1159, 6444, 1411, 6573, 6468, 1091, 6432, 1495, 2708, 1764, 1209, 4621, 4600, 4683, 1829, 4646, 1867, 4610, 4639"
22,855,3,2,6,7,1.0,"120,123,124,135,138,139,380,381,409,421,422","530, 422, 2454, 830, 496, 837, 2477, 2499, 58, 428, 136, 472, 454, 446, 105, 2588, 976, 565, 2552, 907, 14, 881, 995, 863, 38, 942, 582, 437, 8, 463, 32, 52, 416, 519, 931, 1918, 824, 846, 1974, 1934, 1902, 525, 100, 872, 938"
23,428,2,2,1,2,1.0,"177,178,179,180,201,405,406,407,408,409,412,415,416,417,485,514,515,516,532,534,553,554,557,560","530, 422, 2454, 830, 496, 837, 2477, 2499, 58, 855, 136, 472, 454, 446, 105, 2588, 976, 565, 2552, 907, 14, 881, 995, 863, 38, 942, 582, 437, 8, 463, 32, 52, 416, 519, 931, 1918, 824, 846, 1974, 1934, 1902, 525, 100, 872, 938"
24,434,2,2,2,1,1.0,"284,288,289,312,313,316,317,320,374,375,404,537,538,567","485, 843, 460, 1255, 895, 1271, 869, 1288, 950, 2225, 2213, 2199, 537, 2254, 1326, 1259, 4883, 4782, 489, 1418, 440, 682, 4758, 1292"
25,4484,17,17,7,8,1.0,"243,245,271,275,277,279,428,432,433,435","6083, 6029, 6054, 4561, 6102, 6109, 4554, 4530, 4510, 5300, 5285, 6727, 5270, 5250, 5307, 6690, 6698, 6707, 6720, 2300, 2584, 3366, 2278, 2261, 3377, 3392, 2566, 2632"
26,6083,26,26,7,8,1.0,"243,245,271,275,277,279,428,432,433,435","4484, 6029, 6054, 4561, 6102, 6109, 4554, 4530, 4510, 5300, 5285, 6727, 5270, 5250, 5307, 6690, 6698, 6707, 6720, 2300, 2584, 3366, 2278, 2261, 3377, 3392, 2566, 2632"
27,136,1,8,6,7,1.0,"120,123,124,135,138,139,380,381,409,421,422","530, 422, 2454, 830, 496, 837, 2477, 2499, 58, 855, 428, 472, 454, 446, 105, 2588, 976, 565, 2552, 907, 14, 881, 995, 863, 38, 942, 582, 437, 8, 463, 32, 52, 416, 519, 931, 1918, 824, 846, 1974, 1934, 1902, 525, 100, 872, 938"
28,5892,25,25,10,10,1.0,"44,45,46,48,65,68,70,90,92","4209, 5856, 5838, 4143, 4165"
29,472,2,3,6,7,1.0,"120,123,124,135,138,139,380,381,409,421,422","530, 422, 2454, 830, 496, 837, 2477, 2499, 58, 855, 428, 136, 454, 446, 105, 2588, 976, 565, 2552, 907, 14, 881, 995, 863, 38, 942, 582, 437, 8, 463, 32, 52, 416, 519, 931, 1918, 824, 846, 1974, 1934, 1902, 525, 100, 872, 938"
30,5856,25,15,10,10,1.0,"44,45,46,48,65,68,70,90,92","4209, 5892, 5838, 4143, 4165"
31,5838,25,12,10,10,1.0,"44,45,46,48,65,68,70,90,92","4209, 5892, 5856, 4143, 4165"
32,6029,26,17,7,8,1.0,"243,245,271,275,277,279,428,432,433,435","4484, 6083, 6054, 4561, 6102, 6109, 4554, 4530, 4510, 5300, 5285, 6727, 5270, 5250, 5307, 6690, 6698, 6707, 6720, 2300, 2584, 3366, 2278, 2261, 3377, 3392, 2566, 2632"
33,454,2,3,1,2,1.0,"177,178,179,180,201,405,406,407,408,409,412,415,416,417,485,514,515,516,532,534,553,554,557,560","530, 422, 2454, 830, 496, 837, 2477, 2499, 58, 855, 428, 136, 472, 446, 105, 2588, 976, 565, 2552, 907, 14, 881, 995, 863, 38, 942, 582, 437, 8, 463, 32, 52, 416, 519, 931, 1918, 824, 846, 1974, 1934, 1902, 525, 100, 872, 938"
34,6054,26,22,7,8,1.0,"243,245,271,275,277,279,428,432,433,435","4484, 6083, 6029, 4561, 6102, 6109, 4554, 4530, 4510, 5300, 5285, 6727, 5270, 5250, 5307, 6690, 6698, 6707, 6720, 2300, 2584, 3366, 2278, 2261, 3377, 3392, 2566, 2632"
35,4561,17,33,7,8,1.0,"243,245,271,275,277,279,428,432,433,435","4484, 6083, 6029, 6054, 6102, 6109, 4554, 4530, 4510, 5300, 5285, 6727, 5270, 5250, 5307, 6690, 6698, 6707, 6720, 2300, 2584, 3366, 2278, 2261, 3377, 3392, 2566, 2632"
36,6102,26,32,7,8,1.0,"243,245,271,275,277,279,428,432,433,435","4484, 6083, 6029, 6054, 4561, 6109, 4554, 4530, 4510, 5300, 5285, 6727, 5270, 5250, 5307, 6690, 6698, 6707, 6720, 2300, 2584, 3366, 2278, 2261, 3377, 3392, 2566, 2632"
37,1573,5,3,13,9,1.0,"165,167,173,176,202,207,209,484","1661, 1352, 1346, 1315, 2504, 2517, 1298, 2912, 2903, 2886, 1673, 1613, 1589, 2538, 2878, 981, 888, 993, 2596, 905, 2609, 929, 2872, 1281, 5691, 2764, 5735, 2812, 5628, 5616, 5574, 5565, 2999, 2979, 4714, 2945, 5589, 1465, 6473, 6438, 1159, 6444, 1411, 6573, 6468, 1091, 6432, 1495, 2708, 1764, 1209, 4621, 4600, 4683, 1829, 4646, 1867, 4610, 4639"
38,6109,26,33,7,8,1.0,"243,245,271,275,277,279,428,432,433,435","4484, 6083, 6029, 6054, 4561, 6102, 4554, 4530, 4510, 5300, 5285, 6727, 5270, 5250, 5307, 6690, 6698, 6707, 6720, 2300, 2584, 3366, 2278, 2261, 3377, 3392, 2566, 2632"
39,4554,17,32,7,8,1.0,"243,245,271,275,277,279,428,432,433,435","4484, 6083, 6029, 6054, 4561, 6102, 6109, 4530, 4510, 5300, 5285, 6727, 5270, 5250, 5307, 6690, 6698, 6707, 6720, 2300, 2584, 3366, 2278, 2261, 3377, 3392, 2566, 2632"
40,1673,5,9,13,9,1.0,"165,167,173,176,202,207,209,484","1661, 1352, 1346, 1315, 2504, 2517, 1298, 2912, 2903, 2886, 1573, 1613, 1589, 2538, 2878, 981, 888, 993, 2596, 905, 2609, 929, 2872, 1281, 5691, 2764, 5735, 2812, 5628, 5616, 5574, 5565, 2999, 2979, 4714, 2945, 5589, 1465, 6473, 6438, 1159, 6444, 1411, 6573, 6468, 1091, 6432, 1495, 2708, 1764, 1209, 4621, 4600, 4683, 1829, 4646, 1867, 4610, 4639"
41,446,2,2,6,7,1.0,"120,123,124,135,138,139,380,381,409,421,422","530, 422, 2454, 830, 496, 837, 2477, 2499, 58, 855, 428, 136, 472, 454, 105, 2588, 976, 565, 2552, 907, 14, 881, 995, 863, 38, 942, 582, 437, 8, 463, 32, 52, 416, 519, 931, 1918, 824, 846, 1974, 1934, 1902, 525, 100, 872, 938"
42,4530,17,26,7,8,1.0,"243,245,271,275,277,279,428,432,433,435","4484, 6083, 6029, 6054, 4561, 6102, 6109, 4554, 4510, 5300, 5285, 6727, 5270, 5250, 5307, 6690, 6698, 6707, 6720, 2300, 2584, 3366, 2278, 2261, 3377, 3392, 2566, 2632"
43,105,1,6,6,7,1.0,"120,123,124,135,138,139,380,381,409,421,422","530, 422, 2454, 830, 496, 837, 2477, 2499, 58, 855, 428, 136, 472, 454, 446, 2588, 976, 565, 2552, 907, 14, 881, 995, 863, 38, 942, 582, 437, 8, 463, 32, 52, 416, 519, 931, 1918, 824, 846, 1974, 1934, 1902, 525, 100, 872, 938"
44,1613,5,5,13,9,1.0,"165,167,173,176,202,207,209,484","1661, 1352, 1346, 1315, 2504, 2517, 1298, 2912, 2903, 2886, 1573, 1673, 1589, 2538, 2878, 981, 888, 993, 2596, 905, 2609, 929, 2872, 1281, 5691, 2764, 5735, 2812, 5628, 5616, 5574, 5565, 2999, 2979, 4714, 2945, 5589, 1465, 6473, 6438, 1159, 6444, 1411, 6573, 6468, 1091, 6432, 1495, 2708, 1764, 1209, 4621, 4600, 4683, 1829, 4646, 1867, 4610, 4639"
45,4510,17,22,7,8,1.0,"243,245,271,275,277,279,428,432,433,435","4484, 6083, 6029, 6054, 4561, 6102, 6109, 4554, 4530, 5300, 5285, 6727, 5270, 5250, 5307, 6690, 6698, 6707, 6720, 2300, 2584, 3366, 2278, 2261, 3377, 3392, 2566, 2632"
46,1589,5,4,13,9,1.0,"165,167,173,176,202,207,209,484","1661, 1352, 1346, 1315, 2504, 2517, 1298, 2912, 2903, 2886, 1573, 1673, 1613, 2538, 2878, 981, 888, 993, 2596, 905, 2609, 929, 2872, 1281, 5691, 2764, 5735, 2812, 5628, 5616, 5574, 5565, 2999, 2979, 4714, 2945, 5589, 1465, 6473, 6438, 1159, 6444, 1411, 6573, 6468, 1091, 6432, 1495, 2708, 1764, 1209, 4621, 4600, 4683, 1829, 4646, 1867, 4610, 4639"
47,2538,8,5,13,9,1.0,"165,167,173,176,202,207,209,484","1661, 1352, 1346, 1315, 2504, 2517, 1298, 2912, 2903, 2886, 1573, 1673, 1613, 1589, 2878, 981, 888, 993, 2596, 905, 2609, 929, 2872, 1281, 5691, 2764, 5735, 2812, 5628, 5616, 5574, 5565, 2999, 2979, 4714, 2945, 5589, 1465, 6473, 6438, 1159, 6444, 1411, 6573, 6468, 1091, 6432, 1495, 2708, 1764, 1209, 4621, 4600, 4683, 1829, 4646, 1867, 4610, 4639"
48,460,2,3,2,1,1.0,"284,288,289,312,313,316,317,320,374,375,404,537,538,567","485, 843, 434, 1255, 895, 1271, 869, 1288, 950, 2225, 2213, 2199, 537, 2254, 1326, 1259, 4883, 4782, 489, 1418, 440, 682, 4758, 1292"
49,2878,9,4,13,9,1.0,"165,167,173,176,202,207,209,484","1661, 1352, 1346, 1315, 2504, 2517, 1298, 2912, 2903, 2886, 1573, 1673, 1613, 1589, 2538, 981, 888, 993, 2596, 905, 2609, 929, 2872, 1281, 5691, 2764, 5735, 2812, 5628, 5616, 5574, 5565, 2999, 2979, 4714, 2945, 5589, 1465, 6473, 6438, 1159, 6444, 1411, 6573, 6468, 1091, 6432, 1495, 2708, 1764, 1209, 4621, 4600, 4683, 1829, 4646, 1867, 4610, 4639"
50,2588,8,8,6,7,1.0,"120,123,124,135,138,139,380,381,409,421,422","530, 422, 2454, 830, 496, 837, 2477, 2499, 58, 855, 428, 136, 472, 454, 446, 105, 976, 565, 2552, 907, 14, 881, 995, 863, 38, 942, 582, 437, 8, 463, 32, 52, 416, 519, 931, 1918, 824, 846, 1974, 1934, 1902, 525, 100, 872, 938"
51,1255,4,2,2,1,1.0,"284,288,289,312,313,316,317,320,374,375,404,537,538,567","485, 843, 434, 460, 895, 1271, 869, 1288, 950, 2225, 2213, 2199, 537, 2254, 1326, 1259, 4883, 4782, 489, 1418, 440, 682, 4758, 1292"
52,5300,22,32,7,8,1.0,"243,245,271,275,277,279,428,432,433,435","4484, 6083, 6029, 6054, 4561, 6102, 6109, 4554, 4530, 4510, 5285, 6727, 5270, 5250, 5307, 6690, 6698, 6707, 6720, 2300, 2584, 3366, 2278, 2261, 3377, 3392, 2566, 2632"
53,976,3,8,6,7,1.0,"120,123,124,135,138,139,380,381,409,421,422","530, 422, 2454, 830, 496, 837, 2477, 2499, 58, 855, 428, 136, 472, 454, 446, 105, 2588, 565, 2552, 907, 14, 881, 995, 863, 38, 942, 582, 437, 8, 463, 32, 52, 416, 519, 931, 1918, 824, 846, 1974, 1934, 1902, 525, 100, 872, 938"
54,565,2,8,6,7,1.0,"120,123,124,135,138,139,380,381,409,421,422","530, 422, 2454, 830, 496, 837, 2477, 2499, 58, 855, 428, 136, 472, 454, 446, 105, 2588, 976, 2552, 907, 14, 881, 995, 863, 38, 942, 582, 437, 8, 463, 32, 52, 416, 519, 931, 1918, 824, 846, 1974, 1934, 1902, 525, 100, 872, 938"
55,5285,22,26,7,8,1.0,"243,245,271,275,277,279,428,432,433,435","4484, 6083, 6029, 6054, 4561, 6102, 6109, 4554, 4530, 4510, 5300, 6727, 5270, 5250, 5307, 6690, 6698, 6707, 6720, 2300, 2584, 3366, 2278, 2261, 3377, 3392, 2566, 2632"
56,981,3,8,13,9,1.0,"165,167,173,176,202,207,209,484","1661, 1352, 1346, 1315, 2504, 2517, 1298, 2912, 2903, 2886, 1573, 1673, 1613, 1589, 2538, 2878, 888, 993, 2596, 905, 2609, 929, 2872, 1281, 5691, 2764, 5735, 2812, 5628, 5616, 5574, 5565, 2999, 2979, 4714, 2945, 5589, 1465, 6473, 6438, 1159, 6444, 1411, 6573, 6468, 1091, 6432, 1495, 2708, 1764, 1209, 4621, 4600, 4683, 1829, 4646, 1867, 4610, 4639"
57,888,3,3,13,9,1.0,"165,167,173,176,202,207,209,484","1661, 1352, 1346, 1315, 2504, 2517, 1298, 2912, 2903, 2886, 1573, 1673, 1613, 1589, 2538, 2878, 981, 993, 2596, 905, 2609, 929, 2872, 1281, 5691, 2764, 5735, 2812, 5628, 5616, 5574, 5565, 2999, 2979, 4714, 2945, 5589, 1465, 6473, 6438, 1159, 6444, 1411, 6573, 6468, 1091, 6432, 1495, 2708, 1764, 1209, 4621, 4600, 4683, 1829, 4646, 1867, 4610, 4639"
58,895,3,4,2,1,1.0,"284,288,289,312,313,316,317,320,374,375,404,537,538,567","485, 843, 434, 460, 1255, 1271, 869, 1288, 950, 2225, 2213, 2199, 537, 2254, 1326, 1259, 4883, 4782, 489, 1418, 440, 682, 4758, 1292"
59,2552,8,6,6,7,1.0,"120,123,124,135,138,139,380,381,409,421,422","530, 422, 2454, 830, 496, 837, 2477, 2499, 58, 855, 428, 136, 472, 454, 446, 105, 2588, 976, 565, 907, 14, 881, 995, 863, 38, 942, 582, 437, 8, 463, 32, 52, 416, 519, 931, 1918, 824, 846, 1974, 1934, 1902, 525, 100, 872, 938"
60,993,3,9,13,9,1.0,"165,167,173,176,202,207,209,484","1661, 1352, 1346, 1315, 2504, 2517, 1298, 2912, 2903, 2886, 1573, 1673, 1613, 1589, 2538, 2878, 981, 888, 2596, 905, 2609, 929, 2872, 1281, 5691, 2764, 5735, 2812, 5628, 5616, 5574, 5565, 2999, 2979, 4714, 2945, 5589, 1465, 6473, 6438, 1159, 6444, 1411, 6573, 6468, 1091, 6432, 1495, 2708, 1764, 1209, 4621, 4600, 4683, 1829, 4646, 1867, 4610, 4639"
61,6727,32,33,7,8,1.0,"243,245,271,275,277,279,428,432,433,435","4484, 6083, 6029, 6054, 4561, 6102, 6109, 4554, 4530, 4510, 5300, 5285, 5270, 5250, 5307, 6690, 6698, 6707, 6720, 2300, 2584, 3366, 2278, 2261, 3377, 3392, 2566, 2632"
62,5270,22,22,7,8,1.0,"243,245,271,275,277,279,428,432,433,435","4484, 6083, 6029, 6054, 4561, 6102, 6109, 4554, 4530, 4510, 5300, 5285, 6727, 5250, 5307, 6690, 6698, 6707, 6720, 2300, 2584, 3366, 2278, 2261, 3377, 3392, 2566, 2632"
63,2596,8,8,13,9,1.0,"165,167,173,176,202,207,209,484","1661, 1352, 1346, 1315, 2504, 2517, 1298, 2912, 2903, 2886, 1573, 1673, 1613, 1589, 2538, 2878, 981, 888, 993, 905, 2609, 929, 2872, 1281, 5691, 2764, 5735, 2812, 5628, 5616, 5574, 5565, 2999, 2979, 4714, 2945, 5589, 1465, 6473, 6438, 1159, 6444, 1411, 6573, 6468, 1091, 6432, 1495, 2708, 1764, 1209, 4621, 4600, 4683, 1829, 4646, 1867, 4610, 4639"
64,905,3,4,13,9,1.0,"165,167,173,176,202,207,209,484","1661, 1352, 1346, 1315, 2504, 2517, 1298, 2912, 2903, 2886, 1573, 1673, 1613, 1589, 2538, 2878, 981, 888, 993, 2596, 2609, 929, 2872, 1281, 5691, 2764, 5735, 2812, 5628, 5616, 5574, 5565, 2999, 2979, 4714, 2945, 5589, 1465, 6473, 6438, 1159, 6444, 1411, 6573, 6468, 1091, 6432, 1495, 2708, 1764, 1209, 4621, 4600, 4683, 1829, 4646, 1867, 4610, 4639"
65,2609,8,9,13,9,1.0,"165,167,173,176,202,207,209,484","1661, 1352, 1346, 1315, 2504, 2517, 1298, 2912, 2903, 2886, 1573, 1673, 1613, 1589, 2538, 2878, 981, 888, 993, 2596, 905, 929, 2872, 1281, 5691, 2764, 5735, 2812, 5628, 5616, 5574, 5565, 2999, 2979, 4714, 2945, 5589, 1465, 6473, 6438, 1159, 6444, 1411, 6573, 6468, 1091, 6432, 1495, 2708, 1764, 1209, 4621, 4600, 4683, 1829, 4646, 1867, 4610, 4639"
66,907,3,5,1,2,1.0,"177,178,179,180,201,405,406,407,408,409,412,415,416,417,485,514,515,516,532,534,553,554,557,560","530, 422, 2454, 830, 496, 837, 2477, 2499, 58, 855, 428, 136, 472, 454, 446, 105, 2588, 976, 565, 2552, 14, 881, 995, 863, 38, 942, 582, 437, 8, 463, 32, 52, 416, 519, 931, 1918, 824, 846, 1974, 1934, 1902, 525, 100, 872, 938"
67,14,1,1,6,7,1.0,"120,123,124,135,138,139,380,381,409,421,422","530, 422, 2454, 830, 496, 837, 2477, 2499, 58, 855, 428, 136, 472, 454, 446, 105, 2588, 976, 565, 2552, 907, 881, 995, 863, 38, 942, 582, 437, 8, 463, 32, 52, 416, 519, 931, 1918, 824, 846, 1974, 1934, 1902, 525, 100, 872, 938"
68,5250,22,17,7,8,1.0,"243,245,271,275,277,279,428,432,433,435","4484, 6083, 6029, 6054, 4561, 6102, 6109, 4554, 4530, 4510, 5300, 5285, 6727, 5270, 5307, 6690, 6698, 6707, 6720, 2300, 2584, 3366, 2278, 2261, 3377, 3392, 2566, 2632"
69,4143,15,12,10,10,1.0,"44,45,46,48,65,68,70,90,92","4209, 5892, 5856, 5838, 4165"
70,929,3,5,13,9,1.0,"165,167,173,176,202,207,209,484","1661, 1352, 1346, 1315, 2504, 2517, 1298, 2912, 2903, 2886, 1573, 1673, 1613, 1589, 2538, 2878, 981, 888, 993, 2596, 905, 2609, 2872, 1281, 5691, 2764, 5735, 2812, 5628, 5616, 5574, 5565, 2999, 2979, 4714, 2945, 5589, 1465, 6473, 6438, 1159, 6444, 1411, 6573, 6468, 1091, 6432, 1495, 2708, 1764, 1209, 4621, 4600, 4683, 1829, 4646, 1867, 4610, 4639"
71,5307,22,33,7,8,1.0,"243,245,271,275,277,279,428,432,433,435","4484, 6083, 6029, 6054, 4561, 6102, 6109, 4554, 4530, 4510, 5300, 5285, 6727, 5270, 5250, 6690, 6698, 6707, 6720, 2300, 2584, 3366, 2278, 2261, 3377, 3392, 2566, 2632"
72,881,3,3,6,7,1.0,"120,123,124,135,138,139,380,381,409,421,422","530, 422, 2454, 830, 496, 837, 2477, 2499, 58, 855, 428, 136, 472, 454, 446, 105, 2588, 976, 565, 2552, 907, 14, 995, 863, 38, 942, 582, 437, 8, 463, 32, 52, 416, 519, 931, 1918, 824, 846, 1974, 1934, 1902, 525, 100, 872, 938"
73,995,3,10,1,2,1.0,"177,178,179,180,201,405,406,407,408,409,412,415,416,417,485,514,515,516,532,534,553,554,557,560","530, 422, 2454, 830, 496, 837, 2477, 2499, 58, 855, 428, 136, 472, 454, 446, 105, 2588, 976, 565, 2552, 907, 14, 881, 863, 38, 942, 582, 437, 8, 463, 32, 52, 416, 519, 931, 1918, 824, 846, 1974, 1934, 1902, 525, 100, 872, 938"
74,863,3,3,1,2,1.0,"177,178,179,180,201,405,406,407,408,409,412,415,416,417,485,514,515,516,532,534,553,554,557,560","530, 422, 2454, 830, 496, 837, 2477, 2499, 58, 855, 428, 136, 472, 454, 446, 105, 2588, 976, 565, 2552, 907, 14, 881, 995, 38, 942, 582, 437, 8, 463, 32, 52, 416, 519, 931, 1918, 824, 846, 1974, 1934, 1902, 525, 100, 872, 938"
75,1271,4,3,2,1,1.0,"284,288,289,312,313,316,317,320,374,375,404,537,538,567","485, 843, 434, 460, 1255, 895, 869, 1288, 950, 2225, 2213, 2199, 537, 2254, 1326, 1259, 4883, 4782, 489, 1418, 440, 682, 4758, 1292"
76,869,3,3,2,1,1.0,"284,288,289,312,313,316,317,320,374,375,404,537,538,567","485, 843, 434, 460, 1255, 895, 1271, 1288, 950, 2225, 2213, 2199, 537, 2254, 1326, 1259, 4883, 4782, 489, 1418, 440, 682, 4758, 1292"
77,6690,32,17,7,8,1.0,"243,245,271,275,277,279,428,432,433,435","4484, 6083, 6029, 6054, 4561, 6102, 6109, 4554, 4530, 4510, 5300, 5285, 6727, 5270, 5250, 5307, 6698, 6707, 6720, 2300, 2584, 3366, 2278, 2261, 3377, 3392, 2566, 2632"
78,38,1,2,6,7,1.0,"120,123,124,135,138,139,380,381,409,421,422","530, 422, 2454, 830, 496, 837, 2477, 2499, 58, 855, 428, 136, 472, 454, 446, 105, 2588, 976, 565, 2552, 907, 14, 881, 995, 863, 942, 582, 437, 8, 463, 32, 52, 416, 519, 931, 1918, 824, 846, 1974, 1934, 1902, 525, 100, 872, 938"
79,4165,15,15,10,10,1.0,"44,45,46,48,65,68,70,90,92","4209, 5892, 5856, 5838, 4143"
80,942,3,6,6,7,1.0,"120,123,124,135,138,139,380,381,409,421,422","530, 422, 2454, 830, 496, 837, 2477, 2499, 58, 855, 428, 136, 472, 454, 446, 105, 2588, 976, 565, 2552, 907, 14, 881, 995, 863, 38, 582, 437, 8, 463, 32, 52, 416, 519, 931, 1918, 824, 846, 1974, 1934, 1902, 525, 100, 872, 938"
81,2872,9,3,13,9,1.0,"165,167,173,176,202,207,209,484","1661, 1352, 1346, 1315, 2504, 2517, 1298, 2912, 2903, 2886, 1573, 1673, 1613, 1589, 2538, 2878, 981, 888, 993, 2596, 905, 2609, 929, 1281, 5691, 2764, 5735, 2812, 5628, 5616, 5574, 5565, 2999, 2979, 4714, 2945, 5589, 1465, 6473, 6438, 1159, 6444, 1411, 6573, 6468, 1091, 6432, 1495, 2708, 1764, 1209, 4621, 4600, 4683, 1829, 4646, 1867, 4610, 4639"
82,582,2,10,1,2,1.0,"177,178,179,180,201,405,406,407,408,409,412,415,416,417,485,514,515,516,532,534,553,554,557,560","530, 422, 2454, 830, 496, 837, 2477, 2499, 58, 855, 428, 136, 472, 454, 446, 105, 2588, 976, 565, 2552, 907, 14, 881, 995, 863, 38, 942, 437, 8, 463, 32, 52, 416, 519, 931, 1918, 824, 846, 1974, 1934, 1902, 525, 100, 872, 938"
83,1281,4,3,13,9,1.0,"165,167,173,176,202,207,209,484","1661, 1352, 1346, 1315, 2504, 2517, 1298, 2912, 2903, 2886, 1573, 1673, 1613, 1589, 2538, 2878, 981, 888, 993, 2596, 905, 2609, 929, 2872, 5691, 2764, 5735, 2812, 5628, 5616, 5574, 5565, 2999, 2979, 4714, 2945, 5589, 1465, 6473, 6438, 1159, 6444, 1411, 6573, 6468, 1091, 6432, 1495, 2708, 1764, 1209, 4621, 4600, 4683, 1829, 4646, 1867, 4610, 4639"
84,6698,32,22,7,8,1.0,"243,245,271,275,277,279,428,432,433,435","4484, 6083, 6029, 6054, 4561, 6102, 6109, 4554, 4530, 4510, 5300, 5285, 6727, 5270, 5250, 5307, 6690, 6707, 6720, 2300, 2584, 3366, 2278, 2261, 3377, 3392, 2566, 2632"
85,6707,32,26,7,8,1.0,"243,245,271,275,277,279,428,432,433,435","4484, 6083, 6029, 6054, 4561, 6102, 6109, 4554, 4530, 4510, 5300, 5285, 6727, 5270, 5250, 5307, 6690, 6698, 6720, 2300, 2584, 3366, 2278, 2261, 3377, 3392, 2566, 2632"
86,6720,32,32,7,8,1.0,"243,245,271,275,277,279,428,432,433,435","4484, 6083, 6029, 6054, 4561, 6102, 6109, 4554, 4530, 4510, 5300, 5285, 6727, 5270, 5250, 5307, 6690, 6698, 6707, 2300, 2584, 3366, 2278, 2261, 3377, 3392, 2566, 2632"
87,1288,4,4,2,1,1.0,"284,288,289,312,313,316,317,320,374,375,404,537,538,567","485, 843, 434, 460, 1255, 895, 1271, 869, 950, 2225, 2213, 2199, 537, 2254, 1326, 1259, 4883, 4782, 489, 1418, 440, 682, 4758, 1292"
88,950,3,7,2,1,0.9287,"288,289,312,313,316,317,320,374,375,404,537,538,567","485, 843, 434, 460, 1255, 895, 1271, 869, 1288, 2225, 2213, 2199, 537, 2254, 1326, 1259, 4883, 4782, 489, 1418, 440, 682, 4758, 1292"
89,2225,7,4,2,1,0.9287,"288,289,312,313,316,317,320,374,375,404,537,538,567","485, 843, 434, 460, 1255, 895, 1271, 869, 1288, 950, 2213, 2199, 537, 2254, 1326, 1259, 4883, 4782, 489, 1418, 440, 682, 4758, 1292"
90,2213,7,3,2,1,0.9287,"288,289,312,313,316,317,320,374,375,404,537,538,567","485, 843, 434, 460, 1255, 895, 1271, 869, 1288, 950, 2225, 2199, 537, 2254, 1326, 1259, 4883, 4782, 489, 1418, 440, 682, 4758, 1292"
91,2199,7,2,2,1,0.9287,"288,289,312,313,316,317,320,374,375,404,537,538,567","485, 843, 434, 460, 1255, 895, 1271, 869, 1288, 950, 2225, 2213, 537, 2254, 1326, 1259, 4883, 4782, 489, 1418, 440, 682, 4758, 1292"
92,537,2,7,2,1,0.9287,"288,289,312,313,316,317,320,374,375,404,537,538,567","485, 843, 434, 460, 1255, 895, 1271, 869, 1288, 950, 2225, 2213, 2199, 2254, 1326, 1259, 4883, 4782, 489, 1418, 440, 682, 4758, 1292"
93,2254,7,7,2,1,0.9287,"288,289,312,313,316,317,320,374,375,404,537,538,567","485, 843, 434, 460, 1255, 895, 1271, 869, 1288, 950, 2225, 2213, 2199, 537, 1326, 1259, 4883, 4782, 489, 1418, 440, 682, 4758, 1292"
94,1326,4,7,2,1,0.9287,"288,289,312,313,316,317,320,374,375,404,537,538,567","485, 843, 434, 460, 1255, 895, 1271, 869, 1288, 950, 2225, 2213, 2199, 537, 2254, 1259, 4883, 4782, 489, 1418, 440, 682, 4758, 1292"
95,437,2,2,3,3,0.909,"139,142,143,145,146,179,180,181,228,230,309,310,361,378,380,382,383,407,408,410","530, 422, 2454, 830, 496, 837, 2477, 2499, 58, 855, 428, 136, 472, 454, 446, 105, 2588, 976, 565, 2552, 907, 14, 881, 995, 863, 38, 942, 582, 8, 463, 32, 52, 416, 519, 931, 1918, 824, 846, 1974, 1934, 1902, 525, 100, 872, 938"
96,8,1,1,3,3,0.909,"139,142,143,145,146,179,180,181,228,230,309,310,361,378,380,382,383,407,408,410","530, 422, 2454, 830, 496, 837, 2477, 2499, 58, 855, 428, 136, 472, 454, 446, 105, 2588, 976, 565, 2552, 907, 14, 881, 995, 863, 38, 942, 582, 437, 463, 32, 52, 416, 519, 931, 1918, 824, 846, 1974, 1934, 1902, 525, 100, 872, 938"
97,463,2,3,3,3,0.909,"139,142,143,145,146,179,180,181,228,230,309,310,361,378,380,382,383,407,408,410","530, 422, 2454, 830, 496, 837, 2477, 2499, 58, 855, 428, 136, 472, 454, 446, 105, 2588, 976, 565, 2552, 907, 14, 881, 995, 863, 38, 942, 582, 437, 8, 32, 52, 416, 519, 931, 1918, 824, 846, 1974, 1934, 1902, 525, 100, 872, 938"
98,32,1,2,3,3,0.909,"139,142,143,145,146,179,180,181,228,230,309,310,361,378,380,382,383,407,408,410","530, 422, 2454, 830, 496, 837, 2477, 2499, 58, 855, 428, 136, 472, 454, 446, 105, 2588, 976, 565, 2552, 907, 14, 881, 995, 863, 38, 942, 582, 437, 8, 463, 52, 416, 519, 931, 1918, 824, 846, 1974, 1934, 1902, 525, 100, 872, 938"
99,52,1,3,3,3,0.909,"139,142,143,145,146,179,180,181,228,230,309,310,361,378,380,382,383,407,408,410","530, 422, 2454, 830, 496, 837, 2477, 2499, 58, 855, 428, 136, 472, 454, 446, 105, 2588, 976, 565, 2552, 907, 14, 881, 995, 863, 38, 942, 582, 437, 8, 463, 32, 416, 519, 931, 1918, 824, 846, 1974, 1934, 1902, 525, 100, 872, 938"
100,416,2,1,3,3,0.909,"139,142,143,145,146,179,180,181,228,230,309,310,361,378,380,382,383,407,408,410","530, 422, 2454, 830, 496, 837, 2477, 2499, 58, 855, 428, 136, 472, 454, 446, 105, 2588, 976, 565, 2552, 907, 14, 881, 995, 863, 38, 942, 582, 437, 8, 463, 32, 52, 519, 931, 1918, 824, 846, 1974, 1934, 1902, 525, 100, 872, 938"
101,3074,10,4,8,5,0.9,"261,264,265,286,290,438,439,440,442","1297, 1694, 1367, 1611, 1314, 3165, 1588, 3094, 1259, 4883, 4782, 489, 1418, 440, 682, 4758, 1292"
102,5064,21,14,9,11,0.9,"4,6,21,23,24,129,136,234,235","5109, 5017, 2100, 3999, 3964, 3910, 2057, 1981"
103,5109,21,21,9,11,0.9,"4,6,21,23,24,129,136,234,235","5064, 5017, 2100, 3999, 3964, 3910, 2057, 1981"
104,1297,4,4,8,5,0.9,"261,264,265,286,290,438,439,440,442","3074, 1694, 1367, 1611, 1314, 3165, 1588, 3094, 1259, 4883, 4782, 489, 1418, 440, 682, 4758, 1292"
105,1694,5,10,8,5,0.9,"261,264,265,286,290,438,439,440,442","3074, 1297, 1367, 1611, 1314, 3165, 1588, 3094, 1259, 4883, 4782, 489, 1418, 440, 682, 4758, 1292"
106,1367,4,10,8,5,0.9,"261,264,265,286,290,438,439,440,442","3074, 1297, 1694, 1611, 1314, 3165, 1588, 3094, 1259, 4883, 4782, 489, 1418, 440, 682, 4758, 1292"
107,5017,21,6,9,11,0.9,"4,6,21,23,24,129,136,234,235","5064, 5109, 2100, 3999, 3964, 3910, 2057, 1981"
108,2100,6,21,9,11,0.9,"4,6,21,23,24,129,136,234,235","5064, 5109, 5017, 3999, 3964, 3910, 2057, 1981"
109,3999,14,21,9,11,0.9,"4,6,21,23,24,129,136,234,235","5064, 5109, 5017, 2100, 3964, 3910, 2057, 1981"
110,3964,14,14,9,11,0.9,"4,6,21,23,24,129,136,234,235","5064, 5109, 5017, 2100, 3999, 3910, 2057, 1981"
111,1611,5,5,8,5,0.9,"261,264,265,286,290,438,439,440,442","3074, 1297, 1694, 1367, 1314, 3165, 1588, 3094, 1259, 4883, 4782, 489, 1418, 440, 682, 4758, 1292"
112,3910,14,6,9,11,0.9,"4,6,21,23,24,129,136,234,235","5064, 5109, 5017, 2100, 3999, 3964, 2057, 1981"
113,1314,4,5,8,5,0.9,"261,264,265,286,290,438,439,440,442","3074, 1297, 1694, 1367, 1611, 3165, 1588, 3094, 1259, 4883, 4782, 489, 1418, 440, 682, 4758, 1292"
114,3165,10,10,8,5,0.9,"261,264,265,286,290,438,439,440,442","3074, 1297, 1694, 1367, 1611, 1314, 1588, 3094, 1259, 4883, 4782, 489, 1418, 440, 682, 4758, 1292"
115,1588,5,4,8,5,0.9,"261,264,265,286,290,438,439,440,442","3074, 1297, 1694, 1367, 1611, 1314, 3165, 3094, 1259, 4883, 4782, 489, 1418, 440, 682, 4758, 1292"
116,2057,6,14,9,11,0.9,"4,6,21,23,24,129,136,234,235","5064, 5109, 5017, 2100, 3999, 3964, 3910, 1981"
117,3094,10,5,8,5,0.9,"261,264,265,286,290,438,439,440,442","3074, 1297, 1694, 1367, 1611, 1314, 3165, 1588, 1259, 4883, 4782, 489, 1418, 440, 682, 4758, 1292"
118,1981,6,6,9,11,0.9,"4,6,21,23,24,129,136,234,235","5064, 5109, 5017, 2100, 3999, 3964, 3910, 2057"
119,5691,24,18,13,9,0.875,"165,167,173,176,202,207,209","1661, 1352, 1346, 1315, 2504, 2517, 1298, 2912, 2903, 2886, 1573, 1673, 1613, 1589, 2538, 2878, 981, 888, 993, 2596, 905, 2609, 929, 2872, 1281, 2764, 5735, 2812, 5628, 5616, 5574, 5565, 2999, 2979, 4714, 2945, 5589, 1465, 6473, 6438, 1159, 6444, 1411, 6573, 6468, 1091, 6432, 1495, 2708, 1764, 1209, 4621, 4600, 4683, 1829, 4646, 1867, 4610, 4639"
120,2764,8,24,13,9,0.875,"165,167,173,176,202,207,209","1661, 1352, 1346, 1315, 2504, 2517, 1298, 2912, 2903, 2886, 1573, 1673, 1613, 1589, 2538, 2878, 981, 888, 993, 2596, 905, 2609, 929, 2872, 1281, 5691, 5735, 2812, 5628, 5616, 5574, 5565, 2999, 2979, 4714, 2945, 5589, 1465, 6473, 6438, 1159, 6444, 1411, 6573, 6468, 1091, 6432, 1495, 2708, 1764, 1209, 4621, 4600, 4683, 1829, 4646, 1867, 4610, 4639"
121,5735,24,24,13,9,0.875,"165,167,173,176,202,207,209","1661, 1352, 1346, 1315, 2504, 2517, 1298, 2912, 2903, 2886, 1573, 1673, 1613, 1589, 2538, 2878, 981, 888, 993, 2596, 905, 2609, 929, 2872, 1281, 5691, 2764, 2812, 5628, 5616, 5574, 5565, 2999, 2979, 4714, 2945, 5589, 1465, 6473, 6438, 1159, 6444, 1411, 6573, 6468, 1091, 6432, 1495, 2708, 1764, 1209, 4621, 4600, 4683, 1829, 4646, 1867, 4610, 4639"
122,2812,8,29,13,9,0.875,"167,173,176,202,207,209,484","1661, 1352, 1346, 1315, 2504, 2517, 1298, 2912, 2903, 2886, 1573, 1673, 1613, 1589, 2538, 2878, 981, 888, 993, 2596, 905, 2609, 929, 2872, 1281, 5691, 2764, 5735, 5628, 5616, 5574, 5565, 2999, 2979, 4714, 2945, 5589, 1465, 6473, 6438, 1159, 6444, 1411, 6573, 6468, 1091, 6432, 1495, 2708, 1764, 1209, 4621, 4600, 4683, 1829, 4646, 1867, 4610, 4639"
123,5628,24,9,13,9,0.875,"165,167,173,176,202,207,209","1661, 1352, 1346, 1315, 2504, 2517, 1298, 2912, 2903, 2886, 1573, 1673, 1613, 1589, 2538, 2878, 981, 888, 993, 2596, 905, 2609, 929, 2872, 1281, 5691, 2764, 5735, 2812, 5616, 5574, 5565, 2999, 2979, 4714, 2945, 5589, 1465, 6473, 6438, 1159, 6444, 1411, 6573, 6468, 1091, 6432, 1495, 2708, 1764, 1209, 4621, 4600, 4683, 1829, 4646, 1867, 4610, 4639"
124,5616,24,8,13,9,0.875,"165,167,173,176,202,207,209","1661, 1352, 1346, 1315, 2504, 2517, 1298, 2912, 2903, 2886, 1573, 1673, 1613, 1589, 2538, 2878, 981, 888, 993, 2596, 905, 2609, 929, 2872, 1281, 5691, 2764, 5735, 2812, 5628, 5574, 5565, 2999, 2979, 4714, 2945, 5589, 1465, 6473, 6438, 1159, 6444, 1411, 6573, 6468, 1091, 6432, 1495, 2708, 1764, 1209, 4621, 4600, 4683, 1829, 4646, 1867, 4610, 4639"
125,5574,24,4,13,9,0.875,"165,167,173,176,202,207,209","1661, 1352, 1346, 1315, 2504, 2517, 1298, 2912, 2903, 2886, 1573, 1673, 1613, 1589, 2538, 2878, 981, 888, 993, 2596, 905, 2609, 929, 2872, 1281, 5691, 2764, 5735, 2812, 5628, 5616, 5565, 2999, 2979, 4714, 2945, 5589, 1465, 6473, 6438, 1159, 6444, 1411, 6573, 6468, 1091, 6432, 1495, 2708, 1764, 1209, 4621, 4600, 4683, 1829, 4646, 1867, 4610, 4639"
126,5565,24,3,13,9,0.875,"165,167,173,176,202,207,209","1661, 1352, 1346, 1315, 2504, 2517, 1298, 2912, 2903, 2886, 1573, 1673, 1613, 1589, 2538, 2878, 981, 888, 993, 2596, 905, 2609, 929, 2872, 1281, 5691, 2764, 5735, 2812, 5628, 5616, 5574, 2999, 2979, 4714, 2945, 5589, 1465, 6473, 6438, 1159, 6444, 1411, 6573, 6468, 1091, 6432, 1495, 2708, 1764, 1209, 4621, 4600, 4683, 1829, 4646, 1867, 4610, 4639"
127,2999,9,29,13,9,0.875,"167,173,176,202,207,209,484","1661, 1352, 1346, 1315, 2504, 2517, 1298, 2912, 2903, 2886, 1573, 1673, 1613, 1589, 2538, 2878, 981, 888, 993, 2596, 905, 2609, 929, 2872, 1281, 5691, 2764, 5735, 2812, 5628, 5616, 5574, 5565, 2979, 4714, 2945, 5589, 1465, 6473, 6438, 1159, 6444, 1411, 6573, 6468, 1091, 6432, 1495, 2708, 1764, 1209, 4621, 4600, 4683, 1829, 4646, 1867, 4610, 4639"
128,2979,9,24,13,9,0.875,"165,167,173,176,202,207,209","1661, 1352, 1346, 1315, 2504, 2517, 1298, 2912, 2903, 2886, 1573, 1673, 1613, 1589, 2538, 2878, 981, 888, 993, 2596, 905, 2609, 929, 2872, 1281, 5691, 2764, 5735, 2812, 5628, 5616, 5574, 5565, 2999, 4714, 2945, 5589, 1465, 6473, 6438, 1159, 6444, 1411, 6573, 6468, 1091, 6432, 1495, 2708, 1764, 1209, 4621, 4600, 4683, 1829, 4646, 1867, 4610, 4639"
129,4714,18,24,13,9,0.875,"165,167,173,176,202,207,209","1661, 1352, 1346, 1315, 2504, 2517, 1298, 2912, 2903, 2886, 1573, 1673, 1613, 1589, 2538, 2878, 981, 888, 993, 2596, 905, 2609, 929, 2872, 1281, 5691, 2764, 5735, 2812, 5628, 5616, 5574, 5565, 2999, 2979, 2945, 5589, 1465, 6473, 6438, 1159, 6444, 1411, 6573, 6468, 1091, 6432, 1495, 2708, 1764, 1209, 4621, 4600, 4683, 1829, 4646, 1867, 4610, 4639"
130,2945,9,18,13,9,0.875,"165,167,173,176,202,207,209","1661, 1352, 1346, 1315, 2504, 2517, 1298, 2912, 2903, 2886, 1573, 1673, 1613, 1589, 2538, 2878, 981, 888, 993, 2596, 905, 2609, 929, 2872, 1281, 5691, 2764, 5735, 2812, 5628, 5616, 5574, 5565, 2999, 2979, 4714, 5589, 1465, 6473, 6438, 1159, 6444, 1411, 6573, 6468, 1091, 6432, 1495, 2708, 1764, 1209, 4621, 4600, 4683, 1829, 4646, 1867, 4610, 4639"
131,519,2,6,1,2,0.875,"177,178,179,180,201,405,406,407,408,409,412,416,417,485,514,515,516,532,534,554,560","530, 422, 2454, 830, 496, 837, 2477, 2499, 58, 855, 428, 136, 472, 454, 446, 105, 2588, 976, 565, 2552, 907, 14, 881, 995, 863, 38, 942, 582, 437, 8, 463, 32, 52, 416, 931, 1918, 824, 846, 1974, 1934, 1902, 525, 100, 872, 938"
132,5589,24,5,13,9,0.875,"165,167,173,176,202,207,209","1661, 1352, 1346, 1315, 2504, 2517, 1298, 2912, 2903, 2886, 1573, 1673, 1613, 1589, 2538, 2878, 981, 888, 993, 2596, 905, 2609, 929, 2872, 1281, 5691, 2764, 5735, 2812, 5628, 5616, 5574, 5565, 2999, 2979, 4714, 2945, 1465, 6473, 6438, 1159, 6444, 1411, 6573, 6468, 1091, 6432, 1495, 2708, 1764, 1209, 4621, 4600, 4683, 1829, 4646, 1867, 4610, 4639"
133,1465,4,24,13,9,0.875,"165,167,173,176,202,207,209","1661, 1352, 1346, 1315, 2504, 2517, 1298, 2912, 2903, 2886, 1573, 1673, 1613, 1589, 2538, 2878, 981, 888, 993, 2596, 905, 2609, 929, 2872, 1281, 5691, 2764, 5735, 2812, 5628, 5616, 5574, 5565, 2999, 2979, 4714, 2945, 5589, 6473, 6438, 1159, 6444, 1411, 6573, 6468, 1091, 6432, 1495, 2708, 1764, 1209, 4621, 4600, 4683, 1829, 4646, 1867, 4610, 4639"
134,6473,29,9,13,9,0.875,"167,173,176,202,207,209,484","1661, 1352, 1346, 1315, 2504, 2517, 1298, 2912, 2903, 2886, 1573, 1673, 1613, 1589, 2538, 2878, 981, 888, 993, 2596, 905, 2609, 929, 2872, 1281, 5691, 2764, 5735, 2812, 5628, 5616, 5574, 5565, 2999, 2979, 4714, 2945, 5589, 1465, 6438, 1159, 6444, 1411, 6573, 6468, 1091, 6432, 1495, 2708, 1764, 1209, 4621, 4600, 4683, 1829, 4646, 1867, 4610, 4639"
135,6438,29,4,13,9,0.875,"167,173,176,202,207,209,484","1661, 1352, 1346, 1315, 2504, 2517, 1298, 2912, 2903, 2886, 1573, 1673, 1613, 1589, 2538, 2878, 981, 888, 993, 2596, 905, 2609, 929, 2872, 1281, 5691, 2764, 5735, 2812, 5628, 5616, 5574, 5565, 2999, 2979, 4714, 2945, 5589, 1465, 6473, 1159, 6444, 1411, 6573, 6468, 1091, 6432, 1495, 2708, 1764, 1209, 4621, 4600, 4683, 1829, 4646, 1867, 4610, 4639"
136,1159,3,24,13,9,0.875,"165,167,173,176,202,207,209","1661, 1352, 1346, 1315, 2504, 2517, 1298, 2912, 2903, 2886, 1573, 1673, 1613, 1589, 2538, 2878, 981, 888, 993, 2596, 905, 2609, 929, 2872, 1281, 5691, 2764, 5735, 2812, 5628, 5616, 5574, 5565, 2999, 2979, 4714, 2945, 5589, 1465, 6473, 6438, 6444, 1411, 6573, 6468, 1091, 6432, 1495, 2708, 1764, 1209, 4621, 4600, 4683, 1829, 4646, 1867, 4610, 4639"
137,6444,29,5,13,9,0.875,"167,173,176,202,207,209,484","1661, 1352, 1346, 1315, 2504, 2517, 1298, 2912, 2903, 2886, 1573, 1673, 1613, 1589, 2538, 2878, 981, 888, 993, 2596, 905, 2609, 929, 2872, 1281, 5691, 2764, 5735, 2812, 5628, 5616, 5574, 5565, 2999, 2979, 4714, 2945, 5589, 1465, 6473, 6438, 1159, 1411, 6573, 6468, 1091, 6432, 1495, 2708, 1764, 1209, 4621, 4600, 4683, 1829, 4646, 1867, 4610, 4639"
138,1411,4,18,13,9,0.875,"165,167,173,176,202,207,209","1661, 1352, 1346, 1315, 2504, 2517, 1298, 2912, 2903, 2886, 1573, 1673, 1613, 1589, 2538, 2878, 981, 888, 993, 2596, 905, 2609, 929, 2872, 1281, 5691, 2764, 5735, 2812, 5628, 5616, 5574, 5565, 2999, 2979, 4714, 2945, 5589, 1465, 6473, 6438, 1159, 6444, 6573, 6468, 1091, 6432, 1495, 2708, 1764, 1209, 4621, 4600, 4683, 1829, 4646, 1867, 4610, 4639"
139,6573,29,29,13,9,0.875,"167,173,176,202,207,209,484","1661, 1352, 1346, 1315, 2504, 2517, 1298, 2912, 2903, 2886, 1573, 1673, 1613, 1589, 2538, 2878, 981, 888, 993, 2596, 905, 2609, 929, 2872, 1281, 5691, 2764, 5735, 2812, 5628, 5616, 5574, 5565, 2999, 2979, 4714, 2945, 5589, 1465, 6473, 6438, 1159, 6444, 1411, 6468, 1091, 6432, 1495, 2708, 1764, 1209, 4621, 4600, 4683, 1829, 4646, 1867, 4610, 4639"
140,6468,29,8,13,9,0.875,"167,173,176,202,207,209,484","1661, 1352, 1346, 1315, 2504, 2517, 1298, 2912, 2903, 2886, 1573, 1673, 1613, 1589, 2538, 2878, 981, 888, 993, 2596, 905, 2609, 929, 2872, 1281, 5691, 2764, 5735, 2812, 5628, 5616, 5574, 5565, 2999, 2979, 4714, 2945, 5589, 1465, 6473, 6438, 1159, 6444, 1411, 6573, 1091, 6432, 1495, 2708, 1764, 1209, 4621, 4600, 4683, 1829, 4646, 1867, 4610, 4639"
141,1091,3,18,13,9,0.875,"165,167,173,176,202,207,209","1661, 1352, 1346, 1315, 2504, 2517, 1298, 2912, 2903, 2886, 1573, 1673, 1613, 1589, 2538, 2878, 981, 888, 993, 2596, 905, 2609, 929, 2872, 1281, 5691, 2764, 5735, 2812, 5628, 5616, 5574, 5565, 2999, 2979, 4714, 2945, 5589, 1465, 6473, 6438, 1159, 6444, 1411, 6573, 6468, 6432, 1495, 2708, 1764, 1209, 4621, 4600, 4683, 1829, 4646, 1867, 4610, 4639"
142,931,3,6,1,2,0.875,"177,178,179,180,201,405,406,407,408,409,412,416,417,485,514,515,516,532,534,554,560","530, 422, 2454, 830, 496, 837, 2477, 2499, 58, 855, 428, 136, 472, 454, 446, 105, 2588, 976, 565, 2552, 907, 14, 881, 995, 863, 38, 942, 582, 437, 8, 463, 32, 52, 416, 519, 1918, 824, 846, 1974, 1934, 1902, 525, 100, 872, 938"
143,6432,29,3,13,9,0.875,"167,173,176,202,207,209,484","1661, 1352, 1346, 1315, 2504, 2517, 1298, 2912, 2903, 2886, 1573, 1673, 1613, 1589, 2538, 2878, 981, 888, 993, 2596, 905, 2609, 929, 2872, 1281, 5691, 2764, 5735, 2812, 5628, 5616, 5574, 5565, 2999, 2979, 4714, 2945, 5589, 1465, 6473, 6438, 1159, 6444, 1411, 6573, 6468, 1091, 1495, 2708, 1764, 1209, 4621, 4600, 4683, 1829, 4646, 1867, 4610, 4639"
144,1495,4,29,13,9,0.875,"167,173,176,202,207,209,484","1661, 1352, 1346, 1315, 2504, 2517, 1298, 2912, 2903, 2886, 1573, 1673, 1613, 1589, 2538, 2878, 981, 888, 993, 2596, 905, 2609, 929, 2872, 1281, 5691, 2764, 5735, 2812, 5628, 5616, 5574, 5565, 2999, 2979, 4714, 2945, 5589, 1465, 6473, 6438, 1159, 6444, 1411, 6573, 6468, 1091, 6432, 2708, 1764, 1209, 4621, 4600, 4683, 1829, 4646, 1867, 4610, 4639"
145,2708,8,18,13,9,0.875,"165,167,173,176,202,207,209","1661, 1352, 1346, 1315, 2504, 2517, 1298, 2912, 2903, 2886, 1573, 1673, 1613, 1589, 2538, 2878, 981, 888, 993, 2596, 905, 2609, 929, 2872, 1281, 5691, 2764, 5735, 2812, 5628, 5616, 5574, 5565, 2999, 2979, 4714, 2945, 5589, 1465, 6473, 6438, 1159, 6444, 1411, 6573, 6468, 1091, 6432, 1495, 1764, 1209, 4621, 4600, 4683, 1829, 4646, 1867, 4610, 4639"
146,1764,5,18,13,9,0.875,"165,167,173,176,202,207,209","1661, 1352, 1346, 1315, 2504, 2517, 1298, 2912, 2903, 2886, 1573, 1673, 1613, 1589, 2538, 2878, 981, 888, 993, 2596, 905, 2609, 929, 2872, 1281, 5691, 2764, 5735, 2812, 5628, 5616, 5574, 5565, 2999, 2979, 4714, 2945, 5589, 1465, 6473, 6438, 1159, 6444, 1411, 6573, 6468, 1091, 6432, 1495, 2708, 1209, 4621, 4600, 4683, 1829, 4646, 1867, 4610, 4639"
147,1209,3,29,13,9,0.875,"167,173,176,202,207,209,484","1661, 1352, 1346, 1315, 2504, 2517, 1298, 2912, 2903, 2886, 1573, 1673, 1613, 1589, 2538, 2878, 981, 888, 993, 2596, 905, 2609, 929, 2872, 1281, 5691, 2764, 5735, 2812, 5628, 5616, 5574, 5565, 2999, 2979, 4714, 2945, 5589, 1465, 6473, 6438, 1159, 6444, 1411, 6573, 6468, 1091, 6432, 1495, 2708, 1764, 4621, 4600, 4683, 1829, 4646, 1867, 4610, 4639"
148,4621,18,5,13,9,0.875,"165,167,173,176,202,207,209","1661, 1352, 1346, 1315, 2504, 2517, 1298, 2912, 2903, 2886, 1573, 1673, 1613, 1589, 2538, 2878, 981, 888, 993, 2596, 905, 2609, 929, 2872, 1281, 5691, 2764, 5735, 2812, 5628, 5616, 5574, 5565, 2999, 2979, 4714, 2945, 5589, 1465, 6473, 6438, 1159, 6444, 1411, 6573, 6468, 1091, 6432, 1495, 2708, 1764, 1209, 4600, 4683, 1829, 4646, 1867, 4610, 4639"
149,4600,18,3,13,9,0.875,"165,167,173,176,202,207,209","1661, 1352, 1346, 1315, 2504, 2517, 1298, 2912, 2903, 2886, 1573, 1673, 1613, 1589, 2538, 2878, 981, 888, 993, 2596, 905, 2609, 929, 2872, 1281, 5691, 2764, 5735, 2812, 5628, 5616, 5574, 5565, 2999, 2979, 4714, 2945, 5589, 1465, 6473, 6438, 1159, 6444, 1411, 6573, 6468, 1091, 6432, 1495, 2708, 1764, 1209, 4621, 4683, 1829, 4646, 1867, 4610, 4639"
150,4683,18,18,13,9,0.875,"165,167,173,176,202,207,209","1661, 1352, 1346, 1315, 2504, 2517, 1298, 2912, 2903, 2886, 1573, 1673, 1613, 1589, 2538, 2878, 981, 888, 993, 2596, 905, 2609, 929, 2872, 1281, 5691, 2764, 5735, 2812, 5628, 5616, 5574, 5565, 2999, 2979, 4714, 2945, 5589, 1465, 6473, 6438, 1159, 6444, 1411, 6573, 6468, 1091, 6432, 1495, 2708, 1764, 1209, 4621, 4600, 1829, 4646, 1867, 4610, 4639"
151,1829,5,24,13,9,0.875,"165,167,173,176,202,207,209","1661, 1352, 1346, 1315, 2504, 2517, 1298, 2912, 2903, 2886, 1573, 1673, 1613, 1589, 2538, 2878, 981, 888, 993, 2596, 905, 2609, 929, 2872, 1281, 5691, 2764, 5735, 2812, 5628, 5616, 5574, 5565, 2999, 2979, 4714, 2945, 5589, 1465, 6473, 6438, 1159, 6444, 1411, 6573, 6468, 1091, 6432, 1495, 2708, 1764, 1209, 4621, 4600, 4683, 4646, 1867, 4610, 4639"
152,4646,18,9,13,9,0.875,"165,167,173,176,202,207,209","1661, 1352, 1346, 1315, 2504, 2517, 1298, 2912, 2903, 2886, 1573, 1673, 1613, 1589, 2538, 2878, 981, 888, 993, 2596, 905, 2609, 929, 2872, 1281, 5691, 2764, 5735, 2812, 5628, 5616, 5574, 5565, 2999, 2979, 4714, 2945, 5589, 1465, 6473, 6438, 1159, 6444, 1411, 6573, 6468, 1091, 6432, 1495, 2708, 1764, 1209, 4621, 4600, 4683, 1829, 1867, 4610, 4639"
153,1867,5,29,13,9,0.875,"167,173,176,202,207,209,484","1661, 1352, 1346, 1315, 2504, 2517, 1298, 2912, 2903, 2886, 1573, 1673, 1613, 1589, 2538, 2878, 981, 888, 993, 2596, 905, 2609, 929, 2872, 1281, 5691, 2764, 5735, 2812, 5628, 5616, 5574, 5565, 2999, 2979, 4714, 2945, 5589, 1465, 6473, 6438, 1159, 6444, 1411, 6573, 6468, 1091, 6432, 1495, 2708, 1764, 1209, 4621, 4600, 4683, 1829, 4646, 4610, 4639"
154,4610,18,4,13,9,0.875,"165,167,173,176,202,207,209","1661, 1352, 1346, 1315, 2504, 2517, 1298, 2912, 2903, 2886, 1573, 1673, 1613, 1589, 2538, 2878, 981, 888, 993, 2596, 905, 2609, 929, 2872, 1281, 5691, 2764, 5735, 2812, 5628, 5616, 5574, 5565, 2999, 2979, 4714, 2945, 5589, 1465, 6473, 6438, 1159, 6444, 1411, 6573, 6468, 1091, 6432, 1495, 2708, 1764, 1209, 4621, 4600, 4683, 1829, 4646, 1867, 4639"
155,4639,18,8,13,9,0.875,"165,167,173,176,202,207,209","1661, 1352, 1346, 1315, 2504, 2517, 1298, 2912, 2903, 2886, 1573, 1673, 1613, 1589, 2538, 2878, 981, 888, 993, 2596, 905, 2609, 929, 2872, 1281, 5691, 2764, 5735, 2812, 5628, 5616, 5574, 5565, 2999, 2979, 4714, 2945, 5589, 1465, 6473, 6438, 1159, 6444, 1411, 6573, 6468, 1091, 6432, 1495, 2708, 1764, 1209, 4621, 4600, 4683, 1829, 4646, 1867, 4610"
156,1918,6,2,3,3,0.864,"139,142,143,145,146,179,180,181,228,309,310,361,378,380,382,383,407,408,410","530, 422, 2454, 830, 496, 837, 2477, 2499, 58, 855, 428, 136, 472, 454, 446, 105, 2588, 976, 565, 2552, 907, 14, 881, 995, 863, 38, 942, 582, 437, 8, 463, 32, 52, 416, 519, 931, 824, 846, 1974, 1934, 1902, 525, 100, 872, 938"
157,824,3,1,3,3,0.864,"139,142,143,145,146,179,180,181,228,230,309,310,378,380,382,383,407,408,410","530, 422, 2454, 830, 496, 837, 2477, 2499, 58, 855, 428, 136, 472, 454, 446, 105, 2588, 976, 565, 2552, 907, 14, 881, 995, 863, 38, 942, 582, 437, 8, 463, 32, 52, 416, 519, 931, 1918, 846, 1974, 1934, 1902, 525, 100, 872, 938"
158,846,3,2,3,3,0.864,"139,142,143,145,146,179,180,181,228,230,309,310,378,380,382,383,407,408,410","530, 422, 2454, 830, 496, 837, 2477, 2499, 58, 855, 428, 136, 472, 454, 446, 105, 2588, 976, 565, 2552, 907, 14, 881, 995, 863, 38, 942, 582, 437, 8, 463, 32, 52, 416, 519, 931, 1918, 824, 1974, 1934, 1902, 525, 100, 872, 938"
159,1974,6,6,3,3,0.864,"139,142,143,145,146,179,180,181,228,309,310,361,378,380,382,383,407,408,410","530, 422, 2454, 830, 496, 837, 2477, 2499, 58, 855, 428, 136, 472, 454, 446, 105, 2588, 976, 565, 2552, 907, 14, 881, 995, 863, 38, 942, 582, 437, 8, 463, 32, 52, 416, 519, 931, 1918, 824, 846, 1934, 1902, 525, 100, 872, 938"
160,1934,6,3,3,3,0.864,"139,142,143,145,146,179,180,181,228,309,310,361,378,380,382,383,407,408,410","530, 422, 2454, 830, 496, 837, 2477, 2499, 58, 855, 428, 136, 472, 454, 446, 105, 2588, 976, 565, 2552, 907, 14, 881, 995, 863, 38, 942, 582, 437, 8, 463, 32, 52, 416, 519, 931, 1918, 824, 846, 1974, 1902, 525, 100, 872, 938"
161,1902,6,1,3,3,0.864,"139,142,143,145,146,179,180,181,228,309,310,361,378,380,382,383,407,408,410","530, 422, 2454, 830, 496, 837, 2477, 2499, 58, 855, 428, 136, 472, 454, 446, 105, 2588, 976, 565, 2552, 907, 14, 881, 995, 863, 38, 942, 582, 437, 8, 463, 32, 52, 416, 519, 931, 1918, 824, 846, 1974, 1934, 525, 100, 872, 938"
162,525,2,6,3,3,0.864,"139,142,143,145,146,179,180,181,228,309,310,361,378,380,382,383,407,408,410","530, 422, 2454, 830, 496, 837, 2477, 2499, 58, 855, 428, 136, 472, 454, 446, 105, 2588, 976, 565, 2552, 907, 14, 881, 995, 863, 38, 942, 582, 437, 8, 463, 32, 52, 416, 519, 931, 1918, 824, 846, 1974, 1934, 1902, 100, 872, 938"
163,100,1,6,3,3,0.864,"139,142,143,145,146,179,180,181,228,309,310,361,378,380,382,383,407,408,410","530, 422, 2454, 830, 496, 837, 2477, 2499, 58, 855, 428, 136, 472, 454, 446, 105, 2588, 976, 565, 2552, 907, 14, 881, 995, 863, 38, 942, 582, 437, 8, 463, 32, 52, 416, 519, 931, 1918, 824, 846, 1974, 1934, 1902, 525, 872, 938"
164,872,3,3,3,3,0.864,"139,142,143,145,146,179,180,181,228,230,309,310,378,380,382,383,407,408,410","530, 422, 2454, 830, 496, 837, 2477, 2499, 58, 855, 428, 136, 472, 454, 446, 105, 2588, 976, 565, 2552, 907, 14, 881, 995, 863, 38, 942, 582, 437, 8, 463, 32, 52, 416, 519, 931, 1918, 824, 846, 1974, 1934, 1902, 525, 100, 938"
165,2300,7,11,5,6,0.857,"281,402,403,419,429,430,433,434,456,458,460,558","4484, 6083, 6029, 6054, 4561, 6102, 6109, 4554, 4530, 4510, 5300, 5285, 6727, 5270, 5250, 5307, 6690, 6698, 6707, 6720, 2584, 3366, 2278, 2261, 3377, 3392, 2566, 2632"
166,2584,8,8,5,6,0.857,"281,402,403,419,429,430,433,434,456,458,460,558","4484, 6083, 6029, 6054, 4561, 6102, 6109, 4554, 4530, 4510, 5300, 5285, 6727, 5270, 5250, 5307, 6690, 6698, 6707, 6720, 2300, 3366, 2278, 2261, 3377, 3392, 2566, 2632"
167,3366,11,7,5,6,0.857,"281,402,403,419,429,430,433,434,456,458,460,558","4484, 6083, 6029, 6054, 4561, 6102, 6109, 4554, 4530, 4510, 5300, 5285, 6727, 5270, 5250, 5307, 6690, 6698, 6707, 6720, 2300, 2584, 2278, 2261, 3377, 3392, 2566, 2632"
168,2278,7,8,5,6,0.857,"281,402,403,419,429,430,433,434,456,458,460,558","4484, 6083, 6029, 6054, 4561, 6102, 6109, 4554, 4530, 4510, 5300, 5285, 6727, 5270, 5250, 5307, 6690, 6698, 6707, 6720, 2300, 2584, 3366, 2261, 3377, 3392, 2566, 2632"
169,2261,7,7,5,6,0.857,"281,402,403,419,429,430,433,434,456,458,460,558","4484, 6083, 6029, 6054, 4561, 6102, 6109, 4554, 4530, 4510, 5300, 5285, 6727, 5270, 5250, 5307, 6690, 6698, 6707, 6720, 2300, 2584, 3366, 2278, 3377, 3392, 2566, 2632"
170,3377,11,8,5,6,0.857,"281,402,403,419,429,430,433,434,456,458,460,558","4484, 6083, 6029, 6054, 4561, 6102, 6109, 4554, 4530, 4510, 5300, 5285, 6727, 5270, 5250, 5307, 6690, 6698, 6707, 6720, 2300, 2584, 3366, 2278, 2261, 3392, 2566, 2632"
171,3392,11,11,5,6,0.857,"281,402,403,419,429,430,433,434,456,458,460,558","4484, 6083, 6029, 6054, 4561, 6102, 6109, 4554, 4530, 4510, 5300, 5285, 6727, 5270, 5250, 5307, 6690, 6698, 6707, 6720, 2300, 2584, 3366, 2278, 2261, 3377, 2566, 2632"
172,2566,8,7,5,6,0.857,"281,402,403,419,429,430,433,434,456,458,460,558","4484, 6083, 6029, 6054, 4561, 6102, 6109, 4554, 4530, 4510, 5300, 5285, 6727, 5270, 5250, 5307, 6690, 6698, 6707, 6720, 2300, 2584, 3366, 2278, 2261, 3377, 3392, 2632"
173,2632,8,11,5,6,0.857,"281,402,403,419,429,430,433,434,456,458,460,558","4484, 6083, 6029, 6054, 4561, 6102, 6109, 4554, 4530, 4510, 5300, 5285, 6727, 5270, 5250, 5307, 6690, 6698, 6707, 6720, 2300, 2584, 3366, 2278, 2261, 3377, 3392, 2566"
174,1259,4,2,4,1,0.8184,"285,288,289,290,320,442,443,538,540","485, 843, 434, 460, 1255, 895, 1271, 869, 1288, 950, 2225, 2213, 2199, 537, 2254, 1326, 3074, 1297, 1694, 1367, 1611, 1314, 3165, 1588, 3094, 4883, 4782, 489, 1418, 440, 682, 4758, 1292"
175,4883,19,19,4,1,0.8184,"285,288,289,290,320,442,443,538,540","485, 843, 434, 460, 1255, 895, 1271, 869, 1288, 950, 2225, 2213, 2199, 537, 2254, 1326, 3074, 1297, 1694, 1367, 1611, 1314, 3165, 1588, 3094, 1259, 4782, 489, 1418, 440, 682, 4758, 1292"
176,4782,19,4,4,1,0.8184,"285,288,289,290,320,442,443,538,540","485, 843, 434, 460, 1255, 895, 1271, 869, 1288, 950, 2225, 2213, 2199, 537, 2254, 1326, 3074, 1297, 1694, 1367, 1611, 1314, 3165, 1588, 3094, 1259, 4883, 489, 1418, 440, 682, 4758, 1292"
177,489,2,4,4,1,0.8184,"285,288,289,290,320,442,443,538,540","485, 843, 434, 460, 1255, 895, 1271, 869, 1288, 950, 2225, 2213, 2199, 537, 2254, 1326, 3074, 1297, 1694, 1367, 1611, 1314, 3165, 1588, 3094, 1259, 4883, 4782, 1418, 440, 682, 4758, 1292"
178,1418,4,19,4,1,0.8184,"285,288,289,290,320,442,443,538,540","485, 843, 434, 460, 1255, 895, 1271, 869, 1288, 950, 2225, 2213, 2199, 537, 2254, 1326, 3074, 1297, 1694, 1367, 1611, 1314, 3165, 1588, 3094, 1259, 4883, 4782, 489, 440, 682, 4758, 1292"
179,440,2,2,4,1,0.8184,"285,288,289,290,320,442,443,538,540","485, 843, 434, 460, 1255, 895, 1271, 869, 1288, 950, 2225, 2213, 2199, 537, 2254, 1326, 3074, 1297, 1694, 1367, 1611, 1314, 3165, 1588, 3094, 1259, 4883, 4782, 489, 1418, 682, 4758, 1292"
180,938,3,6,3,3,0.8184,"139,142,143,145,146,179,180,181,228,309,310,378,380,382,383,407,408,410","530, 422, 2454, 830, 496, 837, 2477, 2499, 58, 855, 428, 136, 472, 454, 446, 105, 2588, 976, 565, 2552, 907, 14, 881, 995, 863, 38, 942, 582, 437, 8, 463, 32, 52, 416, 519, 931, 1918, 824, 846, 1974, 1934, 1902, 525, 100, 872"
181,682,2,19,4,1,0.8184,"285,288,289,290,320,442,443,538,540","485, 843, 434, 460, 1255, 895, 1271, 869, 1288, 950, 2225, 2213, 2199, 537, 2254, 1326, 3074, 1297, 1694, 1367, 1611, 1314, 3165, 1588, 3094, 1259, 4883, 4782, 489, 1418, 440, 4758, 1292"
182,4758,19,2,4,1,0.8184,"285,288,289,290,320,442,443,538,540","485, 843, 434, 460, 1255, 895, 1271, 869, 1288, 950, 2225, 2213, 2199, 537, 2254, 1326, 3074, 1297, 1694, 1367, 1611, 1314, 3165, 1588, 3094, 1259, 4883, 4782, 489, 1418, 440, 682, 1292"
183,1292,4,4,4,1,0.8184,"285,288,289,290,320,442,443,538,540","485, 843, 434, 460, 1255, 895, 1271, 869, 1288, 950, 2225, 2213, 2199, 537, 2254, 1326, 3074, 1297, 1694, 1367, 1611, 1314, 3165, 1588, 3094, 1259, 4883, 4782, 489, 1418, 440, 682, 4758"
