pocket,,7nio_A_fpocket,7nio_E_fpocket,7nio_A_p2rank,7nio_E_p2rank,IoMIN,Common_residues
1,362,13,7,7,5,1,"281,402,419,429,430,000,000,000,000"
2,387,15,17,8,9,1,"4,5,6,21,22,23,24,129,136,234,235"
3,148,3,2,4,4,0.9375,"161,162,178,201,202,000,000,000,000,000,000,000,000,000,000"
4,322,9,5,5,7,0.9,"261,264,265,286,287,000,000,000,000"
5,239,5,1,1,6,0.8335,"120,123,124,135,138,000,000,000,000,000"
6,452,22,22,12,12,0.8335,"165,167,173,207,209"
5,50,1,8,3,1,0.7085,"283,284,285,287,288,000,000,000,000,000,000,000,000,000,000,000,000"
None,46,1,5,5,7,0.7,"261,286,287,290,438,000,000"
7,96,2,3,2,2,0.696,"177,178,179,406,407,000,000,000,000,000,000,000,000,000,000,000"
7,84,2,2,2,2,0.696,"175,177,178,179,407,000,000,000,000,000,000,000,000,000,000,000"
8,566,33,7,7,5,0.6665,"402,419,430,456,458,000"
5,190,4,1,1,3,0.636,"139,181,230,309,310,000,000"
5,188,4,1,1,1,0.6216,"139,142,143,146,179,000,000,000,000,000,000,000,000,000,000,000,000,000,000,000,000,000,000"
5,32,1,3,3,1,0.5835,"288,289,310,312,313,000,000,000,000,000,000,000,000,000"
9,181,3,18,4,4,0.5713,"161,162,202,210,519,000,000,000"
5,281,6,1,1,3,0.5454,"181,230,309,310,311,000"
10,327,9,8,5,7,0.5,"286,287,290,438,442"
9,311,8,18,4,4,0.5,"161,162,202,210,519,000,000"
None,53,1,8,5,7,0.5,"286,287,290,438,442"
3,308,8,2,4,4,0.5,"161,162,202,210,516,000,000,000"
5,542,32,3,3,1,0.4783,"289,310,312,313,316,000,000,000,000,000,000"
5,216,4,4,1,1,0.476,"139,232,309,310,360,000,000,000,000,000"
None,423,21,1,1,1,0.4443,"139,142,143,146,228,000,000,000"
None,431,21,14,1,1,0.4375,"139,142,143,146,230,000,000"
None,228,4,14,1,1,0.4375,"139,142,143,146,230,000,000"
5,236,5,1,1,1,0.4211,"139,142,143,146,179,000,000,000,000,000,000,000,000,000,000,000"
,52,1,8,5,1,0.4,"286,287,290,442"
,45,1,5,5,1,0.4,"286,287,290,442"
,321,9,5,5,1,0.4,"286,287,290,442"
,326,9,8,5,1,0.4,"286,287,290,442"
,553,32,8,3,1,0.3914,"289,316,320,375,443,000,000,000,000"
,280,6,1,1,1,0.3914,"146,181,228,230,309,000,000,000,000"
,43,1,5,3,1,0.375,"283,285,287,288,289,000,000,000,000"
,217,4,4,1,3,0.3635,"139,309,310,361"
,421,19,17,8,9,0.3635,"21,22,23,136"
,2,1,1,1,3,0.3635,"181,309,310,311"
,333,10,17,8,9,0.3635,"5,6,23,129"
,470,25,1,1,1,0.353,"230,231,232,233,311,000"
,72,2,1,2,2,0.348,"178,179,406,407,408,000,000,000"
,256,5,3,2,2,0.348,"177,179,406,407,408,000,000,000"
,0,1,1,1,1,0.342,"178,179,181,309,310,000,000,000,000,000,000,000,000"
,341,12,15,6,8,0.3333,"277,428,432"
,338,12,6,6,8,0.3333,"277,428,432"
,365,13,15,6,8,0.3333,"428,432,433"
,449,22,21,12,12,0.3333,"207,209"
,443,22,2,12,12,0.3333,"173,209"
,262,5,6,1,6,0.3333,"123,124,381,422"
,369,14,1,1,1,0.3333,"230,231,232,233,360,000,000,000"
,90,2,2,4,4,0.3125,"178,516,519,532,535"
,271,5,14,1,1,0.3125,"139,142,143,146,230"
,241,5,1,2,2,0.3044,"179,406,407,408,409,000,000"
,250,5,2,2,2,0.3044,"175,177,179,407,408,000,000"
,535,32,3,1,1,0.3044,"178,310,312,375,378,000,000"
,324,9,8,3,1,0.2917,"283,285,287,288,289,000,000"
,319,9,5,3,1,0.2917,"283,285,287,288,289,000,000"
,25,1,3,1,1,0.2896,"178,179,310,311,312,000,000,000,000,000,000"
,426,21,1,10,13,0.2856,"137,141"
,244,5,1,10,13,0.2856,"137,141"
,435,21,14,10,13,0.2856,"20,141"
,419,19,14,10,13,0.2856,"20,141"
,417,19,1,10,13,0.2856,"137,141"
,325,9,8,3,7,0.2727,"287,290,442"
,331,10,16,8,9,0.2727,"6,23,129"
,238,5,1,1,3,0.2727,"139,181,230"
,320,9,5,3,7,0.2727,"287,290,442"
,471,25,1,1,3,0.2727,"230,311,361"
,386,15,16,8,9,0.2727,"6,23,129"
,44,1,5,3,7,0.2727,"287,290,442"
,293,6,4,1,3,0.2727,"309,310,361"
,51,1,8,3,7,0.2727,"287,290,442"
,403,18,3,3,1,0.2666,"310,312,316,320"
,125,3,1,1,1,0.2632,"178,179,180,181,228,000,000,000,000,000"
,13,1,2,1,1,0.2632,"178,179,310,311,312,000,000,000,000,000"
,80,2,2,1,2,0.261,"178,179,407,408,409,000"
,523,32,2,1,1,0.261,"178,310,312,378,534,000"
,30,1,3,2,2,0.261,"178,179,406,407,408,000"
,92,2,3,1,2,0.261,"178,179,407,408,409,000"
,142,3,2,2,2,0.261,"177,178,179,516,532,000"
,511,32,1,1,1,0.261,"178,310,312,375,378,000"
,254,5,3,1,6,0.25,"120,409,422"
,191,4,1,1,6,0.25,"142,380,409"
,94,2,3,1,6,0.25,"120,409,422"
,83,2,2,2,1,0.25,"178,179,180,407,408,000,000"
,337,12,6,1,6,0.25,"123,124,381"
,335,12,1,1,6,0.25,"123,124,381"
,534,32,2,4,4,0.25,"178,531,532,535"
,8,1,1,3,1,0.25,"310,312,313,374,375,000"
,70,2,1,1,6,0.25,"120,409,422"
,372,14,4,1,1,0.238,"232,360,361,382,386"
,79,2,2,1,1,0.2368,"178,179,180,378,407,000,000,000,000"
,339,12,6,11,6,0.2222,"124,131"
,350,13,3,7,5,0.2222,"402,419"
,245,5,1,11,6,0.2222,"124,131"
,353,13,6,6,8,0.2222,"428,432"
,105,2,3,7,5,0.2222,"402,419"
,336,12,1,11,6,0.2222,"124,131"
,263,5,6,11,6,0.2222,"124,131"
,366,13,15,7,5,0.2222,"429,434"
,111,2,7,7,5,0.2222,"402,419"
,564,33,3,7,5,0.2222,"402,419"
,518,32,1,3,1,0.2174,"310,312,313,375,537"
,14,1,2,1,2,0.2174,"178,179,407,408,534"
,18,1,2,2,2,0.2174,"178,179,407,408,534"
,6,1,1,2,2,0.2174,"178,179,406,407,408"
,26,1,3,1,2,0.2174,"178,179,407,408,534"
,68,2,1,1,2,0.2174,"178,179,407,408,409"
,95,2,3,2,1,0.2142,"178,179,407,408,410,000"
,71,2,1,2,1,0.2142,"178,179,180,407,408,000"
,182,3,21,4,4,0.2142,"161,162,202"
,313,8,21,4,4,0.2142,"161,162,202"
,151,3,3,1,1,0.2106,"178,179,310,312,375,000,000,000"
,137,3,2,1,1,0.2106,"178,179,180,310,312,000,000,000"
,54,1,10,1,1,0.2106,"178,179,181,311"
,169,3,10,1,1,0.2106,"178,179,181,228"
,67,2,1,1,1,0.2106,"178,179,180,378,407,000,000,000"
,91,2,3,1,1,0.2106,"178,179,378,407,408,000,000,000"
,158,3,3,3,1,0.2084,"310,312,313,375,537"
,132,3,1,3,1,0.2084,"310,312,313,375,537"
,401,18,3,1,1,0.2,"310,311,312"
,391,16,3,2,14,0.2,553
,100,2,3,2,14,0.2,553
,397,18,2,1,1,0.2,"310,311,312"
,393,18,1,1,1,0.2,"310,311,312"
,258,5,4,1,1,0.1904,"139,380,382,383"
,198,4,2,1,1,0.1892,"179,310,311,378,407,000,000"
,207,4,3,1,1,0.1892,"179,310,311,378,407,000,000"
,546,32,3,4,4,0.1875,"178,531,535"
,147,3,2,4,2,0.1875,"178,516,532"
,178,3,10,4,4,0.1875,"178,201,212"
,162,3,3,4,4,0.1875,"178,531,535"
,480,25,14,1,1,0.1875,"230,231,232"
,89,2,2,4,2,0.1875,"178,516,532"
,375,14,14,1,1,0.1875,"230,231,232"
,485,25,24,1,3,0.1818,"311,361"
,394,18,1,1,3,0.1818,"310,311"
,370,14,1,1,3,0.1818,"230,361"
,377,14,17,8,9,0.1818,"234,235"
,382,15,1,8,9,0.1818,"136,235"
,304,6,24,1,3,0.1818,"311,361"
,297,6,10,1,3,0.1818,"181,311"
,289,6,3,1,3,0.1818,"310,311"
,276,5,17,8,9,0.1818,"136,235"
,272,5,14,1,3,0.1818,"139,230"
,197,4,1,8,9,0.1818,"136,235"
,200,4,2,1,3,0.1818,"310,311"
,235,4,24,1,3,0.1818,"311,361"
,402,18,3,1,3,0.1818,"310,311"
,424,21,1,1,3,0.1818,"139,230"
,209,4,3,1,3,0.1818,"310,311"
,432,21,14,1,3,0.1818,"139,230"
,494,29,1,1,3,0.1818,"181,230"
,243,5,1,8,9,0.1818,"136,235"
,224,4,10,1,3,0.1818,"181,311"
,436,21,17,8,9,0.1818,"21,22"
,229,4,14,1,3,0.1818,"139,230"
,231,4,17,8,9,0.1818,"136,235"
,398,18,2,1,3,0.1818,"310,311"
,285,6,2,1,3,0.1818,"310,311"
,127,3,1,1,3,0.1818,"181,310"
,15,1,2,1,3,0.1818,"310,311"
,39,1,4,1,3,0.1818,"309,310"
,27,1,3,1,3,0.1818,"310,311"
,56,1,10,1,3,0.1818,"181,311"
,29,1,3,2,1,0.1786,"178,179,407,408,534"
,240,5,1,2,1,0.1786,"179,180,407,408,410"
,17,1,2,2,1,0.1786,"178,179,407,408,534"
,249,5,2,2,1,0.1786,"179,180,407,408,410"
,389,16,2,2,2,0.1765,"485,515,554"
,199,4,2,1,2,0.174,"179,407,408,409"
,189,4,1,1,2,0.174,"179,407,408,409"
,203,4,2,2,2,0.174,"179,407,408,409"
,208,4,3,1,2,0.174,"179,407,408,409"
,253,5,3,1,2,0.174,"179,407,408,409"
,212,4,3,2,2,0.174,"179,407,408,409"
,193,4,1,2,2,0.174,"179,407,408,409"
,237,5,1,1,2,0.174,"179,407,408,409"
,1,1,1,1,2,0.174,"178,179,407,408"
,247,5,2,1,2,0.174,"179,407,408,409"
,156,3,3,2,2,0.174,"177,178,179,534"
,454,24,1,1,6,0.1666,"138,142"
,445,22,12,12,12,0.1666,167
,150,3,2,12,12,0.1666,209
,469,24,22,12,12,0.1666,173
,186,3,22,12,12,0.1666,209
,430,21,12,1,1,0.1666,"143,146,228"
,317,8,22,12,12,0.1666,207
,183,3,21,12,12,0.1666,209
,461,24,2,12,12,0.1666,173
,314,8,21,12,12,0.1666,207
,460,24,2,2,2,0.1578,"175,412,485"
,246,5,2,1,1,0.1578,"179,180,378,407,408,000"
,296,6,10,1,1,0.1578,"181,228,311"
,453,24,1,1,1,0.1578,"142,180,410"
,222,4,10,1,1,0.1578,"179,181,311"
,143,3,2,2,4,0.1578,"178,516,532"
,265,5,10,1,1,0.1578,"179,181,228"
,174,3,10,2,2,0.1578,"177,178,179"
,85,2,2,2,4,0.1578,"178,516,532"
,118,2,10,2,2,0.1578,"177,178,179"
,491,28,18,4,4,0.1538,"161,162"
,489,28,2,4,4,0.1538,"161,162"
,492,28,21,4,4,0.1538,"161,162"
,457,24,1,10,13,0.1428,141
,38,1,4,1,1,0.1428,"309,310,380"
,422,19,17,10,13,0.1428,137
,270,5,12,1,1,0.1428,"143,146,228"
,274,5,14,10,13,0.1428,141
,277,5,17,10,13,0.1428,137
,383,15,1,10,13,0.1428,137
,211,4,3,2,1,0.1428,"179,407,408,410"
,202,4,2,2,1,0.1428,"179,407,408,410"
,141,3,2,2,1,0.1428,"178,179,180,534"
,255,5,3,2,1,0.1428,"179,407,408,410"
,388,15,17,10,13,0.1428,137
,192,4,1,2,1,0.1428,"179,407,408,410"
,5,1,1,2,1,0.1428,"178,179,407,408"
,437,21,17,10,13,0.1428,137
,292,6,4,1,1,0.1428,"309,310,361"
,467,24,14,10,13,0.1428,141
,493,29,1,1,1,0.1364,"181,228,230"
,395,18,1,3,1,0.1333,"310,312"
,399,18,2,3,1,0.1333,"310,312"
,504,30,13,4,4,0.1333,"161,212"
,410,18,8,3,1,0.1333,"316,320"
,502,30,2,4,4,0.1333,"161,212"
,252,5,3,1,1,0.1316,"179,378,407,408,410"
,288,6,3,1,1,0.1305,"310,311,312"
,551,32,5,3,1,0.1305,"289,320,443"
,284,6,2,1,1,0.1305,"310,311,312"
,138,3,2,1,2,0.1305,"178,179,534"
,530,32,2,3,1,0.1305,"310,312,537"
,152,3,3,1,2,0.1305,"178,179,534"
,528,32,2,2,2,0.1305,"178,532,534"
,440,22,2,4,4,0.125,"201,202"
,441,22,2,12,2,0.125,176
,36,1,3,4,4,0.125,"178,535"
,34,1,3,4,1,0.125,"178,535"
,299,6,14,1,1,0.125,"146,230"
,24,1,2,4,4,0.125,"178,535"
,442,22,2,12,4,0.125,204
,447,22,18,12,4,0.125,204
,450,22,22,4,4,0.125,"201,202"
,451,22,22,12,2,0.125,176
,22,1,2,4,1,0.125,"178,535"
,144,3,2,3,1,0.125,"310,312,537"
,160,3,3,4,1,0.125,"178,535"
,568,35,11,9,10,0.125,90
,544,32,3,4,1,0.125,"178,535"
,334,11,11,9,10,0.125,90
,533,32,2,4,2,0.125,"178,532"
,532,32,2,4,1,0.125,"178,535"
,180,3,13,4,4,0.125,"161,212"
,185,3,22,12,2,0.125,176
,149,3,2,12,2,0.125,176
,146,3,2,4,1,0.125,"178,535"
,184,3,22,4,4,0.125,"201,202"
,88,2,2,4,1,0.125,"178,535"
,102,2,3,4,1,0.125,"178,535"
,309,8,2,12,4,0.125,204
,104,2,3,4,4,0.125,"178,535"
,312,8,18,12,4,0.125,204
,20,1,2,3,1,0.125,"310,312,537"
,488,27,11,9,10,0.125,90
,301,6,23,1,1,0.1177,"228,230"
,500,29,23,1,1,0.1177,"228,230"
,278,5,23,1,1,0.1177,"228,230"
,476,25,4,1,1,0.1177,"232,361"
,438,21,23,1,1,0.1177,"228,230"
,390,16,3,2,2,0.1177,"553,554"
,484,25,24,1,1,0.1177,"311,361"
,37,1,3,7,5,0.1111,402
,342,12,15,11,8,0.1111,428
,343,12,16,11,6,0.1111,131
,368,13,19,7,5,0.1111,456
,332,10,16,11,6,0.1111,131
,48,1,7,7,5,0.1111,402
,367,13,15,11,8,0.1111,428
,427,21,4,1,1,0.1111,"139,232"
,361,13,7,6,8,0.1111,433
,354,13,6,7,5,0.1111,429
,330,10,6,11,6,0.1111,131
,329,10,1,11,6,0.1111,131
,340,12,6,11,8,0.1111,428
,355,13,6,11,8,0.1111,428
,567,33,19,7,5,0.1111,456
,275,5,16,11,6,0.1111,131
,486,26,7,7,5,0.1111,456
,487,26,19,7,5,0.1111,456
,155,3,3,2,1,0.1071,"178,179,534"
,129,3,1,2,1,0.1071,"178,179,180"
,458,24,2,1,1,0.1053,"180,410"
,59,1,10,2,2,0.1053,"178,179"
,173,3,10,2,1,0.1053,"178,179"
,459,24,2,2,1,0.1053,"180,410"
,55,1,10,1,2,0.1053,"178,179"
,495,29,10,1,1,0.1053,"181,228"
,455,24,1,2,1,0.1053,"180,410"
,170,3,10,1,2,0.1053,"178,179"
,529,32,2,2,4,0.1053,"178,532"
,117,2,10,2,1,0.1053,"178,179"
,269,5,10,2,2,0.1053,"177,179"
,58,1,10,2,1,0.1053,"178,179"
,115,2,10,1,2,0.1053,"178,179"
,114,2,10,1,1,0.1053,"178,179"
,364,13,15,6,5,0.1,433
,234,4,24,1,1,0.1,"311,361"
,328,9,26,5,7,0.1,261
,360,13,7,6,5,0.1,433
,66,1,26,5,7,0.1,261
,303,6,24,1,1,0.1,"311,361"
,298,6,12,1,1,0.0952,"146,228"
,227,4,12,1,1,0.0952,"143,146"
,65,1,24,1,3,0.0909,311
,550,32,4,3,3,0.0909,310
,531,32,2,3,3,0.0909,310
,537,32,3,1,3,0.0909,310
,159,3,3,3,3,0.0909,310
,385,15,14,8,9,0.0909,21
,525,32,2,1,3,0.0909,310
,384,15,4,8,9,0.0909,235
,373,14,4,1,3,0.0909,361
,381,14,24,1,3,0.0909,361
,9,1,1,3,3,0.0909,310
,379,14,23,1,3,0.0909,230
,543,32,3,3,3,0.0909,310
,371,14,1,8,9,0.0909,235
,376,14,14,1,3,0.0909,230
,374,14,4,8,9,0.0909,235
,548,32,4,1,3,0.0909,310
,33,1,3,3,3,0.0909,310
,519,32,1,3,3,0.0909,310
,513,32,1,1,3,0.0909,310
,428,21,4,1,3,0.0909,139
,439,21,23,1,3,0.0909,230
,420,19,16,8,9,0.0909,23
,418,19,14,8,9,0.0909,21
,21,1,2,3,3,0.0909,310
,416,19,1,8,9,0.0909,136
,414,18,24,1,3,0.0909,311
,412,18,10,1,3,0.0909,311
,408,18,4,3,3,0.0909,310
,406,18,4,1,3,0.0909,310
,473,25,2,1,3,0.0909,311
,404,18,3,3,3,0.0909,310
,475,25,3,1,3,0.0909,311
,477,25,4,1,3,0.0909,361
,42,1,4,3,3,0.0909,310
,479,25,10,1,3,0.0909,311
,400,18,2,3,3,0.0909,310
,481,25,14,1,3,0.0909,230
,483,25,23,1,3,0.0909,230
,434,21,14,8,9,0.0909,21
,496,29,10,1,3,0.0909,181
,499,29,14,1,3,0.0909,230
,501,29,23,1,3,0.0909,230
,396,18,1,3,3,0.0909,310
,569,35,17,8,9,0.0909,24
,171,3,10,1,3,0.0909,181
,133,3,1,3,3,0.0909,310
,145,3,2,3,3,0.0909,310
,259,5,4,1,3,0.0909,139
,283,6,1,3,3,0.0909,310
,279,5,23,1,3,0.0909,230
,261,5,4,8,9,0.0909,235
,287,6,2,3,3,0.0909,310
,166,3,4,3,3,0.0909,310
,267,5,10,1,3,0.0909,181
,233,4,23,1,3,0.0909,230
,291,6,3,3,3,0.0909,310
,206,4,2,3,3,0.0909,310
,153,3,3,1,3,0.0909,310
,295,6,4,3,3,0.0909,310
,221,4,4,8,9,0.0909,235
,220,4,4,3,3,0.0909,310
,196,4,1,3,3,0.0909,310
,300,6,14,1,3,0.0909,230
,139,3,2,1,3,0.0909,310
,215,4,3,3,3,0.0909,310
,302,6,23,1,3,0.0909,230
,164,3,4,1,3,0.0909,310
,290,6,3,3,1,0.087,"310,312"
,282,6,1,3,1,0.087,"310,312"
,286,6,2,3,1,0.087,"310,312"
,552,32,8,1,1,0.087,"375,537"
,108,2,7,2,2,0.087,"557,560"
,540,32,3,2,2,0.087,"178,534"
,305,8,2,2,2,0.087,"485,516"
,539,32,3,2,1,0.087,"178,534"
,524,32,2,1,2,0.087,"178,534"
,527,32,2,2,1,0.087,"178,534"
,347,13,3,2,2,0.087,"417,557"
,536,32,3,1,2,0.087,"178,534"
,126,3,1,1,2,0.087,"178,179"
,130,3,1,2,2,0.087,"178,179"
,242,5,1,2,6,0.0833,409
,415,19,1,1,6,0.0833,138
,218,4,4,1,6,0.0833,380
,194,4,1,2,6,0.0833,409
,230,4,14,1,6,0.0833,142
,425,21,1,1,6,0.0833,142
,210,4,3,1,6,0.0833,409
,466,24,14,1,6,0.0833,142
,107,2,7,1,6,0.0833,422
,248,5,2,1,6,0.0833,409
,168,3,8,3,1,0.0833,"375,537"
,433,21,14,1,6,0.0833,142
,251,5,2,2,6,0.0833,409
,113,2,8,3,1,0.0833,"404,537"
,204,4,2,2,6,0.0833,409
,257,5,3,2,6,0.0833,409
,260,5,4,1,6,0.0833,380
,273,5,14,1,6,0.0833,142
,264,5,7,1,6,0.0833,422
,213,4,3,2,6,0.0833,409
,201,4,2,1,6,0.0833,409
,40,1,4,1,6,0.0833,380
,346,13,3,1,6,0.0833,422
,82,2,2,1,6,0.0833,409
,86,2,2,2,6,0.0833,409
,4,1,1,1,6,0.0833,380
,74,2,1,2,6,0.0833,409
,99,2,3,2,6,0.0833,409
,101,2,3,3,1,0.0833,"404,537"
,318,9,3,3,1,0.0833,"288,289"
,47,1,7,3,1,0.0833,"283,404"
,352,13,6,1,6,0.0833,422
,344,13,1,1,6,0.0833,422
,363,13,8,3,1,0.0833,"283,404"
,106,2,6,1,6,0.0833,422
,359,13,7,3,1,0.0833,"283,404"
,356,13,7,1,6,0.0833,422
,490,28,13,4,4,0.0769,161
,506,30,21,4,4,0.0714,161
,123,2,18,4,4,0.0714,519
,448,22,21,4,4,0.0714,202
,446,22,18,4,4,0.0714,202
,505,30,18,4,4,0.0714,161
,411,18,10,1,1,0.06665,311
,409,18,5,3,1,0.06665,320
,413,18,24,1,1,0.06665,311
,407,18,4,3,1,0.06665,310
,405,18,4,1,1,0.06665,310
,503,30,10,4,4,0.06665,212
,135,3,1,4,2,0.0625,178
,176,3,10,4,1,0.0625,178
,12,1,1,4,4,0.0625,178
,358,13,7,2,5,0.0625,559
,11,1,1,4,2,0.0625,178
,465,24,14,1,1,0.0625,142
,562,32,10,4,4,0.0625,178
,161,3,3,4,2,0.0625,178
,62,1,10,4,2,0.0625,178
,177,3,10,4,2,0.0625,178
,134,3,1,4,1,0.0625,178
,498,29,14,1,1,0.0625,230
,63,1,10,4,4,0.0625,178
,136,3,1,4,4,0.0625,178
,563,33,3,2,5,0.0625,559
,565,33,7,2,5,0.0625,559
,10,1,1,4,1,0.0625,178
,348,13,3,2,5,0.0625,559
,545,32,3,4,2,0.0625,178
,61,1,10,4,1,0.0625,178
,78,2,1,4,4,0.0625,178
,307,8,2,4,2,0.0625,516
,109,2,7,2,5,0.0625,559
,35,1,3,4,2,0.0625,178
,310,8,13,4,4,0.0625,161
,103,2,3,4,2,0.0625,178
,316,8,22,4,4,0.0625,202
,98,2,3,2,5,0.0625,559
,521,32,1,4,2,0.0625,178
,561,32,10,4,2,0.0625,178
,444,22,10,4,4,0.0625,201
,520,32,1,4,1,0.0625,178
,560,32,10,4,1,0.0625,178
,77,2,1,4,2,0.0625,178
,122,2,10,4,4,0.0625,178
,76,2,1,4,1,0.0625,178
,522,32,1,4,4,0.0625,178
,121,2,10,4,2,0.0625,178
,120,2,10,4,1,0.0625,178
,23,1,2,4,2,0.0625,178
,232,4,23,1,1,0.05884,230
,167,3,8,1,1,0.05884,"375,537"
,510,31,23,1,1,0.05884,228
,49,1,8,1,1,0.05884,"375,537"
,474,25,3,1,1,0.05884,311
,187,3,23,1,1,0.05884,228
,482,25,23,1,1,0.05884,230
,392,16,22,2,2,0.05884,485
,472,25,2,1,1,0.05884,311
,478,25,10,1,1,0.05884,311
,378,14,23,1,1,0.05884,230
,429,21,10,1,1,0.05554,228
,517,32,1,2,4,0.05264,178
,463,24,3,2,1,0.05264,410
,526,32,2,1,4,0.05264,178
,154,3,3,1,4,0.05264,178
,175,3,10,2,4,0.05264,178
,538,32,3,1,4,0.05264,178
,541,32,3,2,4,0.05264,178
,172,3,10,1,4,0.05264,178
,7,1,1,2,4,0.05264,178
,554,32,10,1,1,0.05264,178
,555,32,10,1,2,0.05264,178
,556,32,10,1,4,0.05264,178
,557,32,10,2,1,0.05264,178
,558,32,10,2,2,0.05264,178
,559,32,10,2,4,0.05264,178
,3,1,1,1,4,0.05264,178
,514,32,1,1,4,0.05264,178
,157,3,3,2,4,0.05264,178
,116,2,10,1,4,0.05264,178
,268,5,10,2,1,0.05264,179
,468,24,22,2,2,0.05264,485
,57,1,10,1,4,0.05264,178
,462,24,3,1,1,0.05264,410
,456,24,1,2,2,0.05264,412
,119,2,10,2,4,0.05264,178
,266,5,10,1,2,0.05264,179
,16,1,2,1,4,0.05264,178
,131,3,1,2,4,0.05264,178
,28,1,3,1,4,0.05264,178
,60,1,10,2,4,0.05264,178
,31,1,3,2,4,0.05264,178
,306,8,2,2,4,0.05264,516
,81,2,2,1,4,0.05264,178
,97,2,3,2,4,0.05264,178
,128,3,1,1,4,0.05264,178
,464,24,3,2,2,0.05264,412
,69,2,1,1,4,0.05264,178
,140,3,2,1,4,0.05264,178
,73,2,1,2,4,0.05264,178
,509,31,12,1,1,0.05264,228
,508,31,10,1,1,0.05264,228
,226,4,10,2,2,0.05264,179
,507,31,1,1,1,0.05264,228
,93,2,3,1,4,0.05264,178
,225,4,10,2,1,0.05264,179
,223,4,10,1,2,0.05264,179
,19,1,2,2,4,0.05264,178
,64,1,24,1,1,0.05,311
,380,14,24,1,1,0.05,361
,497,29,12,1,1,0.0476,228
,549,32,4,3,1,0.0476,310
,163,3,4,1,1,0.0476,310
,165,3,4,3,1,0.0476,310
,41,1,4,3,1,0.0476,310
,547,32,4,1,1,0.0476,310
,294,6,4,3,1,0.0476,310
,219,4,4,3,1,0.0476,310
,179,3,12,1,1,0.0476,228
,315,8,22,2,2,0.04544,485
,124,2,22,2,2,0.04544,485
,345,13,1,2,2,0.0435,417
,512,32,1,1,2,0.0435,178
,516,32,1,2,2,0.0435,178
,515,32,1,2,1,0.0435,178
,357,13,7,2,2,0.0435,557
,87,2,2,3,1,0.04166,537
,323,9,7,3,1,0.04166,283
,110,2,7,3,1,0.04166,404
,75,2,1,3,1,0.04166,537
,214,4,3,3,1,0.04166,310
,205,4,2,3,1,0.04166,310
,349,13,3,3,1,0.04166,404
,351,13,5,3,1,0.04166,283
,195,4,1,3,1,0.04166,310
,112,2,8,1,1,0.02942,537
