consensus pocket,,7nn0_A_fpocket,7nn0_D_fpocket,7nn0_A_p2rank,7nn0_D_p2rank,IoMIN,Common_residues
1,250,28,33,7,3,0.8,"44,45,46,68,70,90,91,92"
2,92,4,14,6,4,0.8,"142,146,179,180,181,000,000,000"
2,78,4,1,6,4,0.7,"142,146,179,180,181,000,000"
3,1,1,3,1,1,0.647,"285,287,288,289,375,000,000,000,000,000,000"
2,96,4,16,6,4,0.6,"146,179,180,181,230,000"
2,88,4,14,2,4,0.6,"139,142,143,146,230,000"
2,74,4,1,2,4,0.6,"139,142,143,146,230,000"
None,102,4,24,2,4,0.5,"139,142,143,146,230"
2,84,4,2,6,4,0.5,"179,180,181,408,410"
2,43,3,1,6,4,0.5,"179,180,181,230,408"
2,55,3,14,6,4,0.5,"179,180,181,230,408"
2,109,4,26,6,4,0.5,"142,179,180,408,410"
3,5,1,10,1,1,0.4707,"285,287,288,375,404,000,000,000"
3,183,10,3,1,1,0.4707,"285,287,288,289,443,000,000,000"
2,27,2,14,6,4,0.4,"179,180,408,410"
2,219,17,2,6,4,0.4,"179,180,408,410"
2,48,3,2,6,4,0.4,"179,180,181,408"
None,195,13,33,7,3,0.4,"65,90,91,92"
2,34,2,26,6,4,0.4,"179,180,408,410"
2,18,2,2,6,4,0.4,"179,180,408,410"
2,155,8,1,2,4,0.4,"139,143,230,408"
2,59,3,16,6,4,0.4,"179,180,181,230"
2,225,17,14,6,4,0.4,"179,180,408,410"
2,164,8,14,2,4,0.4,"139,143,230,408"
2,231,17,26,6,4,0.4,"179,180,408,410"
,187,10,10,1,1,0.353,"285,287,288,443,538,000"
,93,4,16,2,4,0.3,"143,146,230"
,253,30,1,6,4,0.3,"146,181,230"
,215,17,1,6,4,0.3,"179,180,408"
,227,17,16,6,4,0.3,"179,180,410"
,104,4,24,6,4,0.3,"142,146,230"
,258,30,14,6,4,0.3,"146,181,230"
,68,3,26,6,4,0.3,"179,180,408"
,127,6,1,2,4,0.3,"139,142,408"
,29,2,16,6,4,0.3,"179,180,410"
,149,6,26,6,4,0.3,"142,408,410"
,140,6,14,6,4,0.3,"142,408,410"
,137,6,14,2,4,0.3,"139,142,408"
,172,8,24,2,4,0.3,"139,143,230"
,12,2,1,6,4,0.3,"179,180,408"
,261,30,16,6,4,0.3,"146,181,230"
,3,1,6,1,1,0.2942,"285,287,288,289,442"
,4,1,6,8,1,0.25,"287,442"
,2,1,3,8,1,0.25,"287,442"
,185,10,6,1,1,0.2354,"285,287,288,289"
,230,17,26,6,2,0.2,"179,408"
,91,4,14,6,2,0.2,"179,408"
,168,8,16,2,4,0.2,"143,230"
,158,8,1,6,4,0.2,"230,408"
,224,17,14,6,2,0.2,"179,408"
,77,4,1,6,2,0.2,"179,408"
,76,4,1,4,4,0.2,"181,230"
,90,4,14,4,4,0.2,"181,230"
,117,5,2,6,4,0.2,"179,180"
,94,4,16,4,4,0.2,"181,230"
,146,6,26,2,4,0.2,"142,408"
,121,5,14,6,4,0.2,"179,180"
,143,6,24,2,4,0.2,"139,142"
,135,6,2,6,4,0.2,"408,410"
,218,17,2,6,2,0.2,"179,408"
,194,13,7,7,3,0.2,"90,91"
,130,6,1,6,4,0.2,"142,408"
,125,5,26,6,4,0.2,"179,180"
,214,17,1,6,2,0.2,"179,408"
,106,4,26,2,4,0.2,"142,408"
,108,4,26,6,2,0.2,"179,408"
,123,5,16,6,4,0.2,"179,180"
,115,5,1,6,4,0.2,"179,180"
,83,4,2,6,2,0.2,"179,408"
,167,8,14,6,4,0.2,"230,408"
,47,3,2,6,2,0.2,"179,408"
,268,30,24,6,4,0.2,"146,230"
,40,3,1,2,4,0.2,"230,408"
,41,3,1,4,4,0.2,"181,230"
,42,3,1,6,2,0.2,"179,408"
,256,30,14,2,4,0.2,"146,230"
,252,30,1,4,4,0.2,"181,230"
,26,2,14,6,2,0.2,"179,408"
,257,30,14,4,4,0.2,"181,230"
,251,30,1,2,4,0.2,"146,230"
,249,28,7,7,3,0.2,"90,91"
,52,3,14,2,4,0.2,"230,408"
,53,3,14,4,4,0.2,"181,230"
,54,3,14,6,2,0.2,"179,408"
,11,2,1,6,2,0.2,"179,408"
,57,3,16,4,4,0.2,"181,230"
,17,2,2,6,2,0.2,"179,408"
,260,30,16,4,4,0.2,"181,230"
,259,30,16,2,4,0.2,"146,230"
,33,2,26,6,2,0.2,"179,408"
,266,30,24,2,4,0.2,"146,230"
,67,3,26,6,2,0.2,"179,408"
,186,10,6,8,1,0.125,287
,6,1,10,8,1,0.125,287
,184,10,3,8,1,0.125,287
,188,10,10,8,1,0.125,287
,7,1,29,1,1,0.1177,"375,538"
,191,12,3,1,1,0.1177,"288,404"
,193,12,10,1,1,0.1177,"288,404"
,196,14,1,6,2,0.1,179
,270,31,1,6,4,0.1,146
,264,30,23,2,4,0.1,146
,197,14,1,6,4,0.1,179
,267,30,24,4,4,0.1,230
,269,31,1,2,4,0.1,146
,265,30,23,6,4,0.1,146
,237,18,1,4,4,0.1,230
,271,31,14,2,4,0.1,146
,275,31,23,2,4,0.1,146
,169,8,16,4,4,0.1,230
,170,8,16,6,4,0.1,230
,171,8,17,2,4,0.1,139
,277,31,24,2,4,0.1,146
,276,31,23,6,4,0.1,146
,173,8,24,4,4,0.1,230
,174,8,24,6,4,0.1,230
,176,8,26,2,4,0.1,408
,272,31,14,6,4,0.1,146
,177,8,26,6,2,0.1,408
,178,8,26,6,4,0.1,408
,180,8,29,2,4,0.1,408
,181,8,29,6,2,0.1,408
,182,8,29,6,4,0.1,408
,274,31,16,6,4,0.1,146
,273,31,16,2,4,0.1,146
,198,14,2,6,2,0.1,179
,204,14,16,6,2,0.1,179
,199,14,2,6,4,0.1,179
,229,17,26,2,4,0.1,408
,223,17,14,2,4,0.1,408
,246,18,24,4,4,0.1,230
,245,18,24,2,4,0.1,230
,226,17,16,6,2,0.1,179
,244,18,16,6,4,0.1,230
,166,8,14,6,2,0.1,408
,243,18,16,4,4,0.1,230
,242,18,16,2,4,0.1,230
,221,17,13,6,4,0.1,179
,241,18,14,6,4,0.1,230
,240,18,14,4,4,0.1,230
,239,18,14,2,4,0.1,230
,233,17,29,2,4,0.1,408
,238,18,1,6,4,0.1,230
,234,17,29,6,2,0.1,408
,235,17,29,6,4,0.1,408
,247,18,24,6,4,0.1,230
,220,17,13,6,2,0.1,179
,263,30,22,6,4,0.1,181
,206,14,26,6,2,0.1,179
,200,14,13,6,2,0.1,179
,262,30,22,4,4,0.1,181
,201,14,13,6,4,0.1,179
,202,14,14,6,2,0.1,179
,203,14,14,6,4,0.1,179
,236,18,1,2,4,0.1,230
,205,14,16,6,4,0.1,179
,207,14,26,6,4,0.1,179
,217,17,2,2,4,0.1,408
,208,16,1,2,4,0.1,139
,209,16,14,2,4,0.1,139
,210,16,17,2,4,0.1,139
,211,16,24,2,4,0.1,139
,255,30,2,6,4,0.1,181
,213,17,1,2,4,0.1,408
,254,30,2,4,4,0.1,181
,139,6,14,6,2,0.1,408
,278,31,24,6,4,0.1,146
,165,8,14,4,4,0.1,230
,107,4,26,3,2,0.1,409
,62,3,24,2,4,0.1,230
,63,3,24,4,4,0.1,230
,64,3,24,6,4,0.1,230
,66,3,26,2,4,0.1,408
,70,3,29,2,4,0.1,408
,71,3,29,6,2,0.1,408
,72,3,29,6,4,0.1,408
,75,4,1,3,2,0.1,409
,80,4,2,2,4,0.1,408
,81,4,2,3,2,0.1,409
,82,4,2,4,4,0.1,181
,85,4,13,6,2,0.1,179
,86,4,13,6,4,0.1,179
,95,4,16,6,2,0.1,179
,97,4,17,2,4,0.1,139
,98,4,22,4,4,0.1,181
,99,4,22,6,4,0.1,181
,100,4,23,2,4,0.1,146
,101,4,23,6,4,0.1,146
,61,3,22,6,4,0.1,181
,60,3,22,4,4,0.1,181
,58,3,16,6,2,0.1,179
,28,2,16,6,2,0.1,179
,9,2,1,2,4,0.1,408
,10,2,1,3,2,0.1,409
,15,2,2,2,4,0.1,408
,16,2,2,3,2,0.1,409
,21,2,13,6,2,0.1,179
,22,2,13,6,4,0.1,179
,24,2,14,2,4,0.1,408
,25,2,14,3,2,0.1,409
,31,2,26,2,4,0.1,408
,56,3,16,2,4,0.1,230
,32,2,26,3,2,0.1,409
,36,2,29,2,4,0.1,408
,37,2,29,6,2,0.1,408
,38,2,29,6,4,0.1,408
,45,3,2,2,4,0.1,408
,46,3,2,4,4,0.1,181
,49,3,13,6,2,0.1,179
,50,3,13,6,4,0.1,179
,103,4,24,4,4,0.1,230
,89,4,14,3,2,0.1,409
,160,8,2,2,4,0.1,408
,124,5,26,6,2,0.1,179
,142,6,17,2,4,0.1,139
,141,6,16,6,4,0.1,410
,138,6,14,3,2,0.1,409
,162,8,2,6,4,0.1,408
,148,6,26,6,2,0.1,408
,134,6,2,6,2,0.1,408
,151,6,29,2,4,0.1,408
,133,6,2,3,2,0.1,409
,132,6,2,2,4,0.1,408
,129,6,1,6,2,0.1,408
,152,6,29,6,2,0.1,408
,128,6,1,3,2,0.1,409
,147,6,26,3,2,0.1,409
,153,6,29,6,4,0.1,408
,144,6,24,6,4,0.1,142
,116,5,2,6,2,0.1,179
,122,5,16,6,2,0.1,179
,120,5,14,6,2,0.1,179
,119,5,13,6,4,0.1,179
,156,8,1,4,4,0.1,230
,157,8,1,6,2,0.1,408
,118,5,13,6,2,0.1,179
,111,4,29,2,4,0.1,408
,114,5,1,6,2,0.1,179
,161,8,2,6,2,0.1,408
,113,4,29,6,4,0.1,408
,112,4,29,6,2,0.1,408
,248,24,3,1,1,0.0714,540
,39,3,1,2,2,0.06665,408
,159,8,2,2,2,0.06665,408
,44,3,2,2,2,0.06665,408
,175,8,26,2,2,0.06665,408
,150,6,29,2,2,0.06665,408
,154,8,1,2,2,0.06665,408
,35,2,29,2,2,0.06665,408
,179,8,29,2,2,0.06665,408
,23,2,14,2,2,0.06665,408
,30,2,26,2,2,0.06665,408
,212,17,1,2,2,0.06665,408
,145,6,26,2,2,0.06665,408
,51,3,14,2,2,0.06665,408
,110,4,29,2,2,0.06665,408
,216,17,2,2,2,0.06665,408
,222,17,14,2,2,0.06665,408
,163,8,14,2,2,0.06665,408
,87,4,14,2,2,0.06665,408
,228,17,26,2,2,0.06665,408
,126,6,1,2,2,0.06665,408
,79,4,2,2,2,0.06665,408
,232,17,29,2,2,0.06665,408
,73,4,1,2,2,0.06665,408
,131,6,2,2,2,0.06665,408
,69,3,29,2,2,0.06665,408
,65,3,26,2,2,0.06665,408
,14,2,2,2,2,0.06665,408
,136,6,14,2,2,0.06665,408
,105,4,26,2,2,0.06665,408
,8,2,1,2,2,0.06665,408
,13,2,2,1,1,0.05884,404
,189,10,29,1,1,0.05884,538
,19,2,3,1,1,0.05884,404
,20,2,10,1,1,0.05884,404
,190,12,2,1,1,0.05884,404
,192,12,6,1,1,0.05884,288
,0,1,2,1,1,0.05884,404
