consensus pockets,,7nn0_C_fpocket,7nn0_D_fpocket,7nn0_C_p2rank,7nn0_D_p2rank,IoMIN,Common_residues
1,172,16,33,5,3,1,"44,45,46,48,65,68,70,90,91,92"
2,5,1,2,2,2,0.9414,"177,179,405,406,407,000,000,000,000,000,000,000,000,000,000,000"
3,77,4,3,1,1,0.8823,"285,287,288,289,312,000,000,000,000,000,000,000,000,000,000"
4,57,3,14,3,4,0.8,"139,142,143,146,179,000,000,000"
4,114,8,14,3,4,0.8,"139,142,143,146,179,000,000,000"
4,102,8,1,3,4,0.7,"139,142,143,146,179,000,000"
4,44,3,1,3,4,0.7,"139,142,143,146,179,000,000"
None,79,4,10,1,1,0.647,"285,287,288,313,374,000,000,000,000,000,000"
4,118,8,16,3,4,0.5,"143,146,179,230,410"
None,183,21,24,3,4,0.5,"139,142,143,146,230"
4,61,3,16,3,4,0.5,"143,146,179,230,410"
None,178,21,1,3,4,0.5,"139,142,143,146,230"
None,64,3,24,3,4,0.5,"139,142,143,146,230"
None,179,21,14,3,4,0.5,"139,142,143,146,230"
None,121,8,24,3,4,0.5,"139,142,143,146,230"
None,133,13,26,6,5,0.4285,"20,112,137"
None,45,3,2,2,2,0.4119,"179,406,407,408,409,000,000"
4,83,5,1,3,4,0.4,"139,143,146,230"
None,125,8,26,3,4,0.4,"142,179,408,410"
None,68,3,26,3,4,0.4,"142,179,408,410"
4,84,5,14,3,4,0.4,"139,143,146,230"
None,88,5,24,3,4,0.4,"139,143,146,230"
None,208,31,33,5,3,0.4,"44,45,46,48"
,81,4,29,1,1,0.353,"312,313,374,375,537,000"
,27,1,26,2,2,0.353,"177,179,408,409,412,000"
,89,6,3,1,1,0.353,"285,287,288,289,443,000"
,0,1,1,2,2,0.353,"177,179,407,408,409,000"
,131,9,33,5,3,0.3,"90,91,92"
,85,5,16,3,4,0.3,"143,146,230"
,106,8,2,3,4,0.3,"179,408,410"
,48,3,2,3,4,0.3,"179,408,410"
,22,1,14,3,4,0.3,"179,408,410"
,8,1,2,3,4,0.3,"179,408,410"
,180,21,16,3,4,0.3,"143,146,230"
,30,1,26,3,4,0.3,"179,408,410"
,41,3,1,2,2,0.2942,"179,407,408,409,417"
,19,1,14,2,2,0.2942,"177,179,407,408,409"
,32,1,29,2,2,0.2942,"405,406,407,408,534"
,140,15,2,2,2,0.2942,"177,179,405,408,534"
,144,15,3,1,1,0.2942,"312,313,375,537,538"
,166,15,29,1,1,0.2942,"312,313,375,537,538"
,147,15,10,1,1,0.2354,"313,375,537,538"
,90,6,6,1,1,0.2354,"285,287,288,289"
,78,4,6,1,1,0.2354,"285,287,288,289"
,54,3,14,2,2,0.2354,"179,407,408,409"
,65,3,26,2,2,0.2354,"179,408,409,412"
,91,6,10,1,1,0.2354,"285,287,288,443"
,197,25,14,3,4,0.2,"142,410"
,66,3,26,2,4,0.2,"179,408"
,130,9,7,5,3,0.2,"90,91"
,42,3,1,2,4,0.2,"179,408"
,123,8,26,2,4,0.2,"179,408"
,163,15,26,2,4,0.2,"179,408"
,2,1,1,3,2,0.2,"179,407,408"
,104,8,2,2,4,0.2,"179,408"
,3,1,1,3,4,0.2,"179,408"
,112,8,14,2,4,0.2,"179,408"
,21,1,14,3,2,0.2,"179,407,408"
,165,15,26,3,4,0.2,"179,408"
,7,1,2,3,2,0.2,"179,407,408"
,1,1,1,2,4,0.2,"179,408"
,6,1,2,2,4,0.2,"179,408"
,201,25,26,3,4,0.2,"142,410"
,20,1,14,2,4,0.2,"179,408"
,157,15,14,3,4,0.2,"179,408"
,56,3,14,3,2,0.2,"179,407,408"
,43,3,1,3,2,0.2,"179,407,408"
,46,3,2,2,4,0.2,"179,408"
,47,3,2,3,2,0.2,"179,407,408"
,143,15,2,3,4,0.2,"179,408"
,141,15,2,2,4,0.2,"179,408"
,155,15,14,2,4,0.2,"179,408"
,55,3,14,2,4,0.2,"179,408"
,138,15,1,3,4,0.2,"179,408"
,100,8,1,2,4,0.2,"179,408"
,136,15,1,2,4,0.2,"179,408"
,171,16,7,5,3,0.2,"90,91"
,28,1,26,2,4,0.2,"179,408"
,26,1,16,3,4,0.2,"179,410"
,150,15,13,2,2,0.1818,"177,179"
,15,1,13,2,2,0.1818,"177,179"
,111,8,14,2,2,0.1765,"179,408,409"
,162,15,26,2,2,0.1765,"177,179,408"
,154,15,14,2,2,0.1765,"177,179,408"
,99,8,1,2,2,0.1765,"179,408,409"
,135,15,1,2,2,0.1765,"177,179,408"
,122,8,26,2,2,0.1765,"179,408,409"
,167,15,29,2,2,0.1765,"405,408,534"
,103,8,2,2,2,0.1765,"179,408,409"
,76,4,2,2,2,0.1765,"405,406,559"
,70,3,29,2,2,0.1765,"406,407,408"
,132,13,24,6,5,0.1428,20
,202,25,26,6,5,0.1428,112
,203,28,26,6,5,0.1428,112
,184,21,24,6,5,0.1428,20
,186,21,26,6,5,0.1428,20
,209,34,26,6,5,0.1428,137
,105,8,2,3,2,0.1333,"179,408"
,113,8,14,3,2,0.1333,"179,408"
,156,15,14,3,2,0.1333,"179,408"
,137,15,1,3,2,0.1333,"179,408"
,34,1,29,3,2,0.1333,"407,408"
,164,15,26,3,2,0.1333,"179,408"
,29,1,26,3,2,0.1333,"179,408"
,67,3,26,3,2,0.1333,"179,408"
,124,8,26,3,2,0.1333,"179,408"
,72,3,29,3,2,0.1333,"407,408"
,142,15,2,3,2,0.1333,"179,408"
,101,8,1,3,2,0.1333,"179,408"
,12,1,10,1,1,0.1177,"404,537"
,75,4,2,1,1,0.1177,"404,537"
,9,1,3,1,1,0.1177,"404,537"
,134,15,1,1,1,0.1177,"312,313"
,74,4,1,1,1,0.1177,"312,313"
,188,22,2,2,2,0.1177,"557,559"
,82,4,29,2,2,0.1177,"405,406"
,4,1,2,1,1,0.1177,"404,537"
,159,15,16,2,4,0.1,179
,161,15,16,3,4,0.1,179
,35,1,29,3,4,0.1,408
,207,29,24,3,4,0.1,230
,24,1,16,2,4,0.1,179
,206,29,16,3,4,0.1,230
,33,1,29,2,4,0.1,408
,205,29,14,3,4,0.1,230
,168,15,29,2,4,0.1,408
,204,29,1,3,4,0.1,230
,170,15,29,3,4,0.1,408
,175,19,16,3,4,0.1,146
,173,19,1,3,4,0.1,146
,174,19,14,3,4,0.1,146
,196,25,2,3,4,0.1,410
,176,19,23,3,4,0.1,146
,199,25,24,3,4,0.1,142
,177,19,24,3,4,0.1,146
,151,15,13,2,4,0.1,179
,181,21,17,3,4,0.1,139
,182,21,23,3,4,0.1,146
,16,1,13,2,4,0.1,179
,185,21,26,3,4,0.1,142
,198,25,16,3,4,0.1,410
,194,25,1,3,4,0.1,142
,18,1,13,3,4,0.1,179
,153,15,13,3,4,0.1,179
,73,3,29,3,4,0.1,408
,71,3,29,2,4,0.1,408
,63,3,23,3,4,0.1,146
,62,3,17,3,4,0.1,139
,127,8,29,2,4,0.1,408
,59,3,16,2,4,0.1,179
,108,8,13,2,4,0.1,179
,53,3,13,3,4,0.1,179
,86,5,17,3,4,0.1,139
,51,3,13,2,4,0.1,179
,110,8,13,3,4,0.1,179
,120,8,23,3,4,0.1,146
,87,5,23,3,4,0.1,146
,119,8,17,3,4,0.1,139
,116,8,16,2,4,0.1,179
,129,8,29,3,4,0.1,408
,152,15,13,3,2,0.0909,179
,52,3,13,3,2,0.0909,179
,107,8,13,2,2,0.0909,179
,50,3,13,2,2,0.0909,179
,17,1,13,3,2,0.0909,179
,109,8,13,3,2,0.0909,179
,96,7,13,2,2,0.0909,177
,25,1,16,3,2,0.06665,179
,195,25,2,2,2,0.06665,412
,117,8,16,3,2,0.06665,179
,128,8,29,3,2,0.06665,408
,60,3,16,3,2,0.06665,179
,169,15,29,3,2,0.06665,408
,160,15,16,3,2,0.06665,179
,200,25,26,2,2,0.06665,412
,80,4,10,2,2,0.05884,405
,11,1,9,2,2,0.05884,177
,193,24,10,1,1,0.05884,287
,192,24,6,1,1,0.05884,287
,10,1,5,2,2,0.05884,177
,92,7,1,2,2,0.05884,177
,93,7,2,2,2,0.05884,177
,94,7,5,2,2,0.05884,177
,95,7,9,2,2,0.05884,177
,191,24,3,1,1,0.05884,287
,190,22,10,1,1,0.05884,404
,189,22,3,1,1,0.05884,404
,49,3,3,1,1,0.05884,312
,187,22,2,1,1,0.05884,404
,13,1,10,2,2,0.05884,405
,146,15,9,2,2,0.05884,177
,40,3,1,1,1,0.05884,312
,148,15,10,2,2,0.05884,405
,149,15,11,2,2,0.05884,534
,39,2,29,1,1,0.05884,537
,98,7,26,2,2,0.05884,177
,38,2,10,1,1,0.05884,537
,37,2,3,1,1,0.05884,537
,36,2,2,1,1,0.05884,537
,158,15,16,2,2,0.05884,179
,139,15,2,1,1,0.05884,537
,58,3,16,2,2,0.05884,179
,31,1,29,1,1,0.05884,537
,126,8,29,2,2,0.05884,408
,69,3,29,1,1,0.05884,312
,145,15,5,2,2,0.05884,177
,23,1,16,2,2,0.05884,179
,14,1,11,2,2,0.05884,534
,115,8,16,2,2,0.05884,179
,97,7,14,2,2,0.05884,177
