consensus pocket,,7nn0_A_fpocket,7nn0_C_fpocket,7nn0_A_p2rank,7nn0_C_p2rank,IoMIN,Common_residues
1,258,25,34,5,4,0.909,"4,6,22,23,24,129,133,136,234,235"
2,265,28,16,7,5,0.8,"44,45,46,68,70,90,91,92"
3,1,1,4,1,1,0.7646,"284,285,287,288,289,000,000,000,000,000,000,000,000"
4,73,4,3,6,3,0.6,"142,146,179,230,408,000"
4,82,4,8,6,3,0.6,"142,146,179,230,408,000"
4,147,8,3,2,3,0.6,"139,143,230,309,361,000,000,000,000"
3,176,10,4,1,1,0.5884,"285,287,288,289,290,000,000,000,000,000"
4,69,4,3,2,3,0.533,"139,142,143,146,230,000,000,000"
4,115,6,3,2,3,0.533,"139,142,309,361,380,000,000,000"
4,153,8,5,2,3,0.533,"139,143,230,309,361,000,000,000"
3,3,1,6,1,1,0.5293,"284,285,287,288,289,000,000,000,000"
3,178,10,6,1,1,0.4707,"285,287,288,289,290,000,000,000"
4,78,4,8,2,3,0.4,"139,142,143,146,230,000"
None,193,13,16,7,5,0.4,"65,90,91,92"
4,122,6,5,2,3,0.4,"139,309,361,380,382,000"
4,74,4,5,2,3,0.4,"139,143,146,230,309,000"
,4,1,6,8,1,0.375,"286,287,290"
,2,1,4,8,1,0.375,"286,287,290"
,8,1,24,8,1,0.375,"286,287,290"
,255,25,13,5,4,0.3635,"22,23,133,136"
,89,4,21,2,3,0.3333,"139,142,143,146,230"
,264,28,9,7,5,0.3,"90,91,92"
,67,4,1,6,3,0.3,"179,408,410"
,42,3,3,6,3,0.3,"179,230,408"
,91,4,21,6,3,0.3,"142,146,230"
,218,17,1,6,3,0.3,"179,408,410"
,226,17,8,6,3,0.3,"179,408,410"
,266,28,31,7,5,0.3,"44,45,46"
,51,3,8,6,3,0.3,"179,230,408"
,222,17,3,6,3,0.3,"179,408,410"
,192,13,9,7,5,0.3,"90,91,92"
,121,6,3,6,3,0.3,"142,408,410"
,25,2,8,6,3,0.3,"179,408,410"
,14,2,1,6,3,0.3,"179,408,410"
,19,2,3,6,3,0.3,"179,408,410"
,130,6,8,6,3,0.3,"142,408,410"
,254,25,5,5,4,0.2727,"136,234,235"
,141,6,34,5,4,0.2727,"133,136,235"
,119,6,3,5,4,0.2727,"133,136,235"
,253,25,3,5,4,0.2727,"133,136,235"
,250,21,34,5,4,0.2727,"22,23,133"
,248,21,13,5,4,0.2727,"22,23,133"
,159,8,8,2,3,0.2666,"139,143,230,408"
,39,3,3,2,3,0.2666,"230,309,361,408"
,179,10,6,8,1,0.25,"287,290"
,177,10,4,8,1,0.25,"287,290"
,184,10,24,8,1,0.25,"287,290"
,167,8,21,2,3,0.2,"139,143,230"
,152,8,3,6,3,0.2,"230,408"
,154,8,5,3,3,0.2,"380,382"
,148,8,3,3,3,0.2,"380,382"
,72,4,3,6,2,0.2,"179,408"
,229,17,15,6,2,0.2,"179,408"
,162,8,8,6,3,0.2,"230,408"
,76,4,5,6,3,0.2,"146,230"
,117,6,3,3,3,0.2,"380,382"
,140,6,25,6,3,0.2,"142,410"
,81,4,8,6,2,0.2,"179,408"
,221,17,3,6,2,0.2,"179,408"
,85,4,15,6,2,0.2,"179,408"
,86,4,15,6,3,0.2,"179,408"
,217,17,1,6,2,0.2,"179,408"
,127,6,8,2,3,0.2,"139,142,408"
,93,4,25,6,3,0.2,"142,410"
,113,6,1,6,3,0.2,"408,410"
,123,6,5,3,3,0.2,"380,382"
,230,17,15,6,3,0.2,"179,408"
,225,17,8,6,2,0.2,"179,408"
,66,4,1,6,2,0.2,"179,408"
,43,3,5,2,3,0.2,"230,309,361"
,13,2,1,6,2,0.2,"179,408"
,280,30,21,6,3,0.2,"146,230"
,18,2,3,6,2,0.2,"179,408"
,275,30,8,6,3,0.2,"146,230"
,272,30,5,6,3,0.2,"146,230"
,24,2,8,6,2,0.2,"179,408"
,269,30,3,6,3,0.2,"146,230"
,28,2,15,6,2,0.2,"179,408"
,29,2,15,6,3,0.2,"179,408"
,35,3,1,6,2,0.2,"179,408"
,41,3,3,6,2,0.2,"179,408"
,36,3,1,6,3,0.2,"179,408"
,56,3,15,6,3,0.2,"179,408"
,50,3,8,6,2,0.2,"179,408"
,55,3,15,6,2,0.2,"179,408"
,131,6,13,5,4,0.1818,"133,136"
,214,16,34,5,4,0.1818,"234,235"
,211,16,5,5,4,0.1818,"234,235"
,125,6,5,5,4,0.1818,"136,235"
,186,12,4,1,1,0.1765,"284,288,404"
,260,26,1,4,7,0.1666,178
,106,5,15,4,7,0.1666,178
,180,10,7,4,7,0.1666,178
,197,14,2,4,7,0.1666,178
,182,10,15,4,7,0.1666,178
,263,26,15,4,7,0.1666,178
,194,14,1,4,7,0.1666,178
,54,3,15,4,7,0.1666,178
,34,3,1,4,7,0.1666,178
,46,3,7,4,7,0.1666,178
,75,4,5,4,3,0.1666,"230,361"
,200,14,7,4,7,0.1666,178
,103,5,7,4,7,0.1666,178
,71,4,3,4,3,0.1666,"230,361"
,203,14,15,4,7,0.1666,178
,100,5,2,4,7,0.1666,178
,261,26,2,4,7,0.1666,178
,175,10,2,4,7,0.1666,178
,174,10,1,4,7,0.1666,178
,97,5,1,4,7,0.1666,178
,149,8,3,4,3,0.1666,"230,361"
,44,3,5,4,3,0.1666,"230,361"
,37,3,2,4,7,0.1666,178
,155,8,5,4,3,0.1666,"230,361"
,262,26,7,4,7,0.1666,178
,40,3,3,4,3,0.1666,"230,361"
,48,3,8,2,3,0.1333,"230,408"
,270,30,5,2,3,0.1333,"146,230"
,267,30,3,2,3,0.1333,"146,230"
,209,16,5,2,3,0.1333,"139,382"
,278,30,21,2,3,0.1333,"146,230"
,273,30,8,2,3,0.1333,"146,230"
,206,16,3,2,3,0.1333,"139,382"
,136,6,21,2,3,0.1333,"139,142"
,187,12,4,8,1,0.125,286
,189,12,6,8,1,0.125,286
,191,12,24,8,1,0.125,286
,188,12,6,1,1,0.1177,"284,288"
,5,1,15,1,1,0.1177,"375,538"
,183,10,24,1,1,0.1177,"287,290"
,7,1,24,1,1,0.1177,"287,290"
,207,16,3,3,3,0.1,382
,169,8,21,6,3,0.1,230
,283,30,29,6,3,0.1,230
,285,31,3,6,3,0.1,146
,287,31,5,6,3,0.1,146
,289,31,8,6,3,0.1,146
,166,8,15,6,3,0.1,408
,165,8,15,6,2,0.1,408
,205,14,15,6,3,0.1,179
,291,31,19,6,3,0.1,146
,210,16,5,3,3,0.1,382
,172,8,29,6,3,0.1,230
,204,14,15,6,2,0.1,179
,246,18,29,6,3,0.1,230
,234,18,3,6,3,0.1,230
,202,14,8,6,3,0.1,179
,201,14,8,6,2,0.1,179
,277,30,19,6,3,0.1,146
,237,18,5,6,3,0.1,230
,199,14,3,6,3,0.1,179
,240,18,8,6,3,0.1,230
,198,14,3,6,2,0.1,179
,196,14,1,6,3,0.1,179
,195,14,1,6,2,0.1,179
,231,17,25,6,3,0.1,410
,243,18,21,6,3,0.1,230
,161,8,8,6,2,0.1,408
,293,31,21,6,3,0.1,146
,101,5,3,6,2,0.1,179
,59,3,21,6,3,0.1,230
,134,6,15,6,2,0.1,408
,12,2,1,3,2,0.1,409
,96,4,29,6,3,0.1,230
,98,5,1,6,2,0.1,179
,129,6,8,6,2,0.1,408
,99,5,1,6,3,0.1,179
,128,6,8,3,2,0.1,409
,102,5,3,6,3,0.1,179
,108,5,15,6,3,0.1,179
,120,6,3,6,2,0.1,408
,104,5,8,6,2,0.1,179
,105,5,8,6,3,0.1,179
,116,6,3,3,2,0.1,409
,17,2,3,3,2,0.1,409
,112,6,1,6,2,0.1,408
,111,6,1,3,2,0.1,409
,135,6,15,6,3,0.1,408
,107,5,15,6,2,0.1,179
,138,6,21,6,3,0.1,142
,145,8,1,6,3,0.1,408
,157,8,5,6,3,0.1,230
,62,3,29,6,3,0.1,230
,151,8,3,6,2,0.1,408
,65,4,1,3,2,0.1,409
,23,2,8,3,2,0.1,409
,70,4,3,3,2,0.1,409
,79,4,8,3,2,0.1,409
,144,8,1,6,2,0.1,408
,45,3,5,6,3,0.1,230
,31,2,25,6,3,0.1,410
,88,4,19,6,3,0.1,146
,259,25,35,5,4,0.0909,129
,257,25,31,5,4,0.0909,22
,256,25,21,5,4,0.0909,136
,249,21,31,5,4,0.0909,22
,208,16,3,5,4,0.0909,235
,247,21,3,5,4,0.0909,133
,173,8,34,5,4,0.0909,235
,156,8,5,5,4,0.0909,235
,150,8,3,5,4,0.0909,235
,137,6,21,5,4,0.0909,136
,233,18,3,4,3,0.0833,230
,171,8,29,4,3,0.0833,230
,160,8,8,4,3,0.0833,230
,49,3,8,4,3,0.0833,230
,168,8,21,4,3,0.0833,230
,236,18,5,4,3,0.0833,230
,268,30,3,4,3,0.0833,230
,239,18,8,4,3,0.0833,230
,242,18,21,4,3,0.0833,230
,61,3,29,4,3,0.0833,230
,58,3,21,4,3,0.0833,230
,245,18,29,4,3,0.0833,230
,80,4,8,4,3,0.0833,230
,274,30,8,4,3,0.0833,230
,90,4,21,4,3,0.0833,230
,118,6,3,4,3,0.0833,361
,124,6,5,4,3,0.0833,361
,279,30,21,4,3,0.0833,230
,282,30,29,4,3,0.0833,230
,95,4,29,4,3,0.0833,230
,271,30,5,4,3,0.0833,230
,251,24,4,1,1,0.0714,540
,252,24,6,1,1,0.0714,540
,26,2,15,2,2,0.06665,408
,53,3,15,2,3,0.06665,408
,57,3,21,2,3,0.06665,230
,292,31,21,2,3,0.06665,146
,281,30,29,2,3,0.06665,230
,15,2,3,2,2,0.06665,408
,16,2,3,2,3,0.06665,408
,52,3,15,2,2,0.06665,408
,290,31,19,2,3,0.06665,146
,27,2,15,2,3,0.06665,408
,21,2,8,2,2,0.06665,408
,288,31,8,2,3,0.06665,146
,22,2,8,2,3,0.06665,408
,10,2,1,2,2,0.06665,408
,284,31,3,2,3,0.06665,146
,47,3,8,2,2,0.06665,408
,276,30,19,2,3,0.06665,146
,11,2,1,2,3,0.06665,408
,38,3,3,2,2,0.06665,408
,33,3,1,2,3,0.06665,408
,32,3,1,2,2,0.06665,408
,286,31,5,2,3,0.06665,146
,158,8,8,2,2,0.06665,408
,77,4,8,2,2,0.06665,408
,60,3,29,2,3,0.06665,230
,132,6,15,2,2,0.06665,408
,244,18,29,2,3,0.06665,230
,92,4,25,2,3,0.06665,142
,94,4,29,2,3,0.06665,230
,109,6,1,2,2,0.06665,408
,110,6,1,2,3,0.06665,408
,114,6,3,2,2,0.06665,408
,126,6,8,2,2,0.06665,408
,133,6,15,2,3,0.06665,408
,215,17,1,2,2,0.06665,408
,139,6,25,2,3,0.06665,142
,142,8,1,2,2,0.06665,408
,143,8,1,2,3,0.06665,408
,170,8,29,2,3,0.06665,230
,146,8,3,2,2,0.06665,408
,164,8,15,2,3,0.06665,408
,163,8,15,2,2,0.06665,408
,213,16,21,2,3,0.06665,139
,212,16,8,2,3,0.06665,139
,216,17,1,2,3,0.06665,408
,87,4,19,2,3,0.06665,146
,241,18,21,2,3,0.06665,230
,238,18,8,2,3,0.06665,230
,63,4,1,2,2,0.06665,408
,235,18,5,2,3,0.06665,230
,64,4,1,2,3,0.06665,408
,232,18,3,2,3,0.06665,230
,68,4,3,2,2,0.06665,408
,228,17,15,2,3,0.06665,408
,227,17,15,2,2,0.06665,408
,224,17,8,2,3,0.06665,408
,223,17,8,2,2,0.06665,408
,83,4,15,2,2,0.06665,408
,220,17,3,2,3,0.06665,408
,219,17,3,2,2,0.06665,408
,84,4,15,2,3,0.06665,408
,185,12,1,1,1,0.05884,404
,190,12,22,1,1,0.05884,404
,181,10,15,1,1,0.05884,538
,20,2,4,1,1,0.05884,404
,9,2,1,1,1,0.05884,404
,6,1,22,1,1,0.05884,404
,30,2,22,1,1,0.05884,404
,0,1,1,1,1,0.05884,404
